date,sku,campaign_type,impressions,clicks,spend,ad_orders,ad_sales
2025-01-01,SKU-1001,Sponsored Brands,1054,3,1.44,0,0.0
2025-01-01,SKU-1002,Sponsored Products,1148,6,4.98,0,0.0
2025-01-01,SKU-1003,Sponsored Products,1273,6,6.06,0,0.0
2025-01-01,SKU-1004,Sponsored Products,1104,3,4.05,0,0.0
2025-01-01,SKU-1005,Sponsored Products,1068,4,4.96,0,0.0
2025-01-01,SKU-1006,Sponsored Products,1162,8,5.04,0,0.0
2025-01-01,SKU-1007,Sponsored Products,731,2,1.72,0,0.0
2025-01-01,SKU-1008,Sponsored Products,1597,11,11.88,0,0.0
2025-01-01,SKU-1009,Sponsored Brands,1363,5,4.95,0,0.0
2025-01-01,SKU-1010,Sponsored Products,803,3,2.22,0,0.0
2025-01-02,SKU-1001,Sponsored Display,1115,5,3.9,0,0.0
2025-01-02,SKU-1002,Sponsored Brands,1988,13,8.19,1,19.13
2025-01-02,SKU-1003,Sponsored Display,1466,5,6.5,0,0.0
2025-01-02,SKU-1004,Sponsored Products,836,2,1.84,0,0.0
2025-01-02,SKU-1005,Sponsored Brands,2301,7,4.62,0,0.0
2025-01-02,SKU-1007,Sponsored Products,1069,5,6.4,0,0.0
2025-01-02,SKU-1008,Sponsored Brands,754,2,1.66,0,0.0
2025-01-02,SKU-1009,Sponsored Brands,765,2,1.86,0,0.0
2025-01-03,SKU-1001,Sponsored Products,1796,5,6.4,0,0.0
2025-01-03,SKU-1002,Sponsored Brands,1136,6,3.12,0,0.0
2025-01-03,SKU-1003,Sponsored Products,410,2,2.56,0,0.0
2025-01-03,SKU-1004,Sponsored Products,311,1,1.21,0,0.0
2025-01-03,SKU-1005,Sponsored Products,531,2,2.1,0,0.0
2025-01-03,SKU-1006,Sponsored Products,890,3,3.78,0,0.0
2025-01-03,SKU-1007,Sponsored Display,1323,5,1.85,0,0.0
2025-01-03,SKU-1008,Sponsored Display,997,5,6.4,0,0.0
2025-01-03,SKU-1009,Sponsored Products,800,4,5.36,0,0.0
2025-01-03,SKU-1010,Sponsored Products,1170,2,1.84,0,0.0
2025-01-04,SKU-1001,Sponsored Products,1467,7,5.46,0,0.0
2025-01-04,SKU-1002,Sponsored Products,584,1,1.01,0,0.0
2025-01-04,SKU-1003,Sponsored Products,2074,6,5.76,0,0.0
2025-01-04,SKU-1004,Sponsored Products,697,3,1.74,0,0.0
2025-01-04,SKU-1005,Sponsored Products,358,0,0.0,0,0.0
2025-01-04,SKU-1006,Sponsored Products,1608,4,3.04,0,0.0
2025-01-04,SKU-1007,Sponsored Display,349,1,1.33,0,0.0
2025-01-04,SKU-1008,Sponsored Products,1012,3,2.22,0,0.0
2025-01-04,SKU-1009,Sponsored Brands,525,2,0.76,0,0.0
2025-01-04,SKU-1010,Sponsored Products,1037,4,4.04,0,0.0
2025-01-05,SKU-1001,Sponsored Products,900,5,2.9,0,0.0
2025-01-05,SKU-1002,Sponsored Products,824,2,1.6,0,0.0
2025-01-05,SKU-1003,Sponsored Products,1602,11,10.45,0,0.0
2025-01-05,SKU-1004,Sponsored Products,1056,3,3.06,0,0.0
2025-01-05,SKU-1005,Sponsored Products,1067,7,6.3,0,0.0
2025-01-05,SKU-1006,Sponsored Products,1704,10,6.5,1,13.6
2025-01-05,SKU-1007,Sponsored Display,438,2,1.1,0,0.0
2025-01-05,SKU-1008,Sponsored Display,1052,3,3.99,0,0.0
2025-01-05,SKU-1009,Sponsored Products,1629,6,6.36,0,0.0
2025-01-05,SKU-1010,Sponsored Products,1348,3,1.86,0,0.0
2025-01-06,SKU-1001,Sponsored Products,1117,4,4.52,0,0.0
2025-01-06,SKU-1002,Sponsored Products,694,2,2.08,0,0.0
2025-01-06,SKU-1003,Sponsored Products,1944,10,5.9,1,29.65
2025-01-06,SKU-1004,Sponsored Display,2004,3,1.08,0,0.0
2025-01-06,SKU-1006,Sponsored Products,792,2,1.04,0,0.0
2025-01-06,SKU-1007,Sponsored Display,803,2,2.66,0,0.0
2025-01-06,SKU-1008,Sponsored Products,1826,2,1.2,0,0.0
2025-01-06,SKU-1009,Sponsored Brands,1542,7,2.66,0,0.0
2025-01-06,SKU-1010,Sponsored Products,1078,2,2.48,0,0.0
2025-01-07,SKU-1001,Sponsored Products,360,0,0.0,0,0.0
2025-01-07,SKU-1002,Sponsored Brands,565,1,0.42,0,0.0
2025-01-07,SKU-1004,Sponsored Brands,1418,6,2.28,0,0.0
2025-01-07,SKU-1005,Sponsored Products,560,1,1.06,0,0.0
2025-01-07,SKU-1006,Sponsored Brands,884,3,3.3,0,0.0
2025-01-07,SKU-1007,Sponsored Products,1070,5,4.65,0,0.0
2025-01-07,SKU-1008,Sponsored Products,532,2,2.62,0,0.0
2025-01-07,SKU-1009,Sponsored Products,2231,4,2.6,0,0.0
2025-01-07,SKU-1010,Sponsored Products,842,3,2.88,0,0.0
2025-01-08,SKU-1001,Sponsored Brands,1992,10,3.6,1,25.92
2025-01-08,SKU-1002,Sponsored Products,1423,11,9.9,1,17.86
2025-01-08,SKU-1003,Sponsored Products,2374,7,5.04,0,0.0
2025-01-08,SKU-1004,Sponsored Brands,556,1,1.25,0,0.0
2025-01-08,SKU-1005,Sponsored Products,1257,5,1.8,0,0.0
2025-01-08,SKU-1006,Sponsored Products,1766,5,5.95,0,0.0
2025-01-08,SKU-1007,Sponsored Products,614,2,2.24,0,0.0
2025-01-08,SKU-1008,Sponsored Products,1926,9,9.99,1,21.09
2025-01-08,SKU-1009,Sponsored Products,749,3,2.28,0,0.0
2025-01-08,SKU-1010,Sponsored Products,1150,5,4.45,0,0.0
2025-01-09,SKU-1001,Sponsored Products,1348,7,8.96,1,24.21
2025-01-09,SKU-1002,Sponsored Products,836,1,0.36,0,0.0
2025-01-09,SKU-1003,Sponsored Display,817,5,6.1,0,0.0
2025-01-09,SKU-1004,Sponsored Products,1309,5,5.15,0,0.0
2025-01-09,SKU-1005,Sponsored Products,995,1,1.23,0,0.0
2025-01-09,SKU-1006,Sponsored Products,1243,8,8.56,0,0.0
2025-01-09,SKU-1007,Sponsored Products,1450,6,2.82,0,0.0
2025-01-09,SKU-1008,Sponsored Display,1323,5,6.75,0,0.0
2025-01-09,SKU-1009,Sponsored Products,768,3,3.57,0,0.0
2025-01-09,SKU-1010,Sponsored Display,680,2,1.66,0,0.0
2025-01-10,SKU-1001,Sponsored Products,786,2,1.18,0,0.0
2025-01-10,SKU-1002,Sponsored Products,2340,5,2.85,0,0.0
2025-01-10,SKU-1003,Sponsored Products,647,3,3.78,0,0.0
2025-01-10,SKU-1004,Sponsored Products,1091,4,2.56,0,0.0
2025-01-10,SKU-1005,Sponsored Products,894,5,4.9,0,0.0
2025-01-10,SKU-1007,Sponsored Products,1120,3,3.33,0,0.0
2025-01-10,SKU-1008,Sponsored Products,1098,3,2.76,0,0.0
2025-01-10,SKU-1009,Sponsored Products,1483,9,8.01,0,0.0
2025-01-10,SKU-1010,Sponsored Products,1318,6,7.8,0,0.0
2025-01-11,SKU-1002,Sponsored Products,859,0,0.0,0,0.0
2025-01-11,SKU-1003,Sponsored Products,1229,3,2.16,0,0.0
2025-01-11,SKU-1004,Sponsored Products,556,3,3.39,0,0.0
2025-01-11,SKU-1005,Sponsored Display,889,4,2.56,0,0.0
2025-01-11,SKU-1006,Sponsored Products,1053,4,3.2,0,0.0
2025-01-11,SKU-1007,Sponsored Products,1170,7,8.26,0,0.0
2025-01-11,SKU-1008,Sponsored Products,595,1,0.97,0,0.0
2025-01-11,SKU-1009,Sponsored Products,2026,10,3.6,0,0.0
2025-01-11,SKU-1010,Sponsored Products,1685,6,5.28,0,0.0
2025-01-12,SKU-1001,Sponsored Products,830,1,1.22,0,0.0
2025-01-12,SKU-1002,Sponsored Products,630,2,2.0,0,0.0
2025-01-12,SKU-1003,Sponsored Products,2140,6,7.44,0,0.0
2025-01-12,SKU-1004,Sponsored Products,873,3,1.08,0,0.0
2025-01-12,SKU-1005,Sponsored Brands,684,2,2.12,0,0.0
2025-01-12,SKU-1006,Sponsored Products,1520,7,3.85,0,0.0
2025-01-12,SKU-1007,Sponsored Display,452,2,1.08,0,0.0
2025-01-12,SKU-1008,Sponsored Products,1191,4,3.24,0,0.0
2025-01-12,SKU-1009,Sponsored Products,1337,6,2.94,0,0.0
2025-01-12,SKU-1010,Sponsored Products,1800,5,2.5,0,0.0
2025-01-13,SKU-1001,Sponsored Brands,465,1,0.93,0,0.0
2025-01-13,SKU-1002,Sponsored Products,373,1,0.58,0,0.0
2025-01-13,SKU-1003,Sponsored Products,928,2,2.06,0,0.0
2025-01-13,SKU-1004,Sponsored Products,2016,7,6.65,0,0.0
2025-01-13,SKU-1005,Sponsored Products,1282,4,3.76,0,0.0
2025-01-13,SKU-1006,Sponsored Products,1056,4,3.24,0,0.0
2025-01-13,SKU-1007,Sponsored Brands,1298,7,6.51,0,0.0
2025-01-13,SKU-1008,Sponsored Products,755,1,0.4,0,0.0
2025-01-13,SKU-1009,Sponsored Brands,993,3,2.19,0,0.0
2025-01-13,SKU-1010,Sponsored Products,1178,6,4.98,0,0.0
2025-01-14,SKU-1001,Sponsored Products,1158,1,1.21,0,0.0
2025-01-14,SKU-1002,Sponsored Products,1087,5,6.5,0,0.0
2025-01-14,SKU-1003,Sponsored Products,831,2,1.7,0,0.0
2025-01-14,SKU-1004,Sponsored Products,817,3,3.51,0,0.0
2025-01-14,SKU-1005,Sponsored Products,1365,7,5.32,1,31.29
2025-01-14,SKU-1006,Sponsored Products,1996,6,3.06,0,0.0
2025-01-14,SKU-1007,Sponsored Products,687,4,2.28,0,0.0
2025-01-14,SKU-1008,Sponsored Products,984,5,5.05,0,0.0
2025-01-14,SKU-1009,Sponsored Products,1295,5,3.55,0,0.0
2025-01-14,SKU-1010,Sponsored Products,1592,7,4.69,0,0.0
2025-01-15,SKU-1001,Sponsored Products,712,2,1.78,0,0.0
2025-01-15,SKU-1002,Sponsored Brands,928,3,1.65,0,0.0
2025-01-15,SKU-1003,Sponsored Products,656,3,2.82,0,0.0
2025-01-15,SKU-1004,Sponsored Products,956,4,4.68,0,0.0
2025-01-15,SKU-1005,Sponsored Products,508,1,1.01,0,0.0
2025-01-15,SKU-1006,Sponsored Products,1655,5,4.3,0,0.0
2025-01-15,SKU-1007,Sponsored Products,772,2,2.14,0,0.0
2025-01-15,SKU-1008,Sponsored Brands,524,2,2.32,0,0.0
2025-01-15,SKU-1009,Sponsored Display,1019,3,3.18,0,0.0
2025-01-15,SKU-1010,Sponsored Products,1133,4,1.76,0,0.0
2025-01-16,SKU-1002,Sponsored Products,1259,4,3.72,0,0.0
2025-01-16,SKU-1003,Sponsored Products,1339,6,4.98,0,0.0
2025-01-16,SKU-1004,Sponsored Products,1003,2,2.14,0,0.0
2025-01-16,SKU-1005,Sponsored Brands,1953,5,6.35,0,0.0
2025-01-16,SKU-1006,Sponsored Products,1159,4,2.56,0,0.0
2025-01-16,SKU-1007,Sponsored Products,656,1,0.7,0,0.0
2025-01-16,SKU-1009,Sponsored Products,677,2,2.62,0,0.0
2025-01-16,SKU-1010,Sponsored Brands,782,2,1.68,0,0.0
2025-01-17,SKU-1001,Sponsored Products,1065,4,2.68,0,0.0
2025-01-17,SKU-1002,Sponsored Products,1918,10,6.3,1,18.4
2025-01-17,SKU-1003,Sponsored Brands,1685,7,7.21,0,0.0
2025-01-17,SKU-1004,Sponsored Brands,1080,6,2.52,0,0.0
2025-01-17,SKU-1005,Sponsored Brands,895,2,1.16,0,0.0
2025-01-17,SKU-1006,Sponsored Display,1153,5,6.2,0,0.0
2025-01-17,SKU-1007,Sponsored Brands,2148,7,6.79,0,0.0
2025-01-17,SKU-1008,Sponsored Products,687,2,1.56,0,0.0
2025-01-17,SKU-1009,Sponsored Brands,951,3,3.09,0,0.0
2025-01-17,SKU-1010,Sponsored Products,372,1,0.65,0,0.0
2025-01-18,SKU-1001,Sponsored Display,566,2,1.86,0,0.0
2025-01-18,SKU-1002,Sponsored Products,882,2,1.02,0,0.0
2025-01-18,SKU-1003,Sponsored Products,599,2,2.26,0,0.0
2025-01-18,SKU-1004,Sponsored Brands,541,2,2.26,0,0.0
2025-01-18,SKU-1005,Sponsored Products,999,4,1.52,0,0.0
2025-01-18,SKU-1006,Sponsored Brands,1269,7,4.69,0,0.0
2025-01-18,SKU-1007,Sponsored Brands,1368,3,1.35,0,0.0
2025-01-18,SKU-1008,Sponsored Products,1001,2,2.3,0,0.0
2025-01-18,SKU-1009,Sponsored Products,472,1,1.05,0,0.0
2025-01-18,SKU-1010,Sponsored Brands,1134,3,1.26,0,0.0
2025-01-19,SKU-1001,Sponsored Products,1025,3,1.41,0,0.0
2025-01-19,SKU-1002,Sponsored Brands,483,1,0.48,0,0.0
2025-01-19,SKU-1003,Sponsored Display,591,2,1.74,0,0.0
2025-01-19,SKU-1004,Sponsored Products,1591,6,5.46,0,0.0
2025-01-19,SKU-1006,Sponsored Products,1159,3,1.92,0,0.0
2025-01-19,SKU-1008,Sponsored Products,727,3,1.56,0,0.0
2025-01-19,SKU-1009,Sponsored Brands,1781,8,4.64,1,11.76
2025-01-19,SKU-1010,Sponsored Products,994,5,6.25,0,0.0
2025-01-20,SKU-1001,Sponsored Brands,1575,5,6.7,0,0.0
2025-01-20,SKU-1002,Sponsored Brands,581,1,0.73,0,0.0
2025-01-20,SKU-1003,Sponsored Products,880,1,0.95,0,0.0
2025-01-20,SKU-1004,Sponsored Display,490,2,1.64,0,0.0
2025-01-20,SKU-1005,Sponsored Products,933,2,1.46,0,0.0
2025-01-20,SKU-1006,Sponsored Products,967,4,4.68,0,0.0
2025-01-20,SKU-1007,Sponsored Products,945,4,2.08,0,0.0
2025-01-20,SKU-1008,Sponsored Products,678,1,0.92,0,0.0
2025-01-20,SKU-1009,Sponsored Brands,621,2,2.08,0,0.0
2025-01-20,SKU-1010,Sponsored Brands,965,2,2.34,0,0.0
2025-01-21,SKU-1001,Sponsored Display,1102,5,3.5,0,0.0
2025-01-21,SKU-1002,Sponsored Products,985,4,1.4,0,0.0
2025-01-21,SKU-1003,Sponsored Brands,2003,10,12.5,1,30.64
2025-01-21,SKU-1004,Sponsored Products,1363,6,3.6,0,0.0
2025-01-21,SKU-1005,Sponsored Products,757,3,2.76,0,0.0
2025-01-21,SKU-1006,Sponsored Products,1448,6,5.1,0,0.0
2025-01-21,SKU-1007,Sponsored Brands,1055,1,0.62,0,0.0
2025-01-21,SKU-1008,Sponsored Brands,1031,3,1.92,0,0.0
2025-01-21,SKU-1009,Sponsored Products,833,3,2.73,0,0.0
2025-01-21,SKU-1010,Sponsored Products,1462,4,3.88,0,0.0
2025-01-22,SKU-1001,Sponsored Products,1414,7,8.47,0,0.0
2025-01-22,SKU-1002,Sponsored Products,1263,5,1.9,0,0.0
2025-01-22,SKU-1003,Sponsored Brands,1404,7,6.16,0,0.0
2025-01-22,SKU-1004,Sponsored Brands,792,4,2.84,0,0.0
2025-01-22,SKU-1005,Sponsored Products,1207,4,4.44,0,0.0
2025-01-22,SKU-1006,Sponsored Products,844,3,2.1,0,0.0
2025-01-22,SKU-1007,Sponsored Products,1292,4,4.44,0,0.0
2025-01-22,SKU-1008,Sponsored Products,831,3,1.38,0,0.0
2025-01-22,SKU-1009,Sponsored Products,1200,3,2.55,0,0.0
2025-01-22,SKU-1010,Sponsored Display,885,4,4.84,0,0.0
2025-01-23,SKU-1002,Sponsored Display,842,3,1.65,0,0.0
2025-01-23,SKU-1003,Sponsored Products,1326,5,4.65,0,0.0
2025-01-23,SKU-1004,Sponsored Products,707,1,1.29,0,0.0
2025-01-23,SKU-1005,Sponsored Products,1387,6,7.02,0,0.0
2025-01-23,SKU-1006,Sponsored Brands,1767,9,8.64,0,0.0
2025-01-23,SKU-1007,Sponsored Products,1380,2,2.18,0,0.0
2025-01-23,SKU-1008,Sponsored Display,805,3,3.24,0,0.0
2025-01-23,SKU-1009,Sponsored Products,1911,5,4.95,0,0.0
2025-01-23,SKU-1010,Sponsored Products,1347,7,8.05,0,0.0
2025-01-24,SKU-1001,Sponsored Products,1727,6,3.66,0,0.0
2025-01-24,SKU-1002,Sponsored Products,687,2,2.36,0,0.0
2025-01-24,SKU-1003,Sponsored Products,1285,4,5.4,0,0.0
2025-01-24,SKU-1004,Sponsored Brands,1164,6,2.82,0,0.0
2025-01-24,SKU-1005,Sponsored Brands,930,2,1.32,0,0.0
2025-01-24,SKU-1006,Sponsored Brands,1765,5,2.3,0,0.0
2025-01-24,SKU-1007,Sponsored Products,648,2,2.22,0,0.0
2025-01-24,SKU-1008,Sponsored Display,1003,4,1.48,0,0.0
2025-01-24,SKU-1009,Sponsored Products,1334,6,6.0,0,0.0
2025-01-24,SKU-1010,Sponsored Display,1871,6,3.48,0,0.0
2025-01-25,SKU-1001,Sponsored Display,728,3,3.9,0,0.0
2025-01-25,SKU-1002,Sponsored Products,991,2,2.2,0,0.0
2025-01-25,SKU-1003,Sponsored Products,816,2,1.48,0,0.0
2025-01-25,SKU-1004,Sponsored Brands,1060,3,3.99,0,0.0
2025-01-25,SKU-1005,Sponsored Products,1315,5,5.05,0,0.0
2025-01-25,SKU-1006,Sponsored Products,715,2,2.68,0,0.0
2025-01-25,SKU-1007,Sponsored Products,954,3,2.76,0,0.0
2025-01-25,SKU-1008,Sponsored Products,785,3,1.8,0,0.0
2025-01-25,SKU-1009,Sponsored Display,1672,7,2.66,0,0.0
2025-01-26,SKU-1001,Sponsored Products,1898,12,9.72,1,24.44
2025-01-26,SKU-1002,Sponsored Display,1472,6,3.0,0,0.0
2025-01-26,SKU-1003,Sponsored Products,726,1,0.9,0,0.0
2025-01-26,SKU-1004,Sponsored Brands,2186,8,3.52,1,17.17
2025-01-26,SKU-1005,Sponsored Brands,793,5,4.7,0,0.0
2025-01-26,SKU-1006,Sponsored Brands,984,3,3.33,0,0.0
2025-01-26,SKU-1007,Sponsored Display,946,4,3.4,0,0.0
2025-01-26,SKU-1008,Sponsored Brands,695,2,1.78,0,0.0
2025-01-26,SKU-1010,Sponsored Products,746,2,1.02,0,0.0
2025-01-27,SKU-1001,Sponsored Display,622,1,1.0,0,0.0
2025-01-27,SKU-1002,Sponsored Display,1484,6,4.86,0,0.0
2025-01-27,SKU-1003,Sponsored Products,705,2,1.82,0,0.0
2025-01-27,SKU-1005,Sponsored Brands,482,1,1.16,0,0.0
2025-01-27,SKU-1006,Sponsored Display,905,3,2.31,0,0.0
2025-01-27,SKU-1007,Sponsored Products,2210,9,9.54,0,0.0
2025-01-27,SKU-1008,Sponsored Products,1446,5,2.8,0,0.0
2025-01-27,SKU-1009,Sponsored Products,641,1,1.14,0,0.0
2025-01-27,SKU-1010,Sponsored Brands,1530,5,4.85,0,0.0
2025-01-28,SKU-1001,Sponsored Products,895,3,2.49,0,0.0
2025-01-28,SKU-1002,Sponsored Display,852,4,3.04,0,0.0
2025-01-28,SKU-1003,Sponsored Products,795,3,3.39,0,0.0
2025-01-28,SKU-1004,Sponsored Products,1579,6,2.82,0,0.0
2025-01-28,SKU-1005,Sponsored Display,856,1,1.08,0,0.0
2025-01-28,SKU-1007,Sponsored Products,1215,4,3.2,0,0.0
2025-01-28,SKU-1008,Sponsored Products,881,4,1.72,0,0.0
2025-01-28,SKU-1009,Sponsored Products,1410,5,6.45,0,0.0
2025-01-29,SKU-1002,Sponsored Products,1050,2,1.1,0,0.0
2025-01-29,SKU-1003,Sponsored Products,1601,5,4.4,0,0.0
2025-01-29,SKU-1004,Sponsored Products,765,3,2.31,0,0.0
2025-01-29,SKU-1005,Sponsored Products,686,3,3.36,0,0.0
2025-01-29,SKU-1006,Sponsored Products,222,0,0.0,0,0.0
2025-01-29,SKU-1007,Sponsored Products,1416,5,2.25,0,0.0
2025-01-29,SKU-1008,Sponsored Products,1359,5,4.75,0,0.0
2025-01-29,SKU-1009,Sponsored Products,885,4,2.0,0,0.0
2025-01-30,SKU-1001,Sponsored Products,1023,4,1.56,0,0.0
2025-01-30,SKU-1002,Sponsored Products,2269,12,14.4,1,19.74
2025-01-30,SKU-1003,Sponsored Products,881,1,0.5,0,0.0
2025-01-30,SKU-1004,Sponsored Products,1125,3,2.31,0,0.0
2025-01-30,SKU-1005,Sponsored Brands,1125,5,4.6,0,0.0
2025-01-30,SKU-1006,Sponsored Products,822,1,1.34,0,0.0
2025-01-30,SKU-1007,Sponsored Display,718,3,1.44,0,0.0
2025-01-30,SKU-1008,Sponsored Products,862,3,1.92,0,0.0
2025-01-30,SKU-1009,Sponsored Products,2087,9,3.24,0,0.0
2025-01-30,SKU-1010,Sponsored Products,831,2,1.22,0,0.0
2025-01-31,SKU-1001,Sponsored Products,1168,5,6.25,0,0.0
2025-01-31,SKU-1002,Sponsored Products,1155,3,2.97,0,0.0
2025-01-31,SKU-1003,Sponsored Brands,1194,4,3.12,0,0.0
2025-01-31,SKU-1004,Sponsored Brands,1188,7,4.62,1,17.74
2025-01-31,SKU-1005,Sponsored Products,1394,3,1.38,0,0.0
2025-01-31,SKU-1006,Sponsored Brands,1057,0,0.0,0,0.0
2025-01-31,SKU-1007,Sponsored Brands,1548,7,9.31,0,0.0
2025-01-31,SKU-1008,Sponsored Products,767,2,1.16,0,0.0
2025-01-31,SKU-1009,Sponsored Products,1015,2,1.5,0,0.0
2025-01-31,SKU-1010,Sponsored Products,1037,5,6.4,0,0.0
2025-02-01,SKU-1001,Sponsored Products,478,1,0.51,0,0.0
2025-02-01,SKU-1002,Sponsored Products,1056,4,2.88,0,0.0
2025-02-01,SKU-1003,Sponsored Products,813,3,1.44,0,0.0
2025-02-01,SKU-1004,Sponsored Display,1577,4,3.92,0,0.0
2025-02-01,SKU-1005,Sponsored Brands,1084,4,1.64,0,0.0
2025-02-01,SKU-1006,Sponsored Display,736,2,2.52,0,0.0
2025-02-01,SKU-1007,Sponsored Products,386,1,0.54,0,0.0
2025-02-01,SKU-1008,Sponsored Products,1192,3,3.09,0,0.0
2025-02-01,SKU-1009,Sponsored Products,710,2,2.22,0,0.0
2025-02-01,SKU-1010,Sponsored Products,1085,3,1.11,0,0.0
2025-02-02,SKU-1001,Sponsored Products,1187,5,5.5,0,0.0
2025-02-02,SKU-1002,Sponsored Products,1643,8,5.28,0,0.0
2025-02-02,SKU-1003,Sponsored Products,771,2,0.98,0,0.0
2025-02-02,SKU-1004,Sponsored Products,551,1,0.64,0,0.0
2025-02-02,SKU-1005,Sponsored Products,1634,7,4.62,1,34.24
2025-02-02,SKU-1006,Sponsored Products,1314,6,6.12,1,14.25
2025-02-02,SKU-1008,Sponsored Brands,1133,7,5.53,1,18.19
2025-02-02,SKU-1009,Sponsored Display,935,5,5.5,0,0.0
2025-02-02,SKU-1010,Sponsored Products,1978,5,2.85,0,0.0
2025-02-03,SKU-1001,Sponsored Products,588,2,1.22,0,0.0
2025-02-03,SKU-1002,Sponsored Products,1430,5,5.55,0,0.0
2025-02-03,SKU-1003,Sponsored Products,1425,5,4.95,0,0.0
2025-02-03,SKU-1004,Sponsored Products,1328,3,2.64,0,0.0
2025-02-03,SKU-1005,Sponsored Products,678,2,2.64,0,0.0
2025-02-03,SKU-1006,Sponsored Products,2648,8,9.44,0,0.0
2025-02-03,SKU-1007,Sponsored Products,1360,5,5.95,0,0.0
2025-02-03,SKU-1008,Sponsored Brands,540,2,2.18,0,0.0
2025-02-03,SKU-1009,Sponsored Products,1216,4,3.48,0,0.0
2025-02-03,SKU-1010,Sponsored Products,762,2,2.06,0,0.0
2025-02-04,SKU-1001,Sponsored Display,1210,5,5.95,0,0.0
2025-02-04,SKU-1002,Sponsored Brands,661,3,2.58,0,0.0
2025-02-04,SKU-1003,Sponsored Products,1089,6,7.5,0,0.0
2025-02-04,SKU-1004,Sponsored Display,736,4,3.64,0,0.0
2025-02-04,SKU-1005,Sponsored Products,1186,4,2.52,0,0.0
2025-02-04,SKU-1006,Sponsored Products,1304,7,5.67,0,0.0
2025-02-04,SKU-1007,Sponsored Display,2144,11,4.73,1,13.16
2025-02-04,SKU-1008,Sponsored Display,1121,3,3.69,0,0.0
2025-02-04,SKU-1009,Sponsored Products,1172,5,6.65,0,0.0
2025-02-04,SKU-1010,Sponsored Products,1616,8,7.52,0,0.0
2025-02-05,SKU-1001,Sponsored Display,1190,2,1.58,0,0.0
2025-02-05,SKU-1002,Sponsored Brands,1747,6,5.88,0,0.0
2025-02-05,SKU-1003,Sponsored Brands,1008,4,3.36,0,0.0
2025-02-05,SKU-1004,Sponsored Products,476,1,1.08,0,0.0
2025-02-05,SKU-1005,Sponsored Products,1238,5,4.05,0,0.0
2025-02-05,SKU-1006,Sponsored Brands,1332,3,4.02,0,0.0
2025-02-05,SKU-1007,Sponsored Display,551,1,0.98,0,0.0
2025-02-05,SKU-1009,Sponsored Brands,907,3,3.0,0,0.0
2025-02-05,SKU-1010,Sponsored Display,1450,3,1.86,0,0.0
2025-02-06,SKU-1001,Sponsored Brands,1439,5,6.45,0,0.0
2025-02-06,SKU-1002,Sponsored Products,870,1,1.13,0,0.0
2025-02-06,SKU-1003,Sponsored Products,977,2,1.06,0,0.0
2025-02-06,SKU-1004,Sponsored Display,1217,5,5.1,0,0.0
2025-02-06,SKU-1005,Sponsored Products,919,4,2.88,0,0.0
2025-02-06,SKU-1006,Sponsored Display,1461,6,4.92,0,0.0
2025-02-06,SKU-1007,Sponsored Products,1095,2,2.36,0,0.0
2025-02-06,SKU-1008,Sponsored Products,630,2,2.64,0,0.0
2025-02-06,SKU-1009,Sponsored Products,1002,3,2.85,0,0.0
2025-02-06,SKU-1010,Sponsored Products,598,1,0.9,0,0.0
2025-02-07,SKU-1001,Sponsored Products,708,2,1.24,0,0.0
2025-02-07,SKU-1002,Sponsored Products,1088,1,0.69,0,0.0
2025-02-07,SKU-1003,Sponsored Brands,1500,5,5.05,0,0.0
2025-02-07,SKU-1004,Sponsored Products,1599,2,2.48,0,0.0
2025-02-07,SKU-1005,Sponsored Products,1353,4,4.92,0,0.0
2025-02-07,SKU-1006,Sponsored Brands,1173,3,3.51,0,0.0
2025-02-07,SKU-1007,Sponsored Products,846,2,1.0,0,0.0
2025-02-07,SKU-1008,Sponsored Display,1022,6,4.62,0,0.0
2025-02-07,SKU-1009,Sponsored Brands,1044,3,2.91,0,0.0
2025-02-07,SKU-1010,Sponsored Products,879,4,4.28,0,0.0
2025-02-08,SKU-1001,Sponsored Products,669,2,1.8,0,0.0
2025-02-08,SKU-1002,Sponsored Products,821,2,2.62,0,0.0
2025-02-08,SKU-1003,Sponsored Brands,740,3,3.27,0,0.0
2025-02-08,SKU-1004,Sponsored Products,1589,8,8.24,0,0.0
2025-02-08,SKU-1005,Sponsored Brands,713,3,1.89,0,0.0
2025-02-08,SKU-1006,Sponsored Display,1386,6,6.84,0,0.0
2025-02-08,SKU-1007,Sponsored Products,497,0,0.0,0,0.0
2025-02-08,SKU-1008,Sponsored Products,1010,2,1.32,0,0.0
2025-02-08,SKU-1009,Sponsored Products,1054,3,3.21,0,0.0
2025-02-08,SKU-1010,Sponsored Products,1325,6,4.2,0,0.0
2025-02-09,SKU-1001,Sponsored Products,972,4,4.48,0,0.0
2025-02-09,SKU-1002,Sponsored Products,885,1,0.4,0,0.0
2025-02-09,SKU-1003,Sponsored Products,1394,8,4.16,0,0.0
2025-02-09,SKU-1004,Sponsored Brands,1170,4,4.32,0,0.0
2025-02-09,SKU-1005,Sponsored Display,1198,5,3.1,0,0.0
2025-02-09,SKU-1006,Sponsored Brands,937,3,1.14,0,0.0
2025-02-09,SKU-1007,Sponsored Brands,928,4,1.44,0,0.0
2025-02-09,SKU-1008,Sponsored Products,1438,4,4.76,0,0.0
2025-02-09,SKU-1009,Sponsored Products,1059,3,1.26,0,0.0
2025-02-09,SKU-1010,Sponsored Products,1262,2,1.04,0,0.0
2025-02-10,SKU-1001,Sponsored Display,1086,3,2.01,0,0.0
2025-02-10,SKU-1002,Sponsored Display,2367,12,10.2,1,19.01
2025-02-10,SKU-1003,Sponsored Products,1778,7,5.39,0,0.0
2025-02-10,SKU-1004,Sponsored Display,1191,5,1.95,0,0.0
2025-02-10,SKU-1005,Sponsored Products,1253,5,2.3,0,0.0
2025-02-10,SKU-1006,Sponsored Products,1097,5,4.45,0,0.0
2025-02-10,SKU-1007,Sponsored Display,953,2,1.12,0,0.0
2025-02-10,SKU-1008,Sponsored Products,1127,5,3.05,0,0.0
2025-02-10,SKU-1009,Sponsored Products,753,2,1.54,0,0.0
2025-02-10,SKU-1010,Sponsored Brands,642,3,2.43,0,0.0
2025-02-11,SKU-1001,Sponsored Products,578,2,1.36,0,0.0
2025-02-11,SKU-1002,Sponsored Products,438,0,0.0,0,0.0
2025-02-11,SKU-1003,Sponsored Products,856,4,2.84,0,0.0
2025-02-11,SKU-1004,Sponsored Products,1505,7,3.01,0,0.0
2025-02-11,SKU-1005,Sponsored Products,1666,8,3.36,0,0.0
2025-02-11,SKU-1007,Sponsored Brands,653,2,1.14,0,0.0
2025-02-11,SKU-1009,Sponsored Display,1458,8,3.68,1,12.43
2025-02-11,SKU-1010,Sponsored Products,801,3,1.77,0,0.0
2025-02-12,SKU-1001,Sponsored Products,1180,2,2.18,0,0.0
2025-02-12,SKU-1002,Sponsored Products,687,2,2.68,0,0.0
2025-02-12,SKU-1003,Sponsored Display,1078,3,2.61,0,0.0
2025-02-12,SKU-1004,Sponsored Display,739,2,1.94,0,0.0
2025-02-12,SKU-1005,Sponsored Display,711,3,2.7,0,0.0
2025-02-12,SKU-1006,Sponsored Products,860,6,4.5,0,0.0
2025-02-12,SKU-1007,Sponsored Display,1641,2,1.52,0,0.0
2025-02-12,SKU-1008,Sponsored Products,1762,7,5.67,0,0.0
2025-02-12,SKU-1009,Sponsored Brands,857,4,4.08,0,0.0
2025-02-12,SKU-1010,Sponsored Products,998,4,4.52,0,0.0
2025-02-13,SKU-1001,Sponsored Brands,895,2,1.28,0,0.0
2025-02-13,SKU-1002,Sponsored Brands,743,1,0.93,0,0.0
2025-02-13,SKU-1003,Sponsored Products,387,1,1.26,0,0.0
2025-02-13,SKU-1004,Sponsored Products,1197,7,9.1,0,0.0
2025-02-13,SKU-1005,Sponsored Products,712,3,3.39,0,0.0
2025-02-13,SKU-1006,Sponsored Brands,970,4,5.04,0,0.0
2025-02-13,SKU-1007,Sponsored Brands,911,4,4.4,0,0.0
2025-02-13,SKU-1008,Sponsored Products,915,3,3.93,0,0.0
2025-02-13,SKU-1009,Sponsored Products,1155,5,5.9,0,0.0
2025-02-13,SKU-1010,Sponsored Brands,1110,4,3.72,0,0.0
2025-02-14,SKU-1001,Sponsored Products,1651,4,3.56,0,0.0
2025-02-14,SKU-1002,Sponsored Brands,962,3,3.81,0,0.0
2025-02-14,SKU-1003,Sponsored Products,971,4,1.72,0,0.0
2025-02-14,SKU-1004,Sponsored Products,1398,7,7.42,0,0.0
2025-02-14,SKU-1005,Sponsored Brands,839,2,2.3,0,0.0
2025-02-14,SKU-1006,Sponsored Products,1125,7,9.38,0,0.0
2025-02-14,SKU-1007,Sponsored Products,868,3,3.39,0,0.0
2025-02-14,SKU-1008,Sponsored Products,494,1,0.57,0,0.0
2025-02-14,SKU-1009,Sponsored Brands,616,2,2.02,0,0.0
2025-02-14,SKU-1010,Sponsored Products,953,4,3.08,0,0.0
2025-02-15,SKU-1001,Sponsored Brands,1025,5,4.5,0,0.0
2025-02-15,SKU-1002,Sponsored Products,1082,7,3.99,0,0.0
2025-02-15,SKU-1003,Sponsored Products,1417,4,1.84,0,0.0
2025-02-15,SKU-1004,Sponsored Products,937,4,3.64,0,0.0
2025-02-15,SKU-1005,Sponsored Products,1612,5,3.5,0,0.0
2025-02-15,SKU-1006,Sponsored Products,732,1,1.3,0,0.0
2025-02-15,SKU-1007,Sponsored Products,1641,5,3.65,0,0.0
2025-02-15,SKU-1008,Sponsored Products,1986,9,4.14,0,0.0
2025-02-15,SKU-1009,Sponsored Products,1104,4,3.12,0,0.0
2025-02-15,SKU-1010,Sponsored Products,782,5,3.45,0,0.0
2025-02-16,SKU-1001,Sponsored Products,636,0,0.0,0,0.0
2025-02-16,SKU-1002,Sponsored Products,1165,4,5.12,0,0.0
2025-02-16,SKU-1003,Sponsored Products,808,3,3.96,0,0.0
2025-02-16,SKU-1004,Sponsored Products,1751,2,1.64,0,0.0
2025-02-16,SKU-1006,Sponsored Products,771,3,2.97,0,0.0
2025-02-16,SKU-1007,Sponsored Brands,945,5,3.05,0,0.0
2025-02-16,SKU-1008,Sponsored Brands,1686,6,5.7,0,0.0
2025-02-16,SKU-1009,Sponsored Display,581,3,2.43,0,0.0
2025-02-16,SKU-1010,Sponsored Products,791,3,3.63,0,0.0
2025-02-17,SKU-1001,Sponsored Display,1298,5,3.95,0,0.0
2025-02-17,SKU-1002,Sponsored Brands,531,1,0.42,0,0.0
2025-02-17,SKU-1003,Sponsored Brands,562,2,2.18,0,0.0
2025-02-17,SKU-1004,Sponsored Products,683,2,2.02,0,0.0
2025-02-17,SKU-1005,Sponsored Display,811,4,5.28,0,0.0
2025-02-17,SKU-1006,Sponsored Products,652,2,1.48,0,0.0
2025-02-17,SKU-1007,Sponsored Products,1780,9,7.83,1,13.94
2025-02-17,SKU-1008,Sponsored Products,440,1,0.93,0,0.0
2025-02-17,SKU-1009,Sponsored Products,1034,3,3.57,0,0.0
2025-02-17,SKU-1010,Sponsored Display,1513,6,3.9,0,0.0
2025-02-18,SKU-1001,Sponsored Products,851,3,1.89,0,0.0
2025-02-18,SKU-1002,Sponsored Products,1610,7,8.96,1,18.07
2025-02-18,SKU-1003,Sponsored Products,592,3,1.11,0,0.0
2025-02-18,SKU-1004,Sponsored Products,510,2,2.3,0,0.0
2025-02-18,SKU-1005,Sponsored Brands,397,1,0.71,0,0.0
2025-02-18,SKU-1006,Sponsored Products,1108,5,2.8,0,0.0
2025-02-18,SKU-1007,Sponsored Products,1022,3,1.17,0,0.0
2025-02-18,SKU-1008,Sponsored Products,1325,3,3.75,0,0.0
2025-02-18,SKU-1009,Sponsored Display,1345,3,3.57,0,0.0
2025-02-18,SKU-1010,Sponsored Products,895,3,3.54,0,0.0
2025-02-19,SKU-1001,Sponsored Products,708,2,1.34,0,0.0
2025-02-19,SKU-1002,Sponsored Products,944,3,3.18,0,0.0
2025-02-19,SKU-1003,Sponsored Brands,346,1,0.73,0,0.0
2025-02-19,SKU-1004,Sponsored Products,749,3,1.17,0,0.0
2025-02-19,SKU-1005,Sponsored Products,1443,5,5.8,0,0.0
2025-02-19,SKU-1006,Sponsored Products,871,2,2.34,0,0.0
2025-02-19,SKU-1007,Sponsored Products,792,2,1.48,0,0.0
2025-02-19,SKU-1008,Sponsored Products,549,2,1.46,0,0.0
2025-02-19,SKU-1009,Sponsored Products,973,2,2.54,0,0.0
2025-02-19,SKU-1010,Sponsored Brands,1192,5,3.7,0,0.0
2025-02-20,SKU-1001,Sponsored Brands,561,2,1.22,0,0.0
2025-02-20,SKU-1002,Sponsored Products,943,2,0.98,0,0.0
2025-02-20,SKU-1003,Sponsored Products,1550,5,5.05,0,0.0
2025-02-20,SKU-1004,Sponsored Products,592,1,0.55,0,0.0
2025-02-20,SKU-1005,Sponsored Products,1192,2,1.94,0,0.0
2025-02-20,SKU-1006,Sponsored Products,1394,8,6.0,0,0.0
2025-02-20,SKU-1008,Sponsored Products,534,3,2.4,0,0.0
2025-02-20,SKU-1010,Sponsored Products,890,3,1.47,0,0.0
2025-02-21,SKU-1001,Sponsored Products,550,1,1.01,0,0.0
2025-02-21,SKU-1002,Sponsored Products,1454,3,1.5,0,0.0
2025-02-21,SKU-1003,Sponsored Products,1164,3,2.16,0,0.0
2025-02-21,SKU-1004,Sponsored Display,1372,5,5.35,0,0.0
2025-02-21,SKU-1005,Sponsored Products,1303,6,4.14,0,0.0
2025-02-21,SKU-1006,Sponsored Products,612,2,0.84,0,0.0
2025-02-21,SKU-1007,Sponsored Products,1111,5,2.05,0,0.0
2025-02-21,SKU-1008,Sponsored Products,982,3,1.08,0,0.0
2025-02-21,SKU-1009,Sponsored Products,2017,4,3.68,0,0.0
2025-02-21,SKU-1010,Sponsored Products,920,3,3.3,0,0.0
2025-02-22,SKU-1001,Sponsored Products,440,1,0.69,0,0.0
2025-02-22,SKU-1002,Sponsored Products,708,2,1.42,0,0.0
2025-02-22,SKU-1003,Sponsored Products,2059,7,2.66,0,0.0
2025-02-22,SKU-1004,Sponsored Brands,2151,11,8.36,0,0.0
2025-02-22,SKU-1005,Sponsored Products,371,1,0.72,0,0.0
2025-02-22,SKU-1006,Sponsored Brands,891,3,1.17,0,0.0
2025-02-22,SKU-1008,Sponsored Display,1532,4,2.32,0,0.0
2025-02-22,SKU-1009,Sponsored Brands,1366,6,3.24,0,0.0
2025-02-22,SKU-1010,Sponsored Products,1413,4,4.6,0,0.0
2025-02-23,SKU-1001,Sponsored Brands,786,4,4.8,0,0.0
2025-02-23,SKU-1002,Sponsored Brands,1668,7,5.81,0,0.0
2025-02-23,SKU-1003,Sponsored Products,663,2,1.32,0,0.0
2025-02-23,SKU-1004,Sponsored Products,1427,5,6.0,0,0.0
2025-02-23,SKU-1005,Sponsored Display,1229,5,4.8,0,0.0
2025-02-23,SKU-1006,Sponsored Products,1017,4,2.04,0,0.0
2025-02-23,SKU-1007,Sponsored Products,1027,4,3.44,0,0.0
2025-02-23,SKU-1008,Sponsored Brands,874,3,2.91,0,0.0
2025-02-23,SKU-1010,Sponsored Products,1695,10,7.7,1,21.89
2025-02-24,SKU-1001,Sponsored Brands,1387,0,0.0,0,0.0
2025-02-24,SKU-1002,Sponsored Products,2307,7,2.66,0,0.0
2025-02-24,SKU-1003,Sponsored Products,783,4,1.64,0,0.0
2025-02-24,SKU-1004,Sponsored Products,487,1,0.39,0,0.0
2025-02-24,SKU-1005,Sponsored Brands,2119,9,8.1,1,33.15
2025-02-24,SKU-1006,Sponsored Products,1081,5,6.25,0,0.0
2025-02-24,SKU-1007,Sponsored Products,609,2,2.6,0,0.0
2025-02-24,SKU-1008,Sponsored Products,765,4,2.4,0,0.0
2025-02-24,SKU-1009,Sponsored Brands,1070,3,1.38,0,0.0
2025-02-24,SKU-1010,Sponsored Products,1329,6,4.32,0,0.0
2025-02-25,SKU-1001,Sponsored Products,1117,5,2.7,0,0.0
2025-02-25,SKU-1002,Sponsored Brands,2053,10,6.5,1,20.46
2025-02-25,SKU-1003,Sponsored Products,736,4,2.28,0,0.0
2025-02-25,SKU-1004,Sponsored Products,671,2,2.12,0,0.0
2025-02-25,SKU-1005,Sponsored Products,1223,3,2.46,0,0.0
2025-02-25,SKU-1006,Sponsored Display,1502,9,4.59,1,15.62
2025-02-25,SKU-1007,Sponsored Products,1409,1,1.15,0,0.0
2025-02-25,SKU-1008,Sponsored Brands,1620,7,4.2,0,0.0
2025-02-25,SKU-1010,Sponsored Brands,1479,5,6.6,0,0.0
2025-02-26,SKU-1001,Sponsored Products,728,2,1.82,0,0.0
2025-02-26,SKU-1002,Sponsored Products,839,3,3.27,0,0.0
2025-02-26,SKU-1003,Sponsored Display,704,3,3.06,0,0.0
2025-02-26,SKU-1004,Sponsored Products,1388,3,3.45,0,0.0
2025-02-26,SKU-1005,Sponsored Products,1848,7,3.15,0,0.0
2025-02-26,SKU-1006,Sponsored Products,1389,4,4.4,0,0.0
2025-02-26,SKU-1007,Sponsored Products,849,2,2.0,0,0.0
2025-02-26,SKU-1008,Sponsored Display,945,1,0.5,0,0.0
2025-02-26,SKU-1009,Sponsored Products,1419,5,3.75,0,0.0
2025-02-26,SKU-1010,Sponsored Products,687,1,0.63,0,0.0
2025-02-27,SKU-1001,Sponsored Display,1392,2,1.34,0,0.0
2025-02-27,SKU-1002,Sponsored Display,895,4,2.0,0,0.0
2025-02-27,SKU-1003,Sponsored Products,780,3,2.79,0,0.0
2025-02-27,SKU-1004,Sponsored Brands,728,1,1.03,0,0.0
2025-02-27,SKU-1005,Sponsored Products,1084,5,3.4,0,0.0
2025-02-27,SKU-1006,Sponsored Products,730,3,2.94,0,0.0
2025-02-27,SKU-1007,Sponsored Brands,980,2,1.66,0,0.0
2025-02-27,SKU-1008,Sponsored Products,586,3,2.22,0,0.0
2025-02-27,SKU-1009,Sponsored Products,1166,5,3.25,0,0.0
2025-02-28,SKU-1002,Sponsored Products,714,1,0.84,0,0.0
2025-02-28,SKU-1003,Sponsored Products,1240,2,1.66,0,0.0
2025-02-28,SKU-1004,Sponsored Products,1819,5,5.5,0,0.0
2025-02-28,SKU-1005,Sponsored Products,1031,3,1.29,0,0.0
2025-02-28,SKU-1006,Sponsored Products,1062,5,6.6,0,0.0
2025-02-28,SKU-1008,Sponsored Products,904,4,1.56,0,0.0
2025-02-28,SKU-1009,Sponsored Products,577,1,1.26,0,0.0
2025-02-28,SKU-1010,Sponsored Brands,567,2,1.5,0,0.0
2025-03-01,SKU-1001,Sponsored Brands,1244,4,4.24,0,0.0
2025-03-01,SKU-1002,Sponsored Brands,1313,6,6.9,0,0.0
2025-03-01,SKU-1003,Sponsored Brands,1004,2,1.92,0,0.0
2025-03-01,SKU-1004,Sponsored Products,1584,7,7.07,0,0.0
2025-03-01,SKU-1005,Sponsored Brands,1197,5,3.3,0,0.0
2025-03-01,SKU-1006,Sponsored Brands,1038,3,1.62,0,0.0
2025-03-01,SKU-1007,Sponsored Display,1505,7,6.37,1,11.84
2025-03-01,SKU-1008,Sponsored Products,756,3,3.84,0,0.0
2025-03-01,SKU-1009,Sponsored Products,1951,7,3.57,0,0.0
2025-03-01,SKU-1010,Sponsored Brands,562,2,2.48,0,0.0
2025-03-02,SKU-1001,Sponsored Products,766,2,1.32,0,0.0
2025-03-02,SKU-1002,Sponsored Brands,1140,4,5.16,0,0.0
2025-03-02,SKU-1003,Sponsored Products,1110,7,6.86,0,0.0
2025-03-02,SKU-1004,Sponsored Brands,1526,7,3.43,0,0.0
2025-03-02,SKU-1005,Sponsored Display,1045,3,2.97,0,0.0
2025-03-02,SKU-1006,Sponsored Products,985,1,0.41,0,0.0
2025-03-02,SKU-1007,Sponsored Display,1226,5,2.45,0,0.0
2025-03-02,SKU-1008,Sponsored Products,1104,4,4.16,0,0.0
2025-03-02,SKU-1009,Sponsored Products,887,2,1.12,0,0.0
2025-03-02,SKU-1010,Sponsored Products,1457,5,2.3,0,0.0
2025-03-03,SKU-1001,Sponsored Products,1398,5,4.0,0,0.0
2025-03-03,SKU-1002,Sponsored Display,468,1,0.61,0,0.0
2025-03-03,SKU-1003,Sponsored Products,1047,4,2.12,0,0.0
2025-03-03,SKU-1004,Sponsored Products,1226,5,4.25,0,0.0
2025-03-03,SKU-1005,Sponsored Products,1386,5,2.85,0,0.0
2025-03-03,SKU-1006,Sponsored Products,1086,6,2.58,0,0.0
2025-03-03,SKU-1007,Sponsored Brands,1131,5,5.7,0,0.0
2025-03-03,SKU-1008,Sponsored Display,634,3,2.1,0,0.0
2025-03-03,SKU-1010,Sponsored Products,1996,8,8.88,0,0.0
2025-03-04,SKU-1001,Sponsored Products,987,3,3.54,0,0.0
2025-03-04,SKU-1002,Sponsored Products,1094,4,1.72,0,0.0
2025-03-04,SKU-1003,Sponsored Products,1213,6,7.74,0,0.0
2025-03-04,SKU-1004,Sponsored Products,1284,5,5.8,0,0.0
2025-03-04,SKU-1005,Sponsored Products,761,2,1.32,0,0.0
2025-03-04,SKU-1006,Sponsored Products,1193,3,2.94,0,0.0
2025-03-04,SKU-1007,Sponsored Products,860,4,1.8,0,0.0
2025-03-04,SKU-1008,Sponsored Products,713,1,0.61,0,0.0
2025-03-04,SKU-1009,Sponsored Brands,3004,10,12.2,1,12.89
2025-03-04,SKU-1010,Sponsored Products,819,3,3.9,0,0.0
2025-03-05,SKU-1001,Sponsored Products,1799,8,9.84,0,0.0
2025-03-05,SKU-1002,Sponsored Display,1563,2,2.48,0,0.0
2025-03-05,SKU-1004,Sponsored Products,793,1,0.67,0,0.0
2025-03-05,SKU-1005,Sponsored Products,1434,6,6.24,0,0.0
2025-03-05,SKU-1006,Sponsored Display,834,2,2.62,0,0.0
2025-03-05,SKU-1007,Sponsored Products,751,1,1.09,0,0.0
2025-03-05,SKU-1008,Sponsored Display,1454,6,2.16,0,0.0
2025-03-05,SKU-1009,Sponsored Products,1454,3,2.76,0,0.0
2025-03-05,SKU-1010,Sponsored Products,780,3,2.22,0,0.0
2025-03-06,SKU-1001,Sponsored Products,705,1,1.22,0,0.0
2025-03-06,SKU-1002,Sponsored Products,845,4,3.32,0,0.0
2025-03-06,SKU-1003,Sponsored Products,600,3,2.58,0,0.0
2025-03-06,SKU-1004,Sponsored Products,534,2,1.76,0,0.0
2025-03-06,SKU-1005,Sponsored Products,560,2,0.7,0,0.0
2025-03-06,SKU-1006,Sponsored Products,857,5,3.75,0,0.0
2025-03-06,SKU-1007,Sponsored Products,1952,12,13.08,1,12.82
2025-03-06,SKU-1008,Sponsored Brands,1345,5,5.25,0,0.0
2025-03-06,SKU-1009,Sponsored Brands,1299,4,4.44,0,0.0
2025-03-06,SKU-1010,Sponsored Brands,1179,4,2.64,0,0.0
2025-03-07,SKU-1001,Sponsored Products,504,1,1.08,0,0.0
2025-03-07,SKU-1002,Sponsored Products,706,3,3.99,0,0.0
2025-03-07,SKU-1003,Sponsored Display,603,2,1.4,0,0.0
2025-03-07,SKU-1004,Sponsored Products,2754,4,1.88,0,0.0
2025-03-07,SKU-1005,Sponsored Products,631,0,0.0,0,0.0
2025-03-07,SKU-1006,Sponsored Products,1719,8,6.48,1,15.5
2025-03-07,SKU-1007,Sponsored Products,621,2,2.56,0,0.0
2025-03-07,SKU-1008,Sponsored Products,763,4,4.64,0,0.0
2025-03-07,SKU-1009,Sponsored Brands,863,3,3.51,0,0.0
2025-03-08,SKU-1001,Sponsored Brands,870,3,3.66,0,0.0
2025-03-08,SKU-1002,Sponsored Display,726,2,1.62,0,0.0
2025-03-08,SKU-1003,Sponsored Products,1706,5,5.35,0,0.0
2025-03-08,SKU-1004,Sponsored Products,709,3,3.15,0,0.0
2025-03-08,SKU-1005,Sponsored Brands,1200,5,5.9,0,0.0
2025-03-08,SKU-1006,Sponsored Products,963,2,1.94,0,0.0
2025-03-08,SKU-1007,Sponsored Products,925,1,1.29,0,0.0
2025-03-08,SKU-1008,Sponsored Products,1044,3,3.54,0,0.0
2025-03-08,SKU-1009,Sponsored Products,821,3,3.06,0,0.0
2025-03-08,SKU-1010,Sponsored Brands,1357,4,4.72,0,0.0
2025-03-09,SKU-1001,Sponsored Brands,1185,4,3.24,0,0.0
2025-03-09,SKU-1002,Sponsored Products,728,2,1.68,0,0.0
2025-03-09,SKU-1003,Sponsored Products,614,1,0.41,0,0.0
2025-03-09,SKU-1004,Sponsored Display,1374,7,5.67,0,0.0
2025-03-09,SKU-1005,Sponsored Products,948,3,1.8,0,0.0
2025-03-09,SKU-1006,Sponsored Products,605,2,1.64,0,0.0
2025-03-09,SKU-1007,Sponsored Products,1034,2,1.86,0,0.0
2025-03-09,SKU-1008,Sponsored Display,1024,2,1.04,0,0.0
2025-03-09,SKU-1009,Sponsored Products,1002,1,0.76,0,0.0
2025-03-09,SKU-1010,Sponsored Display,1207,6,5.4,0,0.0
2025-03-10,SKU-1001,Sponsored Products,523,2,2.18,0,0.0
2025-03-10,SKU-1002,Sponsored Products,1589,6,7.14,0,0.0
2025-03-10,SKU-1003,Sponsored Products,2080,4,1.44,0,0.0
2025-03-10,SKU-1004,Sponsored Products,1308,6,5.04,0,0.0
2025-03-10,SKU-1005,Sponsored Products,1059,4,2.76,0,0.0
2025-03-10,SKU-1006,Sponsored Display,1361,7,8.89,0,0.0
2025-03-10,SKU-1007,Sponsored Products,1714,5,2.15,0,0.0
2025-03-10,SKU-1009,Sponsored Products,2061,13,6.76,2,23.63
2025-03-10,SKU-1010,Sponsored Display,1803,6,5.04,0,0.0
2025-03-11,SKU-1001,Sponsored Products,1207,3,2.55,0,0.0
2025-03-11,SKU-1002,Sponsored Products,951,5,6.45,0,0.0
2025-03-11,SKU-1004,Sponsored Products,661,2,1.84,0,0.0
2025-03-11,SKU-1005,Sponsored Products,1934,9,6.03,1,31.49
2025-03-11,SKU-1006,Sponsored Products,2187,8,3.6,0,0.0
2025-03-11,SKU-1007,Sponsored Products,937,3,3.84,0,0.0
2025-03-11,SKU-1008,Sponsored Display,530,3,1.62,0,0.0
2025-03-11,SKU-1009,Sponsored Products,1784,8,8.96,1,12.02
2025-03-11,SKU-1010,Sponsored Products,2085,8,7.44,0,0.0
2025-03-12,SKU-1001,Sponsored Products,971,1,0.85,0,0.0
2025-03-12,SKU-1002,Sponsored Display,1187,4,2.04,0,0.0
2025-03-12,SKU-1003,Sponsored Brands,495,1,0.4,0,0.0
2025-03-12,SKU-1004,Sponsored Products,1328,7,5.39,0,0.0
2025-03-12,SKU-1005,Sponsored Products,1543,6,2.52,0,0.0
2025-03-12,SKU-1006,Sponsored Products,428,1,1.34,0,0.0
2025-03-12,SKU-1007,Sponsored Products,553,3,3.27,0,0.0
2025-03-12,SKU-1008,Sponsored Brands,944,1,1.29,0,0.0
2025-03-12,SKU-1009,Sponsored Products,878,4,3.68,0,0.0
2025-03-12,SKU-1010,Sponsored Products,1622,9,3.42,0,0.0
2025-03-13,SKU-1001,Sponsored Products,758,3,3.51,0,0.0
2025-03-13,SKU-1002,Sponsored Brands,1159,3,1.8,0,0.0
2025-03-13,SKU-1003,Sponsored Products,1237,3,3.99,0,0.0
2025-03-13,SKU-1004,Sponsored Products,876,3,3.15,0,0.0
2025-03-13,SKU-1005,Sponsored Display,1196,4,4.08,0,0.0
2025-03-13,SKU-1006,Sponsored Brands,488,1,0.46,0,0.0
2025-03-13,SKU-1007,Sponsored Products,608,3,3.66,0,0.0
2025-03-13,SKU-1008,Sponsored Products,1372,9,11.7,1,20.55
2025-03-13,SKU-1009,Sponsored Products,1342,3,2.67,0,0.0
2025-03-13,SKU-1010,Sponsored Brands,1103,4,4.2,0,0.0
2025-03-14,SKU-1002,Sponsored Products,1009,2,1.72,0,0.0
2025-03-14,SKU-1003,Sponsored Products,611,2,1.84,0,0.0
2025-03-14,SKU-1004,Sponsored Display,751,4,5.0,0,0.0
2025-03-14,SKU-1005,Sponsored Products,279,1,1.1,0,0.0
2025-03-14,SKU-1006,Sponsored Products,584,1,1.07,0,0.0
2025-03-14,SKU-1007,Sponsored Products,1618,7,4.97,1,12.74
2025-03-14,SKU-1008,Sponsored Products,1241,6,3.66,0,0.0
2025-03-14,SKU-1009,Sponsored Products,798,2,1.18,0,0.0
2025-03-14,SKU-1010,Sponsored Brands,1556,6,7.68,0,0.0
2025-03-15,SKU-1001,Sponsored Products,1213,7,8.33,0,0.0
2025-03-15,SKU-1002,Sponsored Products,638,3,1.35,0,0.0
2025-03-15,SKU-1003,Sponsored Display,842,4,2.32,0,0.0
2025-03-15,SKU-1004,Sponsored Products,1008,4,2.52,0,0.0
2025-03-15,SKU-1005,Sponsored Products,605,1,0.92,0,0.0
2025-03-15,SKU-1006,Sponsored Products,1061,7,6.37,1,15.0
2025-03-15,SKU-1007,Sponsored Products,1479,6,4.26,0,0.0
2025-03-15,SKU-1008,Sponsored Brands,1067,2,1.44,0,0.0
2025-03-15,SKU-1009,Sponsored Products,852,3,1.23,0,0.0
2025-03-15,SKU-1010,Sponsored Products,1207,4,4.84,0,0.0
2025-03-16,SKU-1001,Sponsored Products,1112,5,4.0,0,0.0
2025-03-16,SKU-1002,Sponsored Display,1236,5,2.5,0,0.0
2025-03-16,SKU-1003,Sponsored Products,1906,6,3.6,0,0.0
2025-03-16,SKU-1004,Sponsored Products,913,3,2.43,0,0.0
2025-03-16,SKU-1005,Sponsored Products,678,2,1.48,0,0.0
2025-03-16,SKU-1006,Sponsored Products,1674,5,5.95,0,0.0
2025-03-16,SKU-1007,Sponsored Brands,983,3,1.14,0,0.0
2025-03-16,SKU-1008,Sponsored Products,1075,5,4.85,0,0.0
2025-03-16,SKU-1009,Sponsored Products,435,1,1.18,0,0.0
2025-03-16,SKU-1010,Sponsored Products,1000,5,6.25,0,0.0
2025-03-17,SKU-1001,Sponsored Products,1132,5,5.9,0,0.0
2025-03-17,SKU-1002,Sponsored Products,1063,3,2.28,0,0.0
2025-03-17,SKU-1003,Sponsored Products,598,2,1.0,0,0.0
2025-03-17,SKU-1004,Sponsored Products,1133,2,2.48,0,0.0
2025-03-17,SKU-1005,Sponsored Products,1429,6,6.9,0,0.0
2025-03-17,SKU-1006,Sponsored Brands,1180,8,3.12,0,0.0
2025-03-17,SKU-1007,Sponsored Products,1058,3,3.33,0,0.0
2025-03-17,SKU-1008,Sponsored Products,1068,4,5.0,0,0.0
2025-03-17,SKU-1009,Sponsored Products,960,4,2.24,0,0.0
2025-03-17,SKU-1010,Sponsored Products,1526,5,6.7,0,0.0
2025-03-18,SKU-1001,Sponsored Display,697,3,3.36,0,0.0
2025-03-18,SKU-1002,Sponsored Products,814,3,1.2,0,0.0
2025-03-18,SKU-1003,Sponsored Brands,657,2,1.4,0,0.0
2025-03-18,SKU-1004,Sponsored Products,1273,7,4.97,0,0.0
2025-03-18,SKU-1005,Sponsored Brands,1165,5,6.25,0,0.0
2025-03-18,SKU-1006,Sponsored Brands,891,3,3.69,0,0.0
2025-03-18,SKU-1007,Sponsored Products,791,3,2.16,0,0.0
2025-03-18,SKU-1008,Sponsored Brands,1194,4,3.88,0,0.0
2025-03-18,SKU-1009,Sponsored Products,1076,2,0.92,0,0.0
2025-03-18,SKU-1010,Sponsored Products,938,6,6.06,0,0.0
2025-03-19,SKU-1001,Sponsored Products,871,2,1.66,0,0.0
2025-03-19,SKU-1002,Sponsored Products,1067,6,7.02,0,0.0
2025-03-19,SKU-1003,Sponsored Products,806,3,1.53,0,0.0
2025-03-19,SKU-1004,Sponsored Brands,912,3,3.93,0,0.0
2025-03-19,SKU-1005,Sponsored Products,584,2,2.5,0,0.0
2025-03-19,SKU-1006,Sponsored Products,1208,3,3.75,0,0.0
2025-03-19,SKU-1007,Sponsored Products,908,4,2.6,0,0.0
2025-03-19,SKU-1008,Sponsored Products,1129,5,6.2,0,0.0
2025-03-19,SKU-1009,Sponsored Products,1874,8,5.12,0,0.0
2025-03-19,SKU-1010,Sponsored Brands,1278,3,2.34,0,0.0
2025-03-20,SKU-1001,Sponsored Products,823,2,2.18,0,0.0
2025-03-20,SKU-1002,Sponsored Products,821,4,3.08,0,0.0
2025-03-20,SKU-1003,Sponsored Products,1861,5,2.0,0,0.0
2025-03-20,SKU-1004,Sponsored Display,1124,3,2.1,0,0.0
2025-03-20,SKU-1005,Sponsored Products,927,3,2.43,0,0.0
2025-03-20,SKU-1006,Sponsored Products,578,3,3.3,0,0.0
2025-03-20,SKU-1007,Sponsored Products,1077,4,2.72,0,0.0
2025-03-20,SKU-1008,Sponsored Products,958,4,5.32,0,0.0
2025-03-20,SKU-1009,Sponsored Display,1556,7,8.96,0,0.0
2025-03-20,SKU-1010,Sponsored Products,1037,4,3.96,0,0.0
2025-03-21,SKU-1001,Sponsored Products,1119,3,3.48,0,0.0
2025-03-21,SKU-1002,Sponsored Brands,1434,11,5.61,1,20.54
2025-03-21,SKU-1003,Sponsored Brands,861,3,2.85,0,0.0
2025-03-21,SKU-1004,Sponsored Products,900,2,1.52,0,0.0
2025-03-21,SKU-1005,Sponsored Display,1322,5,4.45,0,0.0
2025-03-21,SKU-1006,Sponsored Brands,538,2,1.88,0,0.0
2025-03-21,SKU-1007,Sponsored Products,1157,3,1.38,0,0.0
2025-03-21,SKU-1008,Sponsored Products,1023,4,3.92,0,0.0
2025-03-21,SKU-1009,Sponsored Products,943,3,3.24,0,0.0
2025-03-21,SKU-1010,Sponsored Products,711,2,1.76,0,0.0
2025-03-22,SKU-1001,Sponsored Products,796,3,1.92,0,0.0
2025-03-22,SKU-1002,Sponsored Products,627,1,1.32,0,0.0
2025-03-22,SKU-1003,Sponsored Products,937,4,4.4,0,0.0
2025-03-22,SKU-1004,Sponsored Brands,1041,3,1.05,0,0.0
2025-03-22,SKU-1005,Sponsored Products,1825,6,5.58,0,0.0
2025-03-22,SKU-1006,Sponsored Brands,1509,1,1.06,0,0.0
2025-03-22,SKU-1007,Sponsored Products,1964,7,5.67,0,0.0
2025-03-22,SKU-1008,Sponsored Products,852,2,2.66,0,0.0
2025-03-22,SKU-1009,Sponsored Products,705,3,1.59,0,0.0
2025-03-22,SKU-1010,Sponsored Products,1739,0,0.0,0,0.0
2025-03-23,SKU-1001,Sponsored Products,1576,7,8.05,0,0.0
2025-03-23,SKU-1002,Sponsored Brands,952,3,1.5,0,0.0
2025-03-23,SKU-1003,Sponsored Products,1369,9,4.95,1,29.82
2025-03-23,SKU-1004,Sponsored Products,1391,5,3.65,0,0.0
2025-03-23,SKU-1005,Sponsored Products,1085,8,9.44,0,0.0
2025-03-23,SKU-1006,Sponsored Products,1032,3,3.81,0,0.0
2025-03-23,SKU-1007,Sponsored Products,1377,7,7.84,0,0.0
2025-03-23,SKU-1008,Sponsored Products,1177,4,3.64,0,0.0
2025-03-23,SKU-1010,Sponsored Products,1108,5,3.35,0,0.0
2025-03-24,SKU-1001,Sponsored Products,952,6,6.06,1,27.52
2025-03-24,SKU-1002,Sponsored Products,391,1,1.06,0,0.0
2025-03-24,SKU-1003,Sponsored Products,817,4,1.76,0,0.0
2025-03-24,SKU-1004,Sponsored Products,534,1,1.11,0,0.0
2025-03-24,SKU-1005,Sponsored Brands,1391,5,5.75,0,0.0
2025-03-24,SKU-1006,Sponsored Products,639,3,2.97,0,0.0
2025-03-24,SKU-1007,Sponsored Products,1420,4,2.28,0,0.0
2025-03-24,SKU-1009,Sponsored Products,762,1,0.38,0,0.0
2025-03-24,SKU-1010,Sponsored Products,900,2,1.4,0,0.0
2025-03-25,SKU-1001,Sponsored Display,1328,4,2.4,0,0.0
2025-03-25,SKU-1002,Sponsored Products,1864,12,14.76,1,18.98
2025-03-25,SKU-1003,Sponsored Products,1187,5,5.6,0,0.0
2025-03-25,SKU-1004,Sponsored Products,1534,8,9.76,1,15.64
2025-03-25,SKU-1005,Sponsored Products,796,2,2.26,0,0.0
2025-03-25,SKU-1006,Sponsored Brands,948,1,1.07,0,0.0
2025-03-25,SKU-1007,Sponsored Products,1319,5,5.4,0,0.0
2025-03-25,SKU-1008,Sponsored Products,1471,3,1.98,0,0.0
2025-03-25,SKU-1009,Sponsored Brands,1113,6,7.56,0,0.0
2025-03-25,SKU-1010,Sponsored Products,1285,1,1.13,0,0.0
2025-03-26,SKU-1001,Sponsored Brands,1445,6,4.56,0,0.0
2025-03-26,SKU-1002,Sponsored Products,1185,3,2.82,0,0.0
2025-03-26,SKU-1003,Sponsored Products,771,3,1.41,0,0.0
2025-03-26,SKU-1004,Sponsored Brands,562,3,1.5,0,0.0
2025-03-26,SKU-1005,Sponsored Brands,795,2,1.08,0,0.0
2025-03-26,SKU-1006,Sponsored Products,1250,6,5.04,0,0.0
2025-03-26,SKU-1007,Sponsored Products,1118,3,1.23,0,0.0
2025-03-26,SKU-1008,Sponsored Brands,1612,6,2.4,0,0.0
2025-03-26,SKU-1009,Sponsored Products,1173,4,2.04,0,0.0
2025-03-26,SKU-1010,Sponsored Products,532,1,0.94,0,0.0
2025-03-27,SKU-1001,Sponsored Brands,1709,6,5.76,0,0.0
2025-03-27,SKU-1002,Sponsored Products,1090,4,2.6,0,0.0
2025-03-27,SKU-1003,Sponsored Products,1044,4,2.08,0,0.0
2025-03-27,SKU-1004,Sponsored Products,635,2,2.5,0,0.0
2025-03-27,SKU-1005,Sponsored Products,927,5,3.45,0,0.0
2025-03-27,SKU-1006,Sponsored Products,951,4,2.08,0,0.0
2025-03-27,SKU-1007,Sponsored Products,2527,10,11.9,0,0.0
2025-03-27,SKU-1008,Sponsored Products,690,1,0.81,0,0.0
2025-03-27,SKU-1009,Sponsored Products,977,4,5.32,0,0.0
2025-03-27,SKU-1010,Sponsored Display,1160,4,3.28,0,0.0
2025-03-28,SKU-1001,Sponsored Products,766,2,1.08,0,0.0
2025-03-28,SKU-1002,Sponsored Products,1330,5,1.9,0,0.0
2025-03-28,SKU-1003,Sponsored Products,330,1,0.53,0,0.0
2025-03-28,SKU-1004,Sponsored Products,387,1,1.04,0,0.0
2025-03-28,SKU-1005,Sponsored Products,610,3,3.03,0,0.0
2025-03-28,SKU-1006,Sponsored Display,344,1,1.31,0,0.0
2025-03-28,SKU-1007,Sponsored Products,1368,6,6.96,0,0.0
2025-03-28,SKU-1008,Sponsored Products,1634,6,2.7,0,0.0
2025-03-28,SKU-1009,Sponsored Products,947,4,3.68,0,0.0
2025-03-28,SKU-1010,Sponsored Brands,1055,6,7.98,0,0.0
2025-03-29,SKU-1001,Sponsored Products,961,3,3.09,0,0.0
2025-03-29,SKU-1002,Sponsored Products,968,5,5.35,0,0.0
2025-03-29,SKU-1003,Sponsored Products,1994,7,5.11,0,0.0
2025-03-29,SKU-1004,Sponsored Products,459,2,1.56,0,0.0
2025-03-29,SKU-1005,Sponsored Brands,623,1,0.69,0,0.0
2025-03-29,SKU-1006,Sponsored Display,887,3,3.42,0,0.0
2025-03-29,SKU-1007,Sponsored Products,1289,7,8.4,0,0.0
2025-03-29,SKU-1008,Sponsored Products,790,3,1.2,0,0.0
2025-03-29,SKU-1009,Sponsored Brands,1685,5,6.3,0,0.0
2025-03-29,SKU-1010,Sponsored Products,754,2,2.4,0,0.0
2025-03-30,SKU-1001,Sponsored Display,1267,6,4.86,0,0.0
2025-03-30,SKU-1002,Sponsored Products,906,2,1.86,0,0.0
2025-03-30,SKU-1003,Sponsored Products,1406,7,2.94,0,0.0
2025-03-30,SKU-1004,Sponsored Products,1534,4,3.44,0,0.0
2025-03-30,SKU-1005,Sponsored Products,1252,7,8.05,0,0.0
2025-03-30,SKU-1006,Sponsored Brands,1553,8,5.44,0,0.0
2025-03-30,SKU-1007,Sponsored Display,1490,4,1.52,0,0.0
2025-03-30,SKU-1008,Sponsored Products,1259,4,5.12,0,0.0
2025-03-30,SKU-1009,Sponsored Brands,1032,0,0.0,0,0.0
2025-03-30,SKU-1010,Sponsored Products,1444,5,5.95,0,0.0
2025-03-31,SKU-1001,Sponsored Display,969,4,4.16,0,0.0
2025-03-31,SKU-1002,Sponsored Products,1235,6,6.48,0,0.0
2025-03-31,SKU-1003,Sponsored Products,429,1,0.76,0,0.0
2025-03-31,SKU-1004,Sponsored Products,1402,3,2.88,0,0.0
2025-03-31,SKU-1005,Sponsored Products,1503,5,5.2,0,0.0
2025-03-31,SKU-1006,Sponsored Products,1304,6,7.44,0,0.0
2025-03-31,SKU-1007,Sponsored Products,605,1,1.01,0,0.0
2025-03-31,SKU-1008,Sponsored Display,434,2,0.76,0,0.0
2025-03-31,SKU-1009,Sponsored Products,1002,3,3.75,0,0.0
2025-03-31,SKU-1010,Sponsored Products,1032,4,3.0,0,0.0
2025-04-01,SKU-1001,Sponsored Brands,2095,8,6.56,0,0.0
2025-04-01,SKU-1002,Sponsored Products,907,3,2.31,0,0.0
2025-04-01,SKU-1003,Sponsored Products,272,0,0.0,0,0.0
2025-04-01,SKU-1004,Sponsored Products,1245,3,1.32,0,0.0
2025-04-01,SKU-1005,Sponsored Products,1250,5,6.0,0,0.0
2025-04-01,SKU-1006,Sponsored Display,651,4,3.32,0,0.0
2025-04-01,SKU-1007,Sponsored Brands,1038,2,0.88,0,0.0
2025-04-01,SKU-1009,Sponsored Products,2659,13,15.86,1,12.48
2025-04-01,SKU-1010,Sponsored Products,601,2,1.32,0,0.0
2025-04-02,SKU-1001,Sponsored Brands,1821,6,4.02,0,0.0
2025-04-02,SKU-1002,Sponsored Products,947,4,1.84,0,0.0
2025-04-02,SKU-1003,Sponsored Products,1409,4,4.04,0,0.0
2025-04-02,SKU-1004,Sponsored Products,1849,5,6.35,0,0.0
2025-04-02,SKU-1005,Sponsored Products,1449,7,9.03,0,0.0
2025-04-02,SKU-1006,Sponsored Products,1391,4,1.96,0,0.0
2025-04-02,SKU-1007,Sponsored Brands,1187,5,2.6,0,0.0
2025-04-02,SKU-1008,Sponsored Products,535,1,1.15,0,0.0
2025-04-02,SKU-1009,Sponsored Products,887,4,4.88,0,0.0
2025-04-02,SKU-1010,Sponsored Products,585,2,1.02,0,0.0
2025-04-03,SKU-1001,Sponsored Products,1129,2,1.24,0,0.0
2025-04-03,SKU-1002,Sponsored Products,928,2,2.46,0,0.0
2025-04-03,SKU-1003,Sponsored Products,1772,7,4.27,0,0.0
2025-04-03,SKU-1004,Sponsored Brands,877,4,3.76,0,0.0
2025-04-03,SKU-1005,Sponsored Products,1657,3,1.62,0,0.0
2025-04-03,SKU-1006,Sponsored Brands,1231,2,1.8,0,0.0
2025-04-03,SKU-1007,Sponsored Products,540,2,0.72,0,0.0
2025-04-03,SKU-1008,Sponsored Products,799,3,2.85,0,0.0
2025-04-03,SKU-1009,Sponsored Products,500,2,0.74,0,0.0
2025-04-03,SKU-1010,Sponsored Products,1540,7,3.15,0,0.0
2025-04-04,SKU-1001,Sponsored Brands,748,2,0.76,0,0.0
2025-04-04,SKU-1002,Sponsored Brands,1188,4,3.6,0,0.0
2025-04-04,SKU-1003,Sponsored Products,1448,7,8.89,0,0.0
2025-04-04,SKU-1005,Sponsored Brands,1578,11,5.5,1,32.97
2025-04-04,SKU-1007,Sponsored Products,662,2,1.34,0,0.0
2025-04-04,SKU-1008,Sponsored Products,941,3,1.29,0,0.0
2025-04-04,SKU-1009,Sponsored Products,684,2,1.98,0,0.0
2025-04-04,SKU-1010,Sponsored Products,1633,4,5.32,0,0.0
2025-04-05,SKU-1001,Sponsored Products,1662,8,6.8,1,24.08
2025-04-05,SKU-1002,Sponsored Products,370,2,2.26,0,0.0
2025-04-05,SKU-1003,Sponsored Products,1781,10,9.8,1,27.15
2025-04-05,SKU-1004,Sponsored Products,996,2,1.88,0,0.0
2025-04-05,SKU-1005,Sponsored Brands,756,4,1.96,0,0.0
2025-04-05,SKU-1006,Sponsored Products,1245,1,0.8,0,0.0
2025-04-05,SKU-1007,Sponsored Products,1640,6,5.46,0,0.0
2025-04-05,SKU-1008,Sponsored Products,1349,4,3.36,0,0.0
2025-04-05,SKU-1009,Sponsored Products,1461,4,3.56,0,0.0
2025-04-05,SKU-1010,Sponsored Display,950,4,3.08,0,0.0
2025-04-06,SKU-1001,Sponsored Products,1662,7,3.71,0,0.0
2025-04-06,SKU-1002,Sponsored Brands,1397,6,6.9,0,0.0
2025-04-06,SKU-1003,Sponsored Products,1265,7,2.8,0,0.0
2025-04-06,SKU-1004,Sponsored Products,584,3,1.59,0,0.0
2025-04-06,SKU-1005,Sponsored Products,1245,3,2.49,0,0.0
2025-04-06,SKU-1006,Sponsored Products,1032,3,1.53,0,0.0
2025-04-06,SKU-1007,Sponsored Products,453,2,1.28,0,0.0
2025-04-06,SKU-1008,Sponsored Products,694,3,1.89,0,0.0
2025-04-06,SKU-1009,Sponsored Brands,767,2,1.02,0,0.0
2025-04-06,SKU-1010,Sponsored Products,729,2,0.96,0,0.0
2025-04-07,SKU-1001,Sponsored Products,709,3,1.08,0,0.0
2025-04-07,SKU-1002,Sponsored Products,1385,6,7.02,0,0.0
2025-04-07,SKU-1003,Sponsored Products,519,0,0.0,0,0.0
2025-04-07,SKU-1004,Sponsored Brands,790,4,4.84,0,0.0
2025-04-07,SKU-1005,Sponsored Display,901,4,4.76,0,0.0
2025-04-07,SKU-1006,Sponsored Display,961,4,2.56,0,0.0
2025-04-07,SKU-1007,Sponsored Brands,1285,7,7.98,0,0.0
2025-04-07,SKU-1008,Sponsored Products,1280,3,3.06,0,0.0
2025-04-07,SKU-1009,Sponsored Display,1411,6,2.58,0,0.0
2025-04-07,SKU-1010,Sponsored Products,747,2,0.92,0,0.0
2025-04-08,SKU-1001,Sponsored Products,456,1,0.48,0,0.0
2025-04-08,SKU-1002,Sponsored Products,1112,5,6.6,0,0.0
2025-04-08,SKU-1003,Sponsored Brands,1206,6,6.42,0,0.0
2025-04-08,SKU-1005,Sponsored Products,662,3,2.55,0,0.0
2025-04-08,SKU-1006,Sponsored Display,1031,2,0.8,0,0.0
2025-04-08,SKU-1007,Sponsored Display,1447,6,4.62,0,0.0
2025-04-08,SKU-1008,Sponsored Products,1266,2,2.6,0,0.0
2025-04-08,SKU-1009,Sponsored Products,489,1,1.34,0,0.0
2025-04-08,SKU-1010,Sponsored Products,876,4,4.72,0,0.0
2025-04-09,SKU-1001,Sponsored Products,1616,5,5.2,0,0.0
2025-04-09,SKU-1002,Sponsored Products,1006,4,2.72,0,0.0
2025-04-09,SKU-1004,Sponsored Products,1556,5,1.85,0,0.0
2025-04-09,SKU-1005,Sponsored Products,1367,7,4.41,0,0.0
2025-04-09,SKU-1006,Sponsored Products,1484,5,6.2,0,0.0
2025-04-09,SKU-1007,Sponsored Products,620,2,2.02,0,0.0
2025-04-09,SKU-1008,Sponsored Products,1279,3,3.21,0,0.0
2025-04-09,SKU-1009,Sponsored Products,1212,6,5.82,0,0.0
2025-04-09,SKU-1010,Sponsored Products,749,2,2.48,0,0.0
2025-04-10,SKU-1002,Sponsored Products,1226,6,2.4,0,0.0
2025-04-10,SKU-1003,Sponsored Display,975,0,0.0,0,0.0
2025-04-10,SKU-1004,Sponsored Display,306,0,0.0,0,0.0
2025-04-10,SKU-1005,Sponsored Products,2120,11,12.1,1,32.21
2025-04-10,SKU-1006,Sponsored Products,1201,2,2.28,0,0.0
2025-04-10,SKU-1007,Sponsored Products,1233,4,4.84,0,0.0
2025-04-10,SKU-1008,Sponsored Products,799,2,1.34,0,0.0
2025-04-10,SKU-1009,Sponsored Display,1160,7,6.93,0,0.0
2025-04-10,SKU-1010,Sponsored Display,890,2,2.44,0,0.0
2025-04-11,SKU-1001,Sponsored Products,1904,7,3.92,1,25.86
2025-04-11,SKU-1002,Sponsored Products,738,1,1.35,0,0.0
2025-04-11,SKU-1003,Sponsored Products,370,2,2.46,0,0.0
2025-04-11,SKU-1004,Sponsored Products,742,2,2.7,0,0.0
2025-04-11,SKU-1005,Sponsored Brands,583,1,1.32,0,0.0
2025-04-11,SKU-1006,Sponsored Products,1715,5,4.7,0,0.0
2025-04-11,SKU-1007,Sponsored Products,554,2,0.72,0,0.0
2025-04-11,SKU-1008,Sponsored Products,3507,14,11.48,1,18.97
2025-04-11,SKU-1009,Sponsored Products,1006,4,4.48,0,0.0
2025-04-11,SKU-1010,Sponsored Brands,2083,7,3.01,0,0.0
2025-04-12,SKU-1001,Sponsored Products,675,2,1.22,0,0.0
2025-04-12,SKU-1002,Sponsored Brands,1348,5,3.9,0,0.0
2025-04-12,SKU-1003,Sponsored Products,394,2,1.04,0,0.0
2025-04-12,SKU-1004,Sponsored Products,1287,4,4.52,0,0.0
2025-04-12,SKU-1005,Sponsored Brands,1192,5,3.8,0,0.0
2025-04-12,SKU-1006,Sponsored Products,1426,4,3.88,0,0.0
2025-04-12,SKU-1007,Sponsored Products,1512,5,4.45,0,0.0
2025-04-12,SKU-1009,Sponsored Products,733,2,1.42,0,0.0
2025-04-12,SKU-1010,Sponsored Products,1137,4,4.64,0,0.0
2025-04-13,SKU-1001,Sponsored Products,1046,4,2.92,0,0.0
2025-04-13,SKU-1002,Sponsored Products,578,2,1.56,0,0.0
2025-04-13,SKU-1003,Sponsored Products,1773,6,6.54,0,0.0
2025-04-13,SKU-1004,Sponsored Products,555,2,2.52,0,0.0
2025-04-13,SKU-1005,Sponsored Products,823,4,2.84,0,0.0
2025-04-13,SKU-1006,Sponsored Products,946,5,4.9,0,0.0
2025-04-13,SKU-1007,Sponsored Products,1019,3,1.08,0,0.0
2025-04-13,SKU-1008,Sponsored Products,1453,4,2.64,0,0.0
2025-04-13,SKU-1009,Sponsored Products,519,2,1.26,0,0.0
2025-04-13,SKU-1010,Sponsored Brands,912,2,2.32,0,0.0
2025-04-14,SKU-1001,Sponsored Products,899,6,5.28,0,0.0
2025-04-14,SKU-1002,Sponsored Display,643,3,2.19,0,0.0
2025-04-14,SKU-1003,Sponsored Products,933,3,2.07,0,0.0
2025-04-14,SKU-1004,Sponsored Brands,616,1,1.33,0,0.0
2025-04-14,SKU-1005,Sponsored Products,1024,3,2.43,0,0.0
2025-04-14,SKU-1006,Sponsored Products,1395,3,2.7,0,0.0
2025-04-14,SKU-1007,Sponsored Display,229,1,0.71,0,0.0
2025-04-14,SKU-1008,Sponsored Brands,1640,5,6.25,0,0.0
2025-04-14,SKU-1009,Sponsored Brands,934,3,1.14,0,0.0
2025-04-14,SKU-1010,Sponsored Products,945,4,4.0,0,0.0
2025-04-15,SKU-1001,Sponsored Products,1058,3,1.89,0,0.0
2025-04-15,SKU-1002,Sponsored Products,2078,6,7.02,0,0.0
2025-04-15,SKU-1004,Sponsored Products,1093,4,2.48,0,0.0
2025-04-15,SKU-1005,Sponsored Brands,614,2,2.36,0,0.0
2025-04-15,SKU-1006,Sponsored Brands,1300,8,7.04,1,16.38
2025-04-15,SKU-1007,Sponsored Products,838,4,2.84,0,0.0
2025-04-15,SKU-1008,Sponsored Products,1010,5,6.45,0,0.0
2025-04-15,SKU-1009,Sponsored Products,570,2,1.16,0,0.0
2025-04-15,SKU-1010,Sponsored Brands,471,1,0.96,0,0.0
2025-04-16,SKU-1001,Sponsored Products,292,1,0.61,0,0.0
2025-04-16,SKU-1002,Sponsored Brands,1054,4,1.76,0,0.0
2025-04-16,SKU-1003,Sponsored Products,582,2,0.8,0,0.0
2025-04-16,SKU-1004,Sponsored Brands,1160,5,4.25,0,0.0
2025-04-16,SKU-1005,Sponsored Brands,776,2,0.88,0,0.0
2025-04-16,SKU-1006,Sponsored Brands,2711,4,2.72,0,0.0
2025-04-16,SKU-1007,Sponsored Products,1315,4,2.92,0,0.0
2025-04-16,SKU-1008,Sponsored Products,1136,4,4.24,0,0.0
2025-04-16,SKU-1009,Sponsored Display,1123,5,1.85,0,0.0
2025-04-16,SKU-1010,Sponsored Products,1392,4,4.08,0,0.0
2025-04-17,SKU-1001,Sponsored Products,1059,2,1.44,0,0.0
2025-04-17,SKU-1002,Sponsored Products,819,3,3.84,0,0.0
2025-04-17,SKU-1003,Sponsored Products,567,1,0.49,0,0.0
2025-04-17,SKU-1004,Sponsored Brands,563,2,0.94,0,0.0
2025-04-17,SKU-1005,Sponsored Products,2502,16,18.72,2,64.69
2025-04-17,SKU-1006,Sponsored Products,1021,5,4.4,0,0.0
2025-04-17,SKU-1007,Sponsored Products,650,3,3.24,0,0.0
2025-04-17,SKU-1008,Sponsored Display,889,2,0.94,0,0.0
2025-04-17,SKU-1009,Sponsored Products,1039,5,5.15,0,0.0
2025-04-17,SKU-1010,Sponsored Products,946,3,2.07,0,0.0
2025-04-18,SKU-1001,Sponsored Display,262,0,0.0,0,0.0
2025-04-18,SKU-1002,Sponsored Products,542,2,2.0,0,0.0
2025-04-18,SKU-1003,Sponsored Products,1453,6,5.64,0,0.0
2025-04-18,SKU-1004,Sponsored Products,1518,5,4.35,0,0.0
2025-04-18,SKU-1005,Sponsored Brands,1235,2,2.3,0,0.0
2025-04-18,SKU-1006,Sponsored Products,1427,5,5.0,0,0.0
2025-04-18,SKU-1007,Sponsored Products,1519,3,2.19,0,0.0
2025-04-18,SKU-1008,Sponsored Products,860,2,0.78,0,0.0
2025-04-18,SKU-1009,Sponsored Brands,685,2,0.96,0,0.0
2025-04-18,SKU-1010,Sponsored Products,932,3,3.9,0,0.0
2025-04-19,SKU-1001,Sponsored Products,1665,7,5.46,0,0.0
2025-04-19,SKU-1002,Sponsored Products,953,3,3.3,0,0.0
2025-04-19,SKU-1003,Sponsored Products,727,2,2.66,0,0.0
2025-04-19,SKU-1004,Sponsored Products,933,2,2.14,0,0.0
2025-04-19,SKU-1005,Sponsored Products,2724,7,2.87,0,0.0
2025-04-19,SKU-1006,Sponsored Products,918,2,1.68,0,0.0
2025-04-19,SKU-1007,Sponsored Products,1174,4,3.16,0,0.0
2025-04-19,SKU-1008,Sponsored Products,1014,4,5.16,0,0.0
2025-04-19,SKU-1009,Sponsored Brands,544,2,2.44,0,0.0
2025-04-19,SKU-1010,Sponsored Products,1735,7,9.24,0,0.0
2025-04-20,SKU-1001,Sponsored Products,895,2,2.16,0,0.0
2025-04-20,SKU-1002,Sponsored Products,1106,3,2.67,0,0.0
2025-04-20,SKU-1003,Sponsored Products,816,2,2.24,0,0.0
2025-04-20,SKU-1004,Sponsored Products,1096,3,2.52,0,0.0
2025-04-20,SKU-1005,Sponsored Products,1798,6,5.46,0,0.0
2025-04-20,SKU-1006,Sponsored Products,616,3,3.6,0,0.0
2025-04-20,SKU-1007,Sponsored Brands,597,2,0.74,0,0.0
2025-04-20,SKU-1008,Sponsored Products,1604,8,5.84,1,19.77
2025-04-20,SKU-1009,Sponsored Products,963,4,2.48,0,0.0
2025-04-20,SKU-1010,Sponsored Products,1044,4,4.4,0,0.0
2025-04-21,SKU-1001,Sponsored Products,984,2,2.6,0,0.0
2025-04-21,SKU-1002,Sponsored Products,1487,5,2.7,0,0.0
2025-04-21,SKU-1003,Sponsored Products,1071,3,3.87,0,0.0
2025-04-21,SKU-1004,Sponsored Display,436,1,0.61,0,0.0
2025-04-21,SKU-1005,Sponsored Products,1073,2,1.96,0,0.0
2025-04-21,SKU-1006,Sponsored Products,567,1,0.61,0,0.0
2025-04-21,SKU-1007,Sponsored Brands,1324,2,1.66,0,0.0
2025-04-21,SKU-1008,Sponsored Products,1000,6,6.66,0,0.0
2025-04-21,SKU-1009,Sponsored Products,1309,6,4.68,0,0.0
2025-04-21,SKU-1010,Sponsored Products,827,4,4.72,0,0.0
2025-04-22,SKU-1001,Sponsored Brands,669,2,2.48,0,0.0
2025-04-22,SKU-1002,Sponsored Display,878,1,0.42,0,0.0
2025-04-22,SKU-1004,Sponsored Products,934,2,0.76,0,0.0
2025-04-22,SKU-1006,Sponsored Products,751,1,1.18,0,0.0
2025-04-22,SKU-1007,Sponsored Products,710,2,0.78,0,0.0
2025-04-22,SKU-1008,Sponsored Display,1307,4,3.32,0,0.0
2025-04-22,SKU-1009,Sponsored Products,957,5,2.6,0,0.0
2025-04-22,SKU-1010,Sponsored Products,632,2,1.14,0,0.0
2025-04-23,SKU-1001,Sponsored Brands,1226,5,5.4,0,0.0
2025-04-23,SKU-1002,Sponsored Products,867,3,1.62,0,0.0
2025-04-23,SKU-1003,Sponsored Products,588,0,0.0,0,0.0
2025-04-23,SKU-1004,Sponsored Products,783,6,5.88,0,0.0
2025-04-23,SKU-1005,Sponsored Products,1013,2,1.44,0,0.0
2025-04-23,SKU-1006,Sponsored Brands,1313,5,1.95,0,0.0
2025-04-23,SKU-1008,Sponsored Products,1706,3,1.17,0,0.0
2025-04-23,SKU-1009,Sponsored Products,750,2,0.94,0,0.0
2025-04-23,SKU-1010,Sponsored Products,1031,2,1.22,0,0.0
2025-04-24,SKU-1001,Sponsored Products,1740,17,22.78,2,48.13
2025-04-24,SKU-1002,Sponsored Products,2074,9,4.77,0,0.0
2025-04-24,SKU-1003,Sponsored Products,737,1,0.57,0,0.0
2025-04-24,SKU-1004,Sponsored Brands,2168,12,11.4,1,16.76
2025-04-24,SKU-1005,Sponsored Products,1325,1,0.63,0,0.0
2025-04-24,SKU-1006,Sponsored Display,771,2,1.1,0,0.0
2025-04-24,SKU-1007,Sponsored Display,1539,5,4.5,0,0.0
2025-04-24,SKU-1008,Sponsored Products,555,1,0.82,0,0.0
2025-04-24,SKU-1009,Sponsored Products,1149,4,4.08,0,0.0
2025-04-24,SKU-1010,Sponsored Products,713,2,1.2,0,0.0
2025-04-25,SKU-1001,Sponsored Display,492,2,2.6,0,0.0
2025-04-25,SKU-1002,Sponsored Products,1165,5,3.3,0,0.0
2025-04-25,SKU-1003,Sponsored Products,1126,2,2.22,0,0.0
2025-04-25,SKU-1004,Sponsored Products,1080,4,4.2,0,0.0
2025-04-25,SKU-1005,Sponsored Products,920,6,2.46,0,0.0
2025-04-25,SKU-1006,Sponsored Brands,809,3,1.14,0,0.0
2025-04-25,SKU-1008,Sponsored Products,1029,3,3.39,0,0.0
2025-04-25,SKU-1009,Sponsored Brands,1364,6,3.72,0,0.0
2025-04-25,SKU-1010,Sponsored Products,1437,6,7.5,0,0.0
2025-04-26,SKU-1001,Sponsored Products,1532,7,2.94,0,0.0
2025-04-26,SKU-1002,Sponsored Brands,818,4,5.08,0,0.0
2025-04-26,SKU-1003,Sponsored Products,1551,8,4.72,0,0.0
2025-04-26,SKU-1004,Sponsored Products,1200,4,2.72,0,0.0
2025-04-26,SKU-1005,Sponsored Products,899,1,1.04,0,0.0
2025-04-26,SKU-1006,Sponsored Products,553,2,1.1,0,0.0
2025-04-26,SKU-1007,Sponsored Brands,1295,4,1.4,0,0.0
2025-04-26,SKU-1008,Sponsored Products,1815,3,3.66,0,0.0
2025-04-26,SKU-1009,Sponsored Brands,2720,14,10.64,1,12.26
2025-04-26,SKU-1010,Sponsored Products,433,1,0.72,0,0.0
2025-04-27,SKU-1001,Sponsored Display,1027,4,5.16,0,0.0
2025-04-27,SKU-1002,Sponsored Brands,1079,4,5.16,0,0.0
2025-04-27,SKU-1004,Sponsored Products,1493,10,6.9,1,16.31
2025-04-27,SKU-1005,Sponsored Brands,1102,3,2.79,0,0.0
2025-04-27,SKU-1006,Sponsored Products,778,4,2.8,0,0.0
2025-04-27,SKU-1007,Sponsored Brands,1161,1,0.94,0,0.0
2025-04-27,SKU-1008,Sponsored Products,1042,3,1.23,0,0.0
2025-04-27,SKU-1009,Sponsored Products,573,3,1.98,0,0.0
2025-04-27,SKU-1010,Sponsored Products,738,3,1.71,0,0.0
2025-04-28,SKU-1001,Sponsored Brands,1676,3,4.02,0,0.0
2025-04-28,SKU-1002,Sponsored Products,990,2,1.6,0,0.0
2025-04-28,SKU-1003,Sponsored Products,1076,4,2.32,0,0.0
2025-04-28,SKU-1004,Sponsored Brands,520,1,0.96,0,0.0
2025-04-28,SKU-1005,Sponsored Products,1293,5,3.0,0,0.0
2025-04-28,SKU-1006,Sponsored Products,594,2,1.92,0,0.0
2025-04-28,SKU-1007,Sponsored Products,1265,7,2.52,0,0.0
2025-04-28,SKU-1008,Sponsored Products,622,2,2.26,0,0.0
2025-04-28,SKU-1009,Sponsored Products,2447,10,11.7,1,11.29
2025-04-28,SKU-1010,Sponsored Products,1244,3,1.05,0,0.0
2025-04-29,SKU-1001,Sponsored Brands,908,4,3.16,0,0.0
2025-04-29,SKU-1002,Sponsored Products,1035,6,6.78,0,0.0
2025-04-29,SKU-1004,Sponsored Products,1087,4,3.2,0,0.0
2025-04-29,SKU-1005,Sponsored Display,696,2,2.52,0,0.0
2025-04-29,SKU-1006,Sponsored Products,800,3,2.79,0,0.0
2025-04-29,SKU-1007,Sponsored Products,1265,6,3.72,0,0.0
2025-04-29,SKU-1008,Sponsored Products,1662,6,3.72,0,0.0
2025-04-29,SKU-1010,Sponsored Products,1608,3,2.01,0,0.0
2025-04-30,SKU-1001,Sponsored Brands,537,2,1.96,0,0.0
2025-04-30,SKU-1002,Sponsored Products,471,1,1.0,0,0.0
2025-04-30,SKU-1003,Sponsored Products,1460,7,2.8,0,0.0
2025-04-30,SKU-1004,Sponsored Brands,776,2,2.02,0,0.0
2025-04-30,SKU-1005,Sponsored Display,939,2,2.58,0,0.0
2025-04-30,SKU-1006,Sponsored Brands,994,2,1.44,0,0.0
2025-04-30,SKU-1007,Sponsored Products,720,2,2.26,0,0.0
2025-04-30,SKU-1008,Sponsored Products,690,3,1.5,0,0.0
2025-04-30,SKU-1009,Sponsored Products,1307,4,3.76,0,0.0
2025-04-30,SKU-1010,Sponsored Products,1146,3,1.95,0,0.0
2025-05-01,SKU-1001,Sponsored Brands,727,1,0.82,0,0.0
2025-05-01,SKU-1002,Sponsored Products,756,3,3.39,0,0.0
2025-05-01,SKU-1003,Sponsored Products,910,3,3.63,0,0.0
2025-05-01,SKU-1004,Sponsored Products,1379,2,2.32,0,0.0
2025-05-01,SKU-1005,Sponsored Products,1590,6,2.82,0,0.0
2025-05-01,SKU-1006,Sponsored Products,883,3,2.31,0,0.0
2025-05-01,SKU-1007,Sponsored Products,1547,4,5.08,0,0.0
2025-05-01,SKU-1008,Sponsored Brands,742,2,1.28,0,0.0
2025-05-01,SKU-1009,Sponsored Display,1058,5,3.0,0,0.0
2025-05-01,SKU-1010,Sponsored Products,1207,6,7.08,0,0.0
2025-05-02,SKU-1001,Sponsored Products,1131,5,3.6,0,0.0
2025-05-02,SKU-1002,Sponsored Products,1024,5,4.55,0,0.0
2025-05-02,SKU-1003,Sponsored Products,2006,4,4.32,0,0.0
2025-05-02,SKU-1004,Sponsored Products,1016,3,3.66,0,0.0
2025-05-02,SKU-1005,Sponsored Products,2361,10,11.7,0,0.0
2025-05-02,SKU-1006,Sponsored Products,1597,7,6.23,0,0.0
2025-05-02,SKU-1007,Sponsored Brands,882,4,2.8,0,0.0
2025-05-02,SKU-1008,Sponsored Products,1103,3,1.62,0,0.0
2025-05-02,SKU-1009,Sponsored Products,1140,5,6.2,0,0.0
2025-05-02,SKU-1010,Sponsored Brands,991,3,3.93,0,0.0
2025-05-03,SKU-1001,Sponsored Display,516,1,1.03,0,0.0
2025-05-03,SKU-1002,Sponsored Products,1575,6,2.88,0,0.0
2025-05-03,SKU-1003,Sponsored Products,430,0,0.0,0,0.0
2025-05-03,SKU-1004,Sponsored Display,481,1,0.68,0,0.0
2025-05-03,SKU-1005,Sponsored Products,224,0,0.0,0,0.0
2025-05-03,SKU-1006,Sponsored Products,1548,6,8.04,0,0.0
2025-05-03,SKU-1007,Sponsored Products,984,3,3.48,0,0.0
2025-05-03,SKU-1008,Sponsored Products,803,3,2.37,0,0.0
2025-05-03,SKU-1009,Sponsored Products,659,2,2.38,0,0.0
2025-05-03,SKU-1010,Sponsored Products,751,3,2.25,0,0.0
2025-05-04,SKU-1001,Sponsored Brands,1293,5,5.55,0,0.0
2025-05-04,SKU-1002,Sponsored Products,547,0,0.0,0,0.0
2025-05-04,SKU-1003,Sponsored Products,1207,4,4.8,0,0.0
2025-05-04,SKU-1004,Sponsored Products,829,5,5.85,0,0.0
2025-05-04,SKU-1005,Sponsored Products,280,1,1.17,0,0.0
2025-05-04,SKU-1007,Sponsored Products,1452,7,6.86,0,0.0
2025-05-04,SKU-1008,Sponsored Brands,1624,6,5.46,0,0.0
2025-05-04,SKU-1009,Sponsored Products,889,4,4.56,0,0.0
2025-05-04,SKU-1010,Sponsored Products,765,2,2.32,0,0.0
2025-05-05,SKU-1001,Sponsored Products,500,0,0.0,0,0.0
2025-05-05,SKU-1002,Sponsored Products,1144,3,2.04,0,0.0
2025-05-05,SKU-1003,Sponsored Brands,1469,7,4.69,0,0.0
2025-05-05,SKU-1004,Sponsored Brands,2075,9,8.64,1,15.76
2025-05-05,SKU-1005,Sponsored Display,1126,5,4.35,0,0.0
2025-05-05,SKU-1006,Sponsored Display,802,5,3.15,0,0.0
2025-05-05,SKU-1007,Sponsored Products,1478,3,2.7,0,0.0
2025-05-05,SKU-1008,Sponsored Products,1327,3,3.93,0,0.0
2025-05-05,SKU-1009,Sponsored Products,1029,4,1.96,0,0.0
2025-05-05,SKU-1010,Sponsored Products,824,4,4.2,0,0.0
2025-05-06,SKU-1001,Sponsored Products,1302,5,3.5,0,0.0
2025-05-06,SKU-1002,Sponsored Products,610,3,3.75,0,0.0
2025-05-06,SKU-1003,Sponsored Brands,653,3,2.04,0,0.0
2025-05-06,SKU-1004,Sponsored Brands,1498,4,3.44,0,0.0
2025-05-06,SKU-1005,Sponsored Display,899,5,3.7,0,0.0
2025-05-06,SKU-1006,Sponsored Brands,1038,4,3.12,0,0.0
2025-05-06,SKU-1008,Sponsored Products,1110,6,6.18,0,0.0
2025-05-06,SKU-1009,Sponsored Products,1298,6,3.12,0,0.0
2025-05-06,SKU-1010,Sponsored Products,677,3,2.4,0,0.0
2025-05-07,SKU-1001,Sponsored Products,740,3,2.43,0,0.0
2025-05-07,SKU-1002,Sponsored Products,671,2,2.56,0,0.0
2025-05-07,SKU-1003,Sponsored Products,1332,5,3.3,0,0.0
2025-05-07,SKU-1004,Sponsored Products,1733,5,6.25,0,0.0
2025-05-07,SKU-1005,Sponsored Products,655,1,0.69,0,0.0
2025-05-07,SKU-1006,Sponsored Brands,1159,3,3.87,0,0.0
2025-05-07,SKU-1007,Sponsored Products,875,4,2.28,0,0.0
2025-05-07,SKU-1008,Sponsored Products,884,6,2.4,0,0.0
2025-05-07,SKU-1009,Sponsored Products,741,1,0.36,0,0.0
2025-05-07,SKU-1010,Sponsored Products,1530,4,3.24,0,0.0
2025-05-08,SKU-1002,Sponsored Brands,1618,8,10.64,0,0.0
2025-05-08,SKU-1004,Sponsored Products,564,1,1.03,0,0.0
2025-05-08,SKU-1005,Sponsored Products,970,1,0.79,0,0.0
2025-05-08,SKU-1006,Sponsored Brands,1687,8,7.84,1,14.11
2025-05-08,SKU-1007,Sponsored Products,1487,4,3.08,0,0.0
2025-05-08,SKU-1008,Sponsored Brands,743,3,1.14,0,0.0
2025-05-08,SKU-1010,Sponsored Brands,1925,7,6.16,0,0.0
2025-05-09,SKU-1001,Sponsored Products,1535,9,8.01,1,24.65
2025-05-09,SKU-1002,Sponsored Brands,1617,5,3.15,0,0.0
2025-05-09,SKU-1003,Sponsored Products,1660,5,4.85,0,0.0
2025-05-09,SKU-1005,Sponsored Products,1319,4,2.4,0,0.0
2025-05-09,SKU-1006,Sponsored Products,729,3,2.04,0,0.0
2025-05-09,SKU-1007,Sponsored Products,1312,5,4.55,0,0.0
2025-05-09,SKU-1008,Sponsored Products,1641,7,9.38,0,0.0
2025-05-09,SKU-1009,Sponsored Display,1377,6,6.42,0,0.0
2025-05-09,SKU-1010,Sponsored Products,1161,4,4.56,0,0.0
2025-05-10,SKU-1001,Sponsored Products,2853,9,4.41,1,23.79
2025-05-10,SKU-1002,Sponsored Brands,1210,4,5.08,0,0.0
2025-05-10,SKU-1003,Sponsored Products,1585,5,3.45,0,0.0
2025-05-10,SKU-1004,Sponsored Products,1432,7,3.92,0,0.0
2025-05-10,SKU-1005,Sponsored Products,753,3,3.87,0,0.0
2025-05-10,SKU-1006,Sponsored Products,1486,7,8.54,0,0.0
2025-05-10,SKU-1007,Sponsored Brands,1231,3,3.06,0,0.0
2025-05-10,SKU-1008,Sponsored Brands,2014,7,5.67,0,0.0
2025-05-10,SKU-1009,Sponsored Products,775,2,1.86,0,0.0
2025-05-10,SKU-1010,Sponsored Brands,607,3,1.77,0,0.0
2025-05-11,SKU-1001,Sponsored Products,976,2,1.04,0,0.0
2025-05-11,SKU-1002,Sponsored Products,1550,5,6.45,0,0.0
2025-05-11,SKU-1003,Sponsored Products,1260,5,3.2,0,0.0
2025-05-11,SKU-1004,Sponsored Products,1020,3,1.41,0,0.0
2025-05-11,SKU-1005,Sponsored Brands,895,3,3.21,0,0.0
2025-05-11,SKU-1006,Sponsored Products,1642,7,4.06,0,0.0
2025-05-11,SKU-1007,Sponsored Products,1192,4,5.36,0,0.0
2025-05-11,SKU-1008,Sponsored Products,993,5,3.15,0,0.0
2025-05-11,SKU-1009,Sponsored Products,1670,7,5.32,0,0.0
2025-05-11,SKU-1010,Sponsored Products,1740,10,11.8,1,21.95
2025-05-12,SKU-1001,Sponsored Products,1176,4,3.04,0,0.0
2025-05-12,SKU-1002,Sponsored Display,1080,5,4.9,0,0.0
2025-05-12,SKU-1003,Sponsored Display,1286,5,2.7,0,0.0
2025-05-12,SKU-1004,Sponsored Products,979,4,5.2,0,0.0
2025-05-12,SKU-1005,Sponsored Display,813,2,2.54,0,0.0
2025-05-12,SKU-1006,Sponsored Brands,1222,4,2.16,0,0.0
2025-05-12,SKU-1007,Sponsored Products,1016,5,2.35,0,0.0
2025-05-12,SKU-1008,Sponsored Products,696,2,1.76,0,0.0
2025-05-12,SKU-1009,Sponsored Products,860,2,2.1,0,0.0
2025-05-12,SKU-1010,Sponsored Products,1318,3,1.38,0,0.0
2025-05-13,SKU-1001,Sponsored Display,536,1,0.42,0,0.0
2025-05-13,SKU-1002,Sponsored Brands,613,3,2.64,0,0.0
2025-05-13,SKU-1003,Sponsored Products,2077,5,4.6,0,0.0
2025-05-13,SKU-1004,Sponsored Products,1446,3,2.01,0,0.0
2025-05-13,SKU-1005,Sponsored Display,527,2,1.56,0,0.0
2025-05-13,SKU-1006,Sponsored Products,1275,5,4.1,0,0.0
2025-05-13,SKU-1007,Sponsored Brands,879,1,0.49,0,0.0
2025-05-13,SKU-1008,Sponsored Products,1113,4,5.16,0,0.0
2025-05-13,SKU-1009,Sponsored Products,1080,6,4.08,0,0.0
2025-05-13,SKU-1010,Sponsored Brands,851,3,3.6,0,0.0
2025-05-14,SKU-1002,Sponsored Display,1471,4,2.2,0,0.0
2025-05-14,SKU-1003,Sponsored Products,800,2,1.82,0,0.0
2025-05-14,SKU-1004,Sponsored Brands,1015,5,3.7,0,0.0
2025-05-14,SKU-1005,Sponsored Products,755,3,2.7,0,0.0
2025-05-14,SKU-1007,Sponsored Brands,724,3,2.43,0,0.0
2025-05-14,SKU-1008,Sponsored Brands,1236,4,5.08,0,0.0
2025-05-14,SKU-1009,Sponsored Products,702,2,1.6,0,0.0
2025-05-14,SKU-1010,Sponsored Products,1160,5,6.55,0,0.0
2025-05-15,SKU-1001,Sponsored Products,1448,4,3.8,0,0.0
2025-05-15,SKU-1002,Sponsored Products,655,1,1.23,0,0.0
2025-05-15,SKU-1003,Sponsored Products,841,3,1.56,0,0.0
2025-05-15,SKU-1004,Sponsored Display,1060,4,1.84,0,0.0
2025-05-15,SKU-1005,Sponsored Brands,1296,3,2.13,0,0.0
2025-05-15,SKU-1006,Sponsored Products,920,2,1.62,0,0.0
2025-05-15,SKU-1007,Sponsored Products,571,2,2.44,0,0.0
2025-05-15,SKU-1008,Sponsored Products,1440,3,2.4,0,0.0
2025-05-15,SKU-1009,Sponsored Products,1079,5,2.9,0,0.0
2025-05-15,SKU-1010,Sponsored Display,1308,4,2.32,0,0.0
2025-05-16,SKU-1001,Sponsored Products,1642,6,3.84,0,0.0
2025-05-16,SKU-1002,Sponsored Brands,1306,8,9.84,1,18.87
2025-05-16,SKU-1003,Sponsored Brands,1401,3,3.33,0,0.0
2025-05-16,SKU-1004,Sponsored Products,780,3,2.88,0,0.0
2025-05-16,SKU-1005,Sponsored Brands,858,3,2.94,0,0.0
2025-05-16,SKU-1006,Sponsored Products,1814,6,4.56,0,0.0
2025-05-16,SKU-1007,Sponsored Products,1394,6,6.42,0,0.0
2025-05-16,SKU-1008,Sponsored Brands,472,0,0.0,0,0.0
2025-05-16,SKU-1009,Sponsored Products,744,1,0.68,0,0.0
2025-05-16,SKU-1010,Sponsored Display,218,0,0.0,0,0.0
2025-05-17,SKU-1001,Sponsored Products,375,0,0.0,0,0.0
2025-05-17,SKU-1002,Sponsored Products,1210,4,4.68,0,0.0
2025-05-17,SKU-1003,Sponsored Products,1079,3,1.17,0,0.0
2025-05-17,SKU-1004,Sponsored Products,1307,7,2.8,1,16.57
2025-05-17,SKU-1005,Sponsored Products,864,4,2.88,0,0.0
2025-05-17,SKU-1006,Sponsored Products,1081,6,4.74,0,0.0
2025-05-17,SKU-1007,Sponsored Brands,1533,6,4.44,0,0.0
2025-05-17,SKU-1008,Sponsored Display,2075,13,9.1,1,19.18
2025-05-17,SKU-1009,Sponsored Brands,714,3,3.21,0,0.0
2025-05-17,SKU-1010,Sponsored Brands,872,2,1.4,0,0.0
2025-05-18,SKU-1001,Sponsored Brands,1246,6,6.06,0,0.0
2025-05-18,SKU-1002,Sponsored Products,179,0,0.0,0,0.0
2025-05-18,SKU-1003,Sponsored Products,765,2,1.6,0,0.0
2025-05-18,SKU-1004,Sponsored Brands,1883,8,8.96,1,14.27
2025-05-18,SKU-1005,Sponsored Products,532,2,0.78,0,0.0
2025-05-18,SKU-1006,Sponsored Products,968,5,5.25,0,0.0
2025-05-18,SKU-1007,Sponsored Products,1007,2,2.66,0,0.0
2025-05-18,SKU-1008,Sponsored Products,646,2,2.42,0,0.0
2025-05-18,SKU-1009,Sponsored Display,521,1,1.23,0,0.0
2025-05-18,SKU-1010,Sponsored Products,1437,4,3.28,0,0.0
2025-05-19,SKU-1001,Sponsored Products,1274,7,8.47,0,0.0
2025-05-19,SKU-1002,Sponsored Brands,1357,5,6.0,0,0.0
2025-05-19,SKU-1003,Sponsored Products,1155,6,2.34,0,0.0
2025-05-19,SKU-1004,Sponsored Products,795,3,2.25,0,0.0
2025-05-19,SKU-1005,Sponsored Products,371,1,1.06,0,0.0
2025-05-19,SKU-1006,Sponsored Brands,924,3,2.28,0,0.0
2025-05-19,SKU-1007,Sponsored Products,1312,4,3.8,0,0.0
2025-05-19,SKU-1008,Sponsored Brands,1644,7,5.95,0,0.0
2025-05-19,SKU-1009,Sponsored Products,517,1,0.63,0,0.0
2025-05-19,SKU-1010,Sponsored Products,1726,8,4.64,0,0.0
2025-05-20,SKU-1001,Sponsored Products,1064,4,1.84,0,0.0
2025-05-20,SKU-1002,Sponsored Brands,928,2,1.38,0,0.0
2025-05-20,SKU-1003,Sponsored Brands,867,2,2.44,0,0.0
2025-05-20,SKU-1004,Sponsored Products,857,5,2.45,0,0.0
2025-05-20,SKU-1005,Sponsored Products,961,3,3.3,0,0.0
2025-05-20,SKU-1006,Sponsored Products,1761,0,0.0,0,0.0
2025-05-20,SKU-1007,Sponsored Products,1104,6,3.42,0,0.0
2025-05-20,SKU-1008,Sponsored Products,867,3,1.56,0,0.0
2025-05-20,SKU-1009,Sponsored Products,1129,6,7.44,0,0.0
2025-05-20,SKU-1010,Sponsored Products,1017,4,4.4,0,0.0
2025-05-21,SKU-1001,Sponsored Display,851,1,0.37,0,0.0
2025-05-21,SKU-1002,Sponsored Products,395,1,0.44,0,0.0
2025-05-21,SKU-1003,Sponsored Products,1203,3,1.35,0,0.0
2025-05-21,SKU-1005,Sponsored Products,600,1,0.79,0,0.0
2025-05-21,SKU-1006,Sponsored Products,1092,2,2.62,0,0.0
2025-05-21,SKU-1007,Sponsored Brands,1594,5,2.45,0,0.0
2025-05-21,SKU-1008,Sponsored Products,756,2,2.54,0,0.0
2025-05-21,SKU-1009,Sponsored Products,1048,4,4.68,0,0.0
2025-05-21,SKU-1010,Sponsored Brands,1104,4,3.08,0,0.0
2025-05-22,SKU-1001,Sponsored Products,1406,6,4.08,0,0.0
2025-05-22,SKU-1002,Sponsored Brands,834,3,2.37,0,0.0
2025-05-22,SKU-1003,Sponsored Products,1446,4,2.68,0,0.0
2025-05-22,SKU-1004,Sponsored Products,1161,2,1.38,0,0.0
2025-05-22,SKU-1005,Sponsored Products,2108,4,4.44,0,0.0
2025-05-22,SKU-1006,Sponsored Products,901,2,2.6,0,0.0
2025-05-22,SKU-1007,Sponsored Products,1889,6,3.78,0,0.0
2025-05-22,SKU-1008,Sponsored Products,867,4,2.32,0,0.0
2025-05-22,SKU-1009,Sponsored Products,792,3,2.07,0,0.0
2025-05-22,SKU-1010,Sponsored Products,3022,12,7.2,0,0.0
2025-05-23,SKU-1001,Sponsored Products,1209,3,3.78,0,0.0
2025-05-23,SKU-1002,Sponsored Brands,1214,5,4.85,0,0.0
2025-05-23,SKU-1003,Sponsored Products,1475,9,8.91,1,31.2
2025-05-23,SKU-1004,Sponsored Products,233,1,0.48,0,0.0
2025-05-23,SKU-1005,Sponsored Products,1305,4,4.24,0,0.0
2025-05-23,SKU-1006,Sponsored Products,864,3,3.03,0,0.0
2025-05-23,SKU-1007,Sponsored Brands,1388,5,5.7,0,0.0
2025-05-23,SKU-1008,Sponsored Products,909,3,2.13,0,0.0
2025-05-23,SKU-1009,Sponsored Brands,610,3,3.81,0,0.0
2025-05-23,SKU-1010,Sponsored Products,553,2,2.66,0,0.0
2025-05-24,SKU-1001,Sponsored Display,1420,2,2.52,0,0.0
2025-05-24,SKU-1002,Sponsored Brands,821,4,4.64,0,0.0
2025-05-24,SKU-1003,Sponsored Products,767,4,4.76,0,0.0
2025-05-24,SKU-1004,Sponsored Products,1423,5,4.1,0,0.0
2025-05-24,SKU-1005,Sponsored Products,454,1,1.19,0,0.0
2025-05-24,SKU-1006,Sponsored Products,1516,8,4.0,0,0.0
2025-05-24,SKU-1007,Sponsored Products,1000,3,1.59,0,0.0
2025-05-24,SKU-1008,Sponsored Products,951,5,2.2,0,0.0
2025-05-24,SKU-1009,Sponsored Products,1227,1,1.12,0,0.0
2025-05-24,SKU-1010,Sponsored Products,585,3,3.69,0,0.0
2025-05-25,SKU-1001,Sponsored Display,998,4,1.64,0,0.0
2025-05-25,SKU-1002,Sponsored Display,717,2,1.66,0,0.0
2025-05-25,SKU-1003,Sponsored Products,833,5,5.95,0,0.0
2025-05-25,SKU-1004,Sponsored Products,938,4,4.36,0,0.0
2025-05-25,SKU-1005,Sponsored Products,1378,6,6.24,0,0.0
2025-05-25,SKU-1006,Sponsored Products,1030,3,2.25,0,0.0
2025-05-25,SKU-1007,Sponsored Products,1483,7,2.94,0,0.0
2025-05-25,SKU-1008,Sponsored Brands,1538,4,1.96,0,0.0
2025-05-25,SKU-1009,Sponsored Products,1085,4,1.56,0,0.0
2025-05-25,SKU-1010,Sponsored Products,415,1,0.75,0,0.0
2025-05-26,SKU-1001,Sponsored Display,671,4,5.36,0,0.0
2025-05-26,SKU-1003,Sponsored Brands,727,2,1.24,0,0.0
2025-05-26,SKU-1004,Sponsored Products,395,1,1.26,0,0.0
2025-05-26,SKU-1005,Sponsored Products,984,3,3.9,0,0.0
2025-05-26,SKU-1006,Sponsored Products,1139,5,4.05,0,0.0
2025-05-26,SKU-1007,Sponsored Display,915,5,6.3,0,0.0
2025-05-26,SKU-1008,Sponsored Products,1030,3,2.46,0,0.0
2025-05-26,SKU-1009,Sponsored Brands,1632,8,10.48,0,0.0
2025-05-26,SKU-1010,Sponsored Products,1731,6,2.28,0,0.0
2025-05-27,SKU-1001,Sponsored Products,634,2,1.28,0,0.0
2025-05-27,SKU-1002,Sponsored Products,435,2,0.9,0,0.0
2025-05-27,SKU-1003,Sponsored Products,496,1,0.61,0,0.0
2025-05-27,SKU-1004,Sponsored Brands,1456,5,2.0,0,0.0
2025-05-27,SKU-1005,Sponsored Products,425,1,1.13,0,0.0
2025-05-27,SKU-1007,Sponsored Display,1139,5,4.8,0,0.0
2025-05-27,SKU-1008,Sponsored Brands,1039,2,1.3,0,0.0
2025-05-27,SKU-1009,Sponsored Products,1069,6,6.72,0,0.0
2025-05-28,SKU-1001,Sponsored Products,1420,1,1.05,0,0.0
2025-05-28,SKU-1002,Sponsored Brands,1898,9,7.02,0,0.0
2025-05-28,SKU-1003,Sponsored Products,1271,6,3.66,0,0.0
2025-05-28,SKU-1004,Sponsored Products,491,2,1.3,0,0.0
2025-05-28,SKU-1005,Sponsored Products,948,4,2.48,0,0.0
2025-05-28,SKU-1006,Sponsored Display,877,4,1.52,0,0.0
2025-05-28,SKU-1007,Sponsored Products,823,3,3.75,0,0.0
2025-05-28,SKU-1008,Sponsored Products,1368,6,5.46,0,0.0
2025-05-28,SKU-1009,Sponsored Products,357,1,0.64,0,0.0
2025-05-28,SKU-1010,Sponsored Brands,876,4,3.8,0,0.0
2025-05-29,SKU-1001,Sponsored Brands,924,3,1.35,0,0.0
2025-05-29,SKU-1002,Sponsored Brands,1671,6,6.24,0,0.0
2025-05-29,SKU-1003,Sponsored Brands,1554,7,4.97,0,0.0
2025-05-29,SKU-1004,Sponsored Products,407,1,0.5,0,0.0
2025-05-29,SKU-1005,Sponsored Products,893,2,2.42,0,0.0
2025-05-29,SKU-1006,Sponsored Products,989,4,1.76,0,0.0
2025-05-29,SKU-1007,Sponsored Products,958,4,3.68,0,0.0
2025-05-29,SKU-1009,Sponsored Products,743,2,1.58,0,0.0
2025-05-29,SKU-1010,Sponsored Products,909,2,2.48,0,0.0
2025-05-30,SKU-1001,Sponsored Brands,937,5,5.05,0,0.0
2025-05-30,SKU-1002,Sponsored Brands,944,4,3.72,0,0.0
2025-05-30,SKU-1003,Sponsored Brands,636,2,1.76,0,0.0
2025-05-30,SKU-1004,Sponsored Brands,922,2,0.82,0,0.0
2025-05-30,SKU-1005,Sponsored Brands,800,5,2.9,0,0.0
2025-05-30,SKU-1006,Sponsored Products,1106,3,1.26,0,0.0
2025-05-30,SKU-1007,Sponsored Products,1345,6,4.74,0,0.0
2025-05-30,SKU-1008,Sponsored Display,759,2,2.12,0,0.0
2025-05-30,SKU-1009,Sponsored Products,1251,7,9.31,0,0.0
2025-05-30,SKU-1010,Sponsored Products,634,0,0.0,0,0.0
2025-05-31,SKU-1001,Sponsored Display,846,2,1.64,0,0.0
2025-05-31,SKU-1002,Sponsored Products,568,2,2.38,0,0.0
2025-05-31,SKU-1003,Sponsored Brands,1664,5,4.25,0,0.0
2025-05-31,SKU-1004,Sponsored Products,745,3,2.88,0,0.0
2025-05-31,SKU-1005,Sponsored Products,681,1,1.22,0,0.0
2025-05-31,SKU-1006,Sponsored Brands,1390,4,2.08,0,0.0
2025-05-31,SKU-1007,Sponsored Products,827,0,0.0,0,0.0
2025-05-31,SKU-1008,Sponsored Products,878,4,2.04,0,0.0
2025-05-31,SKU-1009,Sponsored Products,1292,3,3.63,0,0.0
2025-05-31,SKU-1010,Sponsored Products,1541,6,2.34,0,0.0
2025-06-01,SKU-1001,Sponsored Products,659,2,1.38,0,0.0
2025-06-01,SKU-1002,Sponsored Products,1094,7,8.75,0,0.0
2025-06-01,SKU-1003,Sponsored Brands,1174,4,3.4,0,0.0
2025-06-01,SKU-1004,Sponsored Display,780,4,3.0,0,0.0
2025-06-01,SKU-1005,Sponsored Products,681,2,0.72,0,0.0
2025-06-01,SKU-1006,Sponsored Brands,1924,3,1.56,0,0.0
2025-06-01,SKU-1007,Sponsored Products,672,2,2.6,0,0.0
2025-06-01,SKU-1008,Sponsored Products,1787,7,4.83,0,0.0
2025-06-01,SKU-1009,Sponsored Products,639,2,0.78,0,0.0
2025-06-01,SKU-1010,Sponsored Products,713,2,1.22,0,0.0
2025-06-02,SKU-1001,Sponsored Products,1018,4,4.96,0,0.0
2025-06-02,SKU-1003,Sponsored Brands,1566,4,4.56,0,0.0
2025-06-02,SKU-1004,Sponsored Products,1370,7,6.93,0,0.0
2025-06-02,SKU-1005,Sponsored Products,771,3,2.13,0,0.0
2025-06-02,SKU-1006,Sponsored Products,674,2,2.12,0,0.0
2025-06-02,SKU-1008,Sponsored Products,1412,6,3.42,0,0.0
2025-06-02,SKU-1009,Sponsored Products,658,1,0.45,0,0.0
2025-06-02,SKU-1010,Sponsored Products,1246,4,4.8,0,0.0
2025-06-03,SKU-1001,Sponsored Products,1585,2,2.22,0,0.0
2025-06-03,SKU-1002,Sponsored Display,1670,6,2.46,1,19.7
2025-06-03,SKU-1003,Sponsored Products,851,3,3.81,0,0.0
2025-06-03,SKU-1004,Sponsored Products,1828,8,5.28,0,0.0
2025-06-03,SKU-1005,Sponsored Products,1538,6,6.78,0,0.0
2025-06-03,SKU-1006,Sponsored Brands,1368,4,4.32,0,0.0
2025-06-03,SKU-1007,Sponsored Products,1181,4,3.08,0,0.0
2025-06-03,SKU-1008,Sponsored Products,1662,7,6.65,0,0.0
2025-06-03,SKU-1009,Sponsored Products,317,1,0.75,0,0.0
2025-06-03,SKU-1010,Sponsored Products,1440,5,5.35,0,0.0
2025-06-04,SKU-1001,Sponsored Products,974,3,2.16,0,0.0
2025-06-04,SKU-1002,Sponsored Products,623,2,1.12,0,0.0
2025-06-04,SKU-1003,Sponsored Brands,533,2,2.42,0,0.0
2025-06-04,SKU-1004,Sponsored Products,645,2,1.34,0,0.0
2025-06-04,SKU-1005,Sponsored Products,938,5,5.45,0,0.0
2025-06-04,SKU-1006,Sponsored Brands,1048,4,2.32,0,0.0
2025-06-04,SKU-1008,Sponsored Products,878,3,1.14,0,0.0
2025-06-04,SKU-1009,Sponsored Products,1264,4,5.36,0,0.0
2025-06-04,SKU-1010,Sponsored Products,1656,7,8.61,0,0.0
2025-06-05,SKU-1001,Sponsored Products,1385,3,3.6,0,0.0
2025-06-05,SKU-1002,Sponsored Products,1428,4,2.12,0,0.0
2025-06-05,SKU-1003,Sponsored Products,570,0,0.0,0,0.0
2025-06-05,SKU-1004,Sponsored Products,808,4,2.28,0,0.0
2025-06-05,SKU-1005,Sponsored Brands,1581,5,6.75,0,0.0
2025-06-05,SKU-1006,Sponsored Display,709,2,1.12,0,0.0
2025-06-05,SKU-1007,Sponsored Products,594,2,1.18,0,0.0
2025-06-05,SKU-1008,Sponsored Brands,879,4,5.12,0,0.0
2025-06-05,SKU-1009,Sponsored Products,741,2,2.28,0,0.0
2025-06-05,SKU-1010,Sponsored Display,913,3,1.53,0,0.0
2025-06-06,SKU-1001,Sponsored Products,861,4,5.32,0,0.0
2025-06-06,SKU-1002,Sponsored Products,1208,4,2.88,0,0.0
2025-06-06,SKU-1003,Sponsored Brands,562,1,0.93,0,0.0
2025-06-06,SKU-1004,Sponsored Products,1459,7,2.8,0,0.0
2025-06-06,SKU-1005,Sponsored Brands,1236,4,3.64,0,0.0
2025-06-06,SKU-1007,Sponsored Products,541,1,0.5,0,0.0
2025-06-06,SKU-1008,Sponsored Brands,1752,8,2.96,1,20.64
2025-06-06,SKU-1009,Sponsored Products,920,3,2.79,0,0.0
2025-06-06,SKU-1010,Sponsored Products,1043,4,2.28,0,0.0
2025-06-07,SKU-1001,Sponsored Products,1015,4,2.0,0,0.0
2025-06-07,SKU-1002,Sponsored Brands,1298,3,1.65,0,0.0
2025-06-07,SKU-1003,Sponsored Display,1304,5,2.05,0,0.0
2025-06-07,SKU-1004,Sponsored Products,582,2,1.44,0,0.0
2025-06-07,SKU-1006,Sponsored Products,907,3,2.4,0,0.0
2025-06-07,SKU-1007,Sponsored Products,944,2,2.42,0,0.0
2025-06-07,SKU-1008,Sponsored Products,879,3,3.45,0,0.0
2025-06-07,SKU-1009,Sponsored Products,790,4,5.16,0,0.0
2025-06-07,SKU-1010,Sponsored Brands,599,3,3.99,0,0.0
2025-06-08,SKU-1002,Sponsored Brands,650,2,1.96,0,0.0
2025-06-08,SKU-1003,Sponsored Products,821,2,0.94,0,0.0
2025-06-08,SKU-1005,Sponsored Products,560,2,1.14,0,0.0
2025-06-08,SKU-1006,Sponsored Products,647,3,3.84,0,0.0
2025-06-08,SKU-1007,Sponsored Products,1353,5,6.05,0,0.0
2025-06-08,SKU-1008,Sponsored Brands,675,3,1.05,0,0.0
2025-06-08,SKU-1009,Sponsored Products,847,2,1.6,0,0.0
2025-06-08,SKU-1010,Sponsored Products,547,2,0.8,0,0.0
2025-06-09,SKU-1001,Sponsored Products,890,5,5.75,0,0.0
2025-06-09,SKU-1002,Sponsored Products,493,2,0.94,0,0.0
2025-06-09,SKU-1003,Sponsored Products,793,2,0.86,0,0.0
2025-06-09,SKU-1004,Sponsored Products,1252,5,2.6,0,0.0
2025-06-09,SKU-1005,Sponsored Products,912,2,1.82,0,0.0
2025-06-09,SKU-1006,Sponsored Display,1190,6,7.56,0,0.0
2025-06-09,SKU-1007,Sponsored Products,1083,3,3.87,0,0.0
2025-06-09,SKU-1008,Sponsored Brands,403,1,0.45,0,0.0
2025-06-09,SKU-1009,Sponsored Products,1407,7,4.9,0,0.0
2025-06-09,SKU-1010,Sponsored Products,2121,6,4.62,0,0.0
2025-06-10,SKU-1001,Sponsored Products,1429,3,2.22,0,0.0
2025-06-10,SKU-1002,Sponsored Products,1183,7,4.62,0,0.0
2025-06-10,SKU-1003,Sponsored Display,1829,8,10.64,0,0.0
2025-06-10,SKU-1004,Sponsored Products,523,2,1.62,0,0.0
2025-06-10,SKU-1005,Sponsored Products,1078,5,4.45,0,0.0
2025-06-10,SKU-1006,Sponsored Products,1144,4,4.6,0,0.0
2025-06-10,SKU-1007,Sponsored Products,800,3,1.23,0,0.0
2025-06-10,SKU-1008,Sponsored Products,330,0,0.0,0,0.0
2025-06-10,SKU-1009,Sponsored Products,1509,2,1.92,0,0.0
2025-06-10,SKU-1010,Sponsored Products,822,1,0.94,0,0.0
2025-06-11,SKU-1001,Sponsored Products,1285,4,1.52,0,0.0
2025-06-11,SKU-1002,Sponsored Products,1414,7,8.47,1,18.83
2025-06-11,SKU-1003,Sponsored Brands,738,3,1.56,0,0.0
2025-06-11,SKU-1004,Sponsored Products,872,3,1.56,0,0.0
2025-06-11,SKU-1005,Sponsored Products,1033,3,1.56,0,0.0
2025-06-11,SKU-1006,Sponsored Products,979,4,4.72,0,0.0
2025-06-11,SKU-1007,Sponsored Brands,1096,4,3.72,0,0.0
2025-06-11,SKU-1008,Sponsored Display,681,2,0.76,0,0.0
2025-06-11,SKU-1009,Sponsored Products,310,1,0.84,0,0.0
2025-06-11,SKU-1010,Sponsored Brands,557,2,1.24,0,0.0
2025-06-12,SKU-1002,Sponsored Brands,1546,5,3.7,0,0.0
2025-06-12,SKU-1003,Sponsored Products,1023,3,2.49,0,0.0
2025-06-12,SKU-1004,Sponsored Products,1459,8,9.2,0,0.0
2025-06-12,SKU-1005,Sponsored Display,1488,4,2.4,0,0.0
2025-06-12,SKU-1006,Sponsored Brands,793,3,3.99,0,0.0
2025-06-12,SKU-1007,Sponsored Products,338,0,0.0,0,0.0
2025-06-12,SKU-1008,Sponsored Products,1472,9,6.84,1,20.96
2025-06-12,SKU-1010,Sponsored Brands,1526,4,2.52,0,0.0
2025-06-13,SKU-1001,Sponsored Display,2807,9,11.97,0,0.0
2025-06-13,SKU-1002,Sponsored Display,1571,4,2.2,0,0.0
2025-06-13,SKU-1003,Sponsored Display,1105,4,2.64,0,0.0
2025-06-13,SKU-1004,Sponsored Brands,524,2,1.48,0,0.0
2025-06-13,SKU-1005,Sponsored Products,1213,6,5.88,0,0.0
2025-06-13,SKU-1006,Sponsored Products,732,4,2.16,0,0.0
2025-06-13,SKU-1008,Sponsored Products,1679,7,5.81,1,21.16
2025-06-13,SKU-1009,Sponsored Products,1608,10,5.3,1,13.27
2025-06-13,SKU-1010,Sponsored Products,1011,3,2.13,0,0.0
2025-06-14,SKU-1001,Sponsored Products,1592,9,4.41,0,0.0
2025-06-14,SKU-1002,Sponsored Products,1039,5,6.15,0,0.0
2025-06-14,SKU-1003,Sponsored Display,1133,4,4.52,0,0.0
2025-06-14,SKU-1004,Sponsored Products,1500,6,5.76,0,0.0
2025-06-14,SKU-1005,Sponsored Products,1150,4,2.24,0,0.0
2025-06-14,SKU-1006,Sponsored Display,631,2,1.16,0,0.0
2025-06-14,SKU-1007,Sponsored Products,1146,4,5.28,0,0.0
2025-06-14,SKU-1008,Sponsored Products,2393,11,12.98,1,20.95
2025-06-14,SKU-1009,Sponsored Products,910,2,0.96,0,0.0
2025-06-14,SKU-1010,Sponsored Products,1760,7,4.83,0,0.0
2025-06-15,SKU-1001,Sponsored Products,804,3,1.32,0,0.0
2025-06-15,SKU-1002,Sponsored Brands,973,2,2.22,0,0.0
2025-06-15,SKU-1003,Sponsored Products,1206,4,2.92,0,0.0
2025-06-15,SKU-1004,Sponsored Display,1747,7,5.04,0,0.0
2025-06-15,SKU-1005,Sponsored Brands,1168,6,2.22,0,0.0
2025-06-15,SKU-1006,Sponsored Display,640,2,1.98,0,0.0
2025-06-15,SKU-1008,Sponsored Products,1237,4,2.16,0,0.0
2025-06-15,SKU-1009,Sponsored Display,1231,6,4.62,0,0.0
2025-06-15,SKU-1010,Sponsored Products,907,2,0.9,0,0.0
2025-06-16,SKU-1001,Sponsored Products,570,1,0.95,0,0.0
2025-06-16,SKU-1002,Sponsored Products,580,3,1.41,0,0.0
2025-06-16,SKU-1003,Sponsored Products,649,2,1.0,0,0.0
2025-06-16,SKU-1004,Sponsored Products,822,2,1.42,0,0.0
2025-06-16,SKU-1005,Sponsored Products,1268,6,3.3,0,0.0
2025-06-16,SKU-1006,Sponsored Products,686,2,2.24,0,0.0
2025-06-16,SKU-1007,Sponsored Products,1336,7,9.17,0,0.0
2025-06-16,SKU-1008,Sponsored Products,1001,4,3.96,0,0.0
2025-06-16,SKU-1009,Sponsored Brands,828,2,2.18,0,0.0
2025-06-16,SKU-1010,Sponsored Products,1140,5,6.5,0,0.0
2025-06-17,SKU-1001,Sponsored Products,1091,3,3.99,0,0.0
2025-06-17,SKU-1002,Sponsored Display,1492,7,6.72,0,0.0
2025-06-17,SKU-1003,Sponsored Display,1061,4,3.36,0,0.0
2025-06-17,SKU-1004,Sponsored Products,594,3,2.61,0,0.0
2025-06-17,SKU-1005,Sponsored Products,897,3,3.54,0,0.0
2025-06-17,SKU-1006,Sponsored Display,1464,6,2.64,0,0.0
2025-06-17,SKU-1007,Sponsored Products,1272,5,3.0,0,0.0
2025-06-17,SKU-1008,Sponsored Products,1544,3,2.64,0,0.0
2025-06-17,SKU-1009,Sponsored Products,863,3,3.27,0,0.0
2025-06-17,SKU-1010,Sponsored Products,2466,11,7.15,1,21.57
2025-06-18,SKU-1001,Sponsored Products,978,4,4.76,0,0.0
2025-06-18,SKU-1002,Sponsored Brands,1254,5,1.8,0,0.0
2025-06-18,SKU-1003,Sponsored Products,831,3,1.68,0,0.0
2025-06-18,SKU-1004,Sponsored Display,1608,7,6.23,0,0.0
2025-06-18,SKU-1005,Sponsored Products,968,3,3.0,0,0.0
2025-06-18,SKU-1006,Sponsored Products,978,2,2.7,0,0.0
2025-06-18,SKU-1007,Sponsored Products,1468,7,3.5,0,0.0
2025-06-18,SKU-1008,Sponsored Products,757,3,1.17,0,0.0
2025-06-18,SKU-1009,Sponsored Products,1153,5,2.75,0,0.0
2025-06-18,SKU-1010,Sponsored Brands,1345,6,4.38,0,0.0
2025-06-19,SKU-1001,Sponsored Products,980,4,4.44,0,0.0
2025-06-19,SKU-1002,Sponsored Display,978,1,0.67,0,0.0
2025-06-19,SKU-1003,Sponsored Products,635,2,1.82,0,0.0
2025-06-19,SKU-1005,Sponsored Products,1282,6,5.76,0,0.0
2025-06-19,SKU-1006,Sponsored Products,457,1,0.88,0,0.0
2025-06-19,SKU-1007,Sponsored Brands,488,1,0.8,0,0.0
2025-06-19,SKU-1008,Sponsored Products,1373,7,2.87,1,20.63
2025-06-19,SKU-1009,Sponsored Products,996,5,2.15,0,0.0
2025-06-19,SKU-1010,Sponsored Brands,1189,4,3.44,0,0.0
2025-06-20,SKU-1001,Sponsored Products,611,2,1.8,0,0.0
2025-06-20,SKU-1002,Sponsored Products,1921,7,9.03,0,0.0
2025-06-20,SKU-1003,Sponsored Products,1003,5,3.6,0,0.0
2025-06-20,SKU-1004,Sponsored Products,874,4,4.96,0,0.0
2025-06-20,SKU-1005,Sponsored Products,1182,4,3.6,0,0.0
2025-06-20,SKU-1006,Sponsored Products,886,4,3.88,0,0.0
2025-06-20,SKU-1007,Sponsored Brands,832,3,3.0,0,0.0
2025-06-20,SKU-1008,Sponsored Products,1034,4,3.04,0,0.0
2025-06-20,SKU-1009,Sponsored Products,1144,4,2.36,0,0.0
2025-06-20,SKU-1010,Sponsored Brands,1129,4,3.48,0,0.0
2025-06-21,SKU-1002,Sponsored Products,1323,7,3.85,0,0.0
2025-06-21,SKU-1003,Sponsored Display,468,1,1.17,0,0.0
2025-06-21,SKU-1004,Sponsored Products,2578,9,4.77,0,0.0
2025-06-21,SKU-1005,Sponsored Display,2906,11,13.31,1,34.72
2025-06-21,SKU-1006,Sponsored Products,1542,3,1.41,0,0.0
2025-06-21,SKU-1007,Sponsored Products,1364,5,6.55,0,0.0
2025-06-21,SKU-1008,Sponsored Brands,812,2,1.96,0,0.0
2025-06-21,SKU-1009,Sponsored Brands,546,2,2.06,0,0.0
2025-06-21,SKU-1010,Sponsored Products,1435,8,10.64,0,0.0
2025-06-22,SKU-1001,Sponsored Display,800,2,1.42,0,0.0
2025-06-22,SKU-1002,Sponsored Products,2044,3,3.03,0,0.0
2025-06-22,SKU-1003,Sponsored Brands,1259,7,5.74,0,0.0
2025-06-22,SKU-1004,Sponsored Products,1421,6,4.26,0,0.0
2025-06-22,SKU-1005,Sponsored Products,1088,2,2.62,0,0.0
2025-06-22,SKU-1006,Sponsored Products,1860,6,6.36,0,0.0
2025-06-22,SKU-1007,Sponsored Products,570,1,0.55,0,0.0
2025-06-22,SKU-1008,Sponsored Products,1339,7,3.01,0,0.0
2025-06-22,SKU-1009,Sponsored Products,1116,6,3.54,0,0.0
2025-06-22,SKU-1010,Sponsored Products,1409,6,2.64,0,0.0
2025-06-23,SKU-1001,Sponsored Brands,1123,4,1.8,0,0.0
2025-06-23,SKU-1002,Sponsored Products,848,1,1.05,0,0.0
2025-06-23,SKU-1003,Sponsored Products,1221,4,4.0,0,0.0
2025-06-23,SKU-1004,Sponsored Products,1740,4,1.56,0,0.0
2025-06-23,SKU-1005,Sponsored Brands,698,3,1.35,0,0.0
2025-06-23,SKU-1006,Sponsored Products,1075,3,2.04,0,0.0
2025-06-23,SKU-1007,Sponsored Products,820,3,4.02,0,0.0
2025-06-23,SKU-1008,Sponsored Brands,557,2,1.08,0,0.0
2025-06-23,SKU-1009,Sponsored Products,1221,4,3.88,0,0.0
2025-06-23,SKU-1010,Sponsored Products,680,2,2.3,0,0.0
2025-06-24,SKU-1001,Sponsored Products,1240,5,3.2,0,0.0
2025-06-24,SKU-1002,Sponsored Products,2530,5,2.5,0,0.0
2025-06-24,SKU-1003,Sponsored Display,1321,4,2.88,0,0.0
2025-06-24,SKU-1004,Sponsored Products,1860,9,4.32,0,0.0
2025-06-24,SKU-1005,Sponsored Display,806,3,2.34,0,0.0
2025-06-24,SKU-1006,Sponsored Products,1347,6,3.96,0,0.0
2025-06-24,SKU-1007,Sponsored Products,1761,7,6.72,1,14.15
2025-06-24,SKU-1008,Sponsored Products,898,2,2.62,0,0.0
2025-06-24,SKU-1009,Sponsored Products,994,4,2.16,0,0.0
2025-06-24,SKU-1010,Sponsored Products,758,3,2.76,0,0.0
2025-06-25,SKU-1001,Sponsored Products,770,2,1.06,0,0.0
2025-06-25,SKU-1002,Sponsored Brands,867,4,4.88,0,0.0
2025-06-25,SKU-1003,Sponsored Brands,1330,4,1.56,0,0.0
2025-06-25,SKU-1005,Sponsored Products,1473,5,3.8,0,0.0
2025-06-25,SKU-1006,Sponsored Products,1341,3,3.81,0,0.0
2025-06-25,SKU-1008,Sponsored Products,577,2,0.96,0,0.0
2025-06-25,SKU-1009,Sponsored Display,3245,11,9.9,1,11.98
2025-06-25,SKU-1010,Sponsored Products,1543,7,9.03,0,0.0
2025-06-26,SKU-1001,Sponsored Display,1393,3,2.28,0,0.0
2025-06-26,SKU-1002,Sponsored Products,1227,7,4.9,0,0.0
2025-06-26,SKU-1003,Sponsored Products,924,5,6.25,0,0.0
2025-06-26,SKU-1004,Sponsored Brands,607,2,1.7,0,0.0
2025-06-26,SKU-1005,Sponsored Products,962,4,2.48,0,0.0
2025-06-26,SKU-1006,Sponsored Products,1872,5,5.9,0,0.0
2025-06-26,SKU-1007,Sponsored Products,1027,3,1.83,0,0.0
2025-06-26,SKU-1008,Sponsored Products,957,4,2.76,0,0.0
2025-06-26,SKU-1009,Sponsored Brands,1334,4,4.68,0,0.0
2025-06-26,SKU-1010,Sponsored Products,643,3,3.72,0,0.0
2025-06-27,SKU-1001,Sponsored Display,1589,6,7.68,0,0.0
2025-06-27,SKU-1002,Sponsored Display,572,2,2.36,0,0.0
2025-06-27,SKU-1003,Sponsored Products,1518,5,5.5,0,0.0
2025-06-27,SKU-1004,Sponsored Display,1930,9,5.4,1,14.94
2025-06-27,SKU-1005,Sponsored Products,845,5,3.9,0,0.0
2025-06-27,SKU-1006,Sponsored Products,1376,7,4.41,1,14.26
2025-06-27,SKU-1007,Sponsored Products,1327,5,3.05,0,0.0
2025-06-27,SKU-1008,Sponsored Products,1474,8,4.8,0,0.0
2025-06-27,SKU-1009,Sponsored Products,1385,5,5.6,0,0.0
2025-06-27,SKU-1010,Sponsored Products,925,3,3.15,0,0.0
2025-06-28,SKU-1001,Sponsored Products,497,2,2.56,0,0.0
2025-06-28,SKU-1002,Sponsored Products,1054,2,1.78,0,0.0
2025-06-28,SKU-1003,Sponsored Products,708,4,4.84,0,0.0
2025-06-28,SKU-1004,Sponsored Products,1542,4,1.6,0,0.0
2025-06-28,SKU-1006,Sponsored Products,1098,1,0.56,0,0.0
2025-06-28,SKU-1007,Sponsored Products,1352,5,2.9,0,0.0
2025-06-28,SKU-1008,Sponsored Products,542,1,0.83,0,0.0
2025-06-28,SKU-1010,Sponsored Products,795,2,0.84,0,0.0
2025-06-29,SKU-1002,Sponsored Products,868,2,1.96,0,0.0
2025-06-29,SKU-1003,Sponsored Products,1234,3,3.99,0,0.0
2025-06-29,SKU-1004,Sponsored Products,1606,5,2.05,0,0.0
2025-06-29,SKU-1005,Sponsored Brands,721,3,1.83,0,0.0
2025-06-29,SKU-1006,Sponsored Products,1484,7,5.53,0,0.0
2025-06-29,SKU-1007,Sponsored Products,725,3,2.91,0,0.0
2025-06-29,SKU-1008,Sponsored Display,1149,4,2.32,0,0.0
2025-06-29,SKU-1010,Sponsored Products,737,4,2.12,0,0.0
2025-06-30,SKU-1001,Sponsored Products,1687,8,8.88,1,25.23
2025-06-30,SKU-1002,Sponsored Products,366,1,1.27,0,0.0
2025-06-30,SKU-1003,Sponsored Products,805,3,1.38,0,0.0
2025-06-30,SKU-1005,Sponsored Display,1588,7,3.92,1,32.69
2025-06-30,SKU-1006,Sponsored Products,366,1,0.97,0,0.0
2025-06-30,SKU-1007,Sponsored Products,242,1,0.89,0,0.0
2025-06-30,SKU-1008,Sponsored Products,1053,2,2.02,0,0.0
2025-06-30,SKU-1009,Sponsored Products,1720,6,5.4,0,0.0
2025-06-30,SKU-1010,Sponsored Products,878,2,1.32,0,0.0
2025-07-01,SKU-1001,Sponsored Display,831,2,1.6,0,0.0
2025-07-01,SKU-1002,Sponsored Products,514,1,1.2,0,0.0
2025-07-01,SKU-1003,Sponsored Products,660,2,0.9,0,0.0
2025-07-01,SKU-1004,Sponsored Brands,513,2,1.94,0,0.0
2025-07-01,SKU-1005,Sponsored Products,884,4,4.68,0,0.0
2025-07-01,SKU-1006,Sponsored Products,684,4,4.88,0,0.0
2025-07-01,SKU-1007,Sponsored Brands,391,1,1.04,0,0.0
2025-07-01,SKU-1008,Sponsored Brands,1013,5,5.45,0,0.0
2025-07-01,SKU-1009,Sponsored Products,1152,5,4.7,0,0.0
2025-07-01,SKU-1010,Sponsored Products,884,0,0.0,0,0.0
2025-07-02,SKU-1001,Sponsored Display,299,1,0.55,0,0.0
2025-07-02,SKU-1002,Sponsored Products,968,3,2.97,0,0.0
2025-07-02,SKU-1003,Sponsored Products,669,3,3.54,0,0.0
2025-07-02,SKU-1004,Sponsored Products,303,1,0.91,0,0.0
2025-07-02,SKU-1005,Sponsored Products,1164,4,4.36,0,0.0
2025-07-02,SKU-1006,Sponsored Display,1376,6,6.84,0,0.0
2025-07-02,SKU-1007,Sponsored Products,419,2,1.52,0,0.0
2025-07-02,SKU-1008,Sponsored Display,1187,4,2.28,0,0.0
2025-07-02,SKU-1009,Sponsored Brands,691,2,1.72,0,0.0
2025-07-02,SKU-1010,Sponsored Products,900,2,1.54,0,0.0
2025-07-03,SKU-1001,Sponsored Products,766,2,1.24,0,0.0
2025-07-03,SKU-1002,Sponsored Products,835,2,0.94,0,0.0
2025-07-03,SKU-1003,Sponsored Products,944,4,2.52,0,0.0
2025-07-03,SKU-1004,Sponsored Brands,1262,2,2.44,0,0.0
2025-07-03,SKU-1005,Sponsored Brands,487,1,0.99,0,0.0
2025-07-03,SKU-1006,Sponsored Products,841,3,3.33,0,0.0
2025-07-03,SKU-1007,Sponsored Products,855,2,0.8,0,0.0
2025-07-03,SKU-1008,Sponsored Products,1030,4,2.68,0,0.0
2025-07-03,SKU-1009,Sponsored Products,734,1,0.8,0,0.0
2025-07-03,SKU-1010,Sponsored Brands,687,2,1.46,0,0.0
2025-07-04,SKU-1001,Sponsored Brands,548,1,0.96,0,0.0
2025-07-04,SKU-1003,Sponsored Products,1910,5,5.45,0,0.0
2025-07-04,SKU-1004,Sponsored Products,874,5,4.3,0,0.0
2025-07-04,SKU-1005,Sponsored Brands,585,2,1.02,0,0.0
2025-07-04,SKU-1006,Sponsored Products,1416,6,7.68,0,0.0
2025-07-04,SKU-1007,Sponsored Products,599,2,1.44,0,0.0
2025-07-04,SKU-1008,Sponsored Brands,313,1,0.6,0,0.0
2025-07-04,SKU-1009,Sponsored Display,1066,4,3.68,0,0.0
2025-07-04,SKU-1010,Sponsored Products,1272,7,9.17,0,0.0
2025-07-05,SKU-1001,Sponsored Brands,638,2,2.02,0,0.0
2025-07-05,SKU-1002,Sponsored Brands,571,0,0.0,0,0.0
2025-07-05,SKU-1003,Sponsored Products,849,4,5.36,0,0.0
2025-07-05,SKU-1004,Sponsored Brands,1140,3,3.9,0,0.0
2025-07-05,SKU-1006,Sponsored Products,948,2,1.84,0,0.0
2025-07-05,SKU-1007,Sponsored Products,492,2,0.9,0,0.0
2025-07-05,SKU-1009,Sponsored Products,537,0,0.0,0,0.0
2025-07-05,SKU-1010,Sponsored Products,639,2,0.86,0,0.0
2025-07-06,SKU-1001,Sponsored Products,1428,6,5.04,0,0.0
2025-07-06,SKU-1002,Sponsored Products,1398,4,5.0,0,0.0
2025-07-06,SKU-1003,Sponsored Brands,575,2,2.1,0,0.0
2025-07-06,SKU-1004,Sponsored Products,568,1,0.75,0,0.0
2025-07-06,SKU-1005,Sponsored Brands,1368,3,3.03,0,0.0
2025-07-06,SKU-1006,Sponsored Brands,1141,6,7.62,0,0.0
2025-07-06,SKU-1007,Sponsored Products,837,3,2.91,0,0.0
2025-07-06,SKU-1008,Sponsored Products,694,2,2.6,0,0.0
2025-07-06,SKU-1009,Sponsored Display,784,2,0.76,0,0.0
2025-07-06,SKU-1010,Sponsored Products,1059,3,1.65,0,0.0
2025-07-07,SKU-1001,Sponsored Display,553,2,1.84,0,0.0
2025-07-07,SKU-1003,Sponsored Products,708,3,3.09,0,0.0
2025-07-07,SKU-1004,Sponsored Brands,1173,5,1.9,0,0.0
2025-07-07,SKU-1005,Sponsored Brands,538,1,1.19,0,0.0
2025-07-07,SKU-1006,Sponsored Products,647,2,2.56,0,0.0
2025-07-07,SKU-1007,Sponsored Display,807,4,1.52,0,0.0
2025-07-07,SKU-1008,Sponsored Products,506,2,1.02,0,0.0
2025-07-07,SKU-1009,Sponsored Products,1165,5,6.75,0,0.0
2025-07-07,SKU-1010,Sponsored Products,1444,3,3.3,0,0.0
2025-07-08,SKU-1001,Sponsored Products,1066,5,3.7,0,0.0
2025-07-08,SKU-1002,Sponsored Products,855,5,4.6,0,0.0
2025-07-08,SKU-1003,Sponsored Products,862,2,0.74,0,0.0
2025-07-08,SKU-1004,Sponsored Products,1069,4,2.88,0,0.0
2025-07-08,SKU-1005,Sponsored Products,1163,5,2.8,0,0.0
2025-07-08,SKU-1006,Sponsored Products,204,1,0.84,0,0.0
2025-07-08,SKU-1007,Sponsored Brands,850,5,3.85,0,0.0
2025-07-08,SKU-1008,Sponsored Brands,692,3,3.21,0,0.0
2025-07-08,SKU-1009,Sponsored Products,828,3,3.45,0,0.0
2025-07-09,SKU-1002,Sponsored Products,813,4,5.16,0,0.0
2025-07-09,SKU-1003,Sponsored Brands,1220,5,2.85,0,0.0
2025-07-09,SKU-1005,Sponsored Products,912,3,2.67,0,0.0
2025-07-09,SKU-1006,Sponsored Brands,1414,7,7.14,0,0.0
2025-07-09,SKU-1007,Sponsored Products,1052,5,4.35,0,0.0
2025-07-09,SKU-1008,Sponsored Products,607,1,0.93,0,0.0
2025-07-09,SKU-1009,Sponsored Products,1764,6,7.92,0,0.0
2025-07-09,SKU-1010,Sponsored Products,1728,4,5.32,0,0.0
2025-07-10,SKU-1001,Sponsored Brands,1735,10,6.3,0,0.0
2025-07-10,SKU-1002,Sponsored Products,4111,11,6.49,1,18.98
2025-07-10,SKU-1003,Sponsored Products,2198,9,11.07,1,31.78
2025-07-10,SKU-1004,Sponsored Products,1102,5,2.95,0,0.0
2025-07-10,SKU-1005,Sponsored Products,1854,6,8.04,0,0.0
2025-07-10,SKU-1006,Sponsored Products,1546,3,1.38,0,0.0
2025-07-10,SKU-1008,Sponsored Brands,573,4,4.52,0,0.0
2025-07-10,SKU-1009,Sponsored Products,3676,11,4.18,1,12.8
2025-07-10,SKU-1010,Sponsored Products,2062,6,6.18,0,0.0
2025-07-11,SKU-1001,Sponsored Products,1998,6,7.02,0,0.0
2025-07-11,SKU-1002,Sponsored Products,3168,4,4.36,0,0.0
2025-07-11,SKU-1003,Sponsored Brands,3484,14,18.2,1,28.71
2025-07-11,SKU-1004,Sponsored Display,804,2,0.9,0,0.0
2025-07-11,SKU-1005,Sponsored Brands,2215,10,5.0,1,33.42
2025-07-11,SKU-1006,Sponsored Products,1856,3,3.72,0,0.0
2025-07-11,SKU-1007,Sponsored Products,1787,7,3.5,0,0.0
2025-07-11,SKU-1008,Sponsored Products,1406,3,3.06,0,0.0
2025-07-11,SKU-1009,Sponsored Products,1211,5,5.9,0,0.0
2025-07-11,SKU-1010,Sponsored Products,2435,11,9.46,0,0.0
2025-07-12,SKU-1001,Sponsored Brands,1764,7,6.79,0,0.0
2025-07-12,SKU-1002,Sponsored Products,2450,8,9.76,0,0.0
2025-07-12,SKU-1003,Sponsored Brands,1649,10,7.9,1,31.32
2025-07-12,SKU-1004,Sponsored Products,1804,12,12.12,0,0.0
2025-07-12,SKU-1005,Sponsored Display,3204,13,7.93,1,33.73
2025-07-12,SKU-1006,Sponsored Products,2373,11,7.15,0,0.0
2025-07-12,SKU-1007,Sponsored Products,1841,5,4.8,0,0.0
2025-07-12,SKU-1008,Sponsored Display,1702,5,1.75,0,0.0
2025-07-12,SKU-1009,Sponsored Products,1757,2,1.04,0,0.0
2025-07-12,SKU-1010,Sponsored Products,864,3,1.95,0,0.0
2025-07-13,SKU-1001,Sponsored Products,1214,4,2.28,0,0.0
2025-07-13,SKU-1002,Sponsored Products,531,1,0.81,0,0.0
2025-07-13,SKU-1003,Sponsored Products,438,1,0.41,0,0.0
2025-07-13,SKU-1004,Sponsored Brands,658,2,2.14,0,0.0
2025-07-13,SKU-1005,Sponsored Products,934,2,0.86,0,0.0
2025-07-13,SKU-1006,Sponsored Display,846,4,3.84,0,0.0
2025-07-13,SKU-1007,Sponsored Products,618,3,2.01,0,0.0
2025-07-13,SKU-1008,Sponsored Brands,1412,5,5.0,0,0.0
2025-07-13,SKU-1009,Sponsored Products,1190,6,6.66,0,0.0
2025-07-13,SKU-1010,Sponsored Products,838,3,2.61,0,0.0
2025-07-14,SKU-1001,Sponsored Products,594,2,2.08,0,0.0
2025-07-14,SKU-1002,Sponsored Products,926,5,6.15,0,0.0
2025-07-14,SKU-1003,Sponsored Products,1178,4,3.24,0,0.0
2025-07-14,SKU-1004,Sponsored Brands,381,1,0.67,0,0.0
2025-07-14,SKU-1005,Sponsored Brands,1504,7,6.72,0,0.0
2025-07-14,SKU-1006,Sponsored Products,1006,3,1.14,0,0.0
2025-07-14,SKU-1007,Sponsored Products,812,3,3.09,0,0.0
2025-07-14,SKU-1008,Sponsored Products,854,2,1.82,0,0.0
2025-07-14,SKU-1009,Sponsored Products,915,3,3.51,0,0.0
2025-07-14,SKU-1010,Sponsored Products,658,1,1.24,0,0.0
2025-07-15,SKU-1001,Sponsored Products,938,3,3.18,0,0.0
2025-07-15,SKU-1002,Sponsored Brands,1137,1,1.1,0,0.0
2025-07-15,SKU-1003,Sponsored Products,790,3,2.91,0,0.0
2025-07-15,SKU-1004,Sponsored Brands,1079,5,6.4,0,0.0
2025-07-15,SKU-1005,Sponsored Products,1072,5,6.4,0,0.0
2025-07-15,SKU-1006,Sponsored Products,1715,9,6.84,0,0.0
2025-07-15,SKU-1007,Sponsored Products,557,1,1.19,0,0.0
2025-07-15,SKU-1008,Sponsored Brands,1155,6,4.74,0,0.0
2025-07-15,SKU-1009,Sponsored Brands,1041,5,6.4,0,0.0
2025-07-15,SKU-1010,Sponsored Products,1015,4,2.76,0,0.0
2025-07-16,SKU-1001,Sponsored Display,1040,5,5.75,0,0.0
2025-07-16,SKU-1002,Sponsored Products,1107,4,4.44,0,0.0
2025-07-16,SKU-1003,Sponsored Products,1044,3,1.14,0,0.0
2025-07-16,SKU-1004,Sponsored Products,748,2,2.08,0,0.0
2025-07-16,SKU-1005,Sponsored Display,709,4,4.0,0,0.0
2025-07-16,SKU-1006,Sponsored Brands,843,5,6.15,0,0.0
2025-07-16,SKU-1007,Sponsored Brands,352,0,0.0,0,0.0
2025-07-16,SKU-1008,Sponsored Brands,1174,4,4.88,0,0.0
2025-07-16,SKU-1009,Sponsored Brands,947,3,1.14,0,0.0
2025-07-16,SKU-1010,Sponsored Brands,600,1,1.13,0,0.0
2025-07-17,SKU-1001,Sponsored Brands,2053,10,5.2,1,25.2
2025-07-17,SKU-1002,Sponsored Products,1402,4,4.32,0,0.0
2025-07-17,SKU-1003,Sponsored Products,757,5,3.9,0,0.0
2025-07-17,SKU-1004,Sponsored Display,384,1,0.68,0,0.0
2025-07-17,SKU-1005,Sponsored Products,519,1,1.07,0,0.0
2025-07-17,SKU-1006,Sponsored Products,836,3,2.19,0,0.0
2025-07-17,SKU-1007,Sponsored Products,770,3,1.86,0,0.0
2025-07-17,SKU-1008,Sponsored Products,496,2,2.4,0,0.0
2025-07-17,SKU-1009,Sponsored Products,756,4,5.36,0,0.0
2025-07-18,SKU-1001,Sponsored Products,1055,4,3.32,0,0.0
2025-07-18,SKU-1002,Sponsored Products,913,2,1.86,0,0.0
2025-07-18,SKU-1003,Sponsored Brands,1207,4,2.52,0,0.0
2025-07-18,SKU-1004,Sponsored Products,747,3,2.49,0,0.0
2025-07-18,SKU-1005,Sponsored Products,963,3,1.89,0,0.0
2025-07-18,SKU-1006,Sponsored Brands,795,2,2.1,0,0.0
2025-07-18,SKU-1007,Sponsored Products,553,2,1.54,0,0.0
2025-07-18,SKU-1008,Sponsored Products,1200,6,4.8,1,19.42
2025-07-18,SKU-1009,Sponsored Brands,339,0,0.0,0,0.0
2025-07-18,SKU-1010,Sponsored Products,1278,5,6.5,0,0.0
2025-07-19,SKU-1001,Sponsored Products,1005,4,3.28,0,0.0
2025-07-19,SKU-1002,Sponsored Brands,1187,6,3.66,0,0.0
2025-07-19,SKU-1003,Sponsored Products,599,2,2.3,0,0.0
2025-07-19,SKU-1004,Sponsored Products,1548,5,4.15,0,0.0
2025-07-19,SKU-1005,Sponsored Products,559,2,2.46,0,0.0
2025-07-19,SKU-1006,Sponsored Products,1005,5,3.8,0,0.0
2025-07-19,SKU-1007,Sponsored Brands,1442,2,2.44,0,0.0
2025-07-19,SKU-1008,Sponsored Products,878,0,0.0,0,0.0
2025-07-19,SKU-1009,Sponsored Display,1240,4,2.56,0,0.0
2025-07-19,SKU-1010,Sponsored Products,493,2,0.94,0,0.0
2025-07-20,SKU-1001,Sponsored Products,768,3,3.24,0,0.0
2025-07-20,SKU-1002,Sponsored Display,1097,4,3.76,0,0.0
2025-07-20,SKU-1003,Sponsored Products,729,2,1.34,0,0.0
2025-07-20,SKU-1004,Sponsored Brands,1220,3,3.21,0,0.0
2025-07-20,SKU-1005,Sponsored Products,1194,4,3.72,0,0.0
2025-07-20,SKU-1006,Sponsored Brands,1032,3,1.56,0,0.0
2025-07-20,SKU-1007,Sponsored Brands,409,2,2.2,0,0.0
2025-07-20,SKU-1008,Sponsored Products,1347,4,2.48,0,0.0
2025-07-20,SKU-1009,Sponsored Products,901,3,3.9,0,0.0
2025-07-20,SKU-1010,Sponsored Products,931,5,2.4,0,0.0
2025-07-21,SKU-1001,Sponsored Products,742,1,0.58,0,0.0
2025-07-21,SKU-1002,Sponsored Display,974,4,4.52,0,0.0
2025-07-21,SKU-1003,Sponsored Products,774,4,2.84,0,0.0
2025-07-21,SKU-1004,Sponsored Products,965,4,5.36,0,0.0
2025-07-21,SKU-1005,Sponsored Products,725,1,0.73,0,0.0
2025-07-21,SKU-1006,Sponsored Products,1003,3,2.37,0,0.0
2025-07-21,SKU-1007,Sponsored Brands,974,3,2.4,0,0.0
2025-07-21,SKU-1008,Sponsored Brands,764,2,2.42,0,0.0
2025-07-21,SKU-1009,Sponsored Display,664,3,1.5,0,0.0
2025-07-21,SKU-1010,Sponsored Products,1197,4,5.16,0,0.0
2025-07-22,SKU-1001,Sponsored Products,250,1,0.55,0,0.0
2025-07-22,SKU-1002,Sponsored Display,717,4,1.72,0,0.0
2025-07-22,SKU-1003,Sponsored Products,1099,3,3.51,0,0.0
2025-07-22,SKU-1004,Sponsored Products,1153,2,1.82,0,0.0
2025-07-22,SKU-1006,Sponsored Products,975,4,4.76,0,0.0
2025-07-22,SKU-1007,Sponsored Products,1298,4,3.2,0,0.0
2025-07-22,SKU-1008,Sponsored Products,1146,5,6.05,0,0.0
2025-07-22,SKU-1009,Sponsored Brands,1692,9,5.4,0,0.0
2025-07-22,SKU-1010,Sponsored Products,672,1,0.85,0,0.0
2025-07-23,SKU-1001,Sponsored Products,1286,6,5.34,0,0.0
2025-07-23,SKU-1002,Sponsored Products,1473,10,8.6,0,0.0
2025-07-23,SKU-1003,Sponsored Brands,576,3,2.28,0,0.0
2025-07-23,SKU-1004,Sponsored Products,1690,2,1.56,0,0.0
2025-07-23,SKU-1005,Sponsored Products,1089,3,3.69,0,0.0
2025-07-23,SKU-1006,Sponsored Products,292,1,0.76,0,0.0
2025-07-23,SKU-1007,Sponsored Brands,359,1,0.57,0,0.0
2025-07-23,SKU-1008,Sponsored Products,674,2,2.38,0,0.0
2025-07-23,SKU-1009,Sponsored Products,1466,5,3.55,0,0.0
2025-07-23,SKU-1010,Sponsored Brands,556,2,1.36,0,0.0
2025-07-24,SKU-1001,Sponsored Display,847,3,1.74,0,0.0
2025-07-24,SKU-1002,Sponsored Products,1446,6,2.7,0,0.0
2025-07-24,SKU-1003,Sponsored Products,1254,6,6.42,0,0.0
2025-07-24,SKU-1004,Sponsored Products,1333,6,3.06,0,0.0
2025-07-24,SKU-1005,Sponsored Products,1857,8,10.64,0,0.0
2025-07-24,SKU-1006,Sponsored Products,883,3,2.64,0,0.0
2025-07-24,SKU-1007,Sponsored Products,742,3,1.74,0,0.0
2025-07-24,SKU-1008,Sponsored Products,1008,6,3.18,0,0.0
2025-07-24,SKU-1009,Sponsored Products,295,0,0.0,0,0.0
2025-07-24,SKU-1010,Sponsored Products,906,3,3.42,0,0.0
2025-07-25,SKU-1001,Sponsored Products,733,3,3.75,0,0.0
2025-07-25,SKU-1002,Sponsored Display,1971,9,5.31,1,20.32
2025-07-25,SKU-1003,Sponsored Products,1158,3,2.01,0,0.0
2025-07-25,SKU-1004,Sponsored Products,788,2,1.52,0,0.0
2025-07-25,SKU-1005,Sponsored Products,1125,6,6.0,0,0.0
2025-07-25,SKU-1006,Sponsored Products,398,0,0.0,0,0.0
2025-07-25,SKU-1007,Sponsored Products,704,2,0.94,0,0.0
2025-07-25,SKU-1010,Sponsored Brands,621,2,1.28,0,0.0
2025-07-26,SKU-1001,Sponsored Products,641,2,1.1,0,0.0
2025-07-26,SKU-1002,Sponsored Products,952,4,1.72,0,0.0
2025-07-26,SKU-1003,Sponsored Products,1047,5,2.0,0,0.0
2025-07-26,SKU-1004,Sponsored Brands,691,1,0.94,0,0.0
2025-07-26,SKU-1005,Sponsored Products,1367,7,4.41,0,0.0
2025-07-26,SKU-1006,Sponsored Brands,741,3,3.15,0,0.0
2025-07-26,SKU-1007,Sponsored Products,918,2,2.06,0,0.0
2025-07-26,SKU-1008,Sponsored Products,606,3,3.12,0,0.0
2025-07-26,SKU-1009,Sponsored Display,1037,6,4.74,0,0.0
2025-07-26,SKU-1010,Sponsored Display,1392,8,6.48,0,0.0
2025-07-27,SKU-1001,Sponsored Brands,536,1,0.48,0,0.0
2025-07-27,SKU-1002,Sponsored Brands,1307,8,10.08,0,0.0
2025-07-27,SKU-1003,Sponsored Products,1309,4,1.4,0,0.0
2025-07-27,SKU-1004,Sponsored Products,1352,5,2.95,0,0.0
2025-07-27,SKU-1005,Sponsored Products,1002,5,2.45,0,0.0
2025-07-27,SKU-1006,Sponsored Brands,1156,4,2.2,0,0.0
2025-07-27,SKU-1007,Sponsored Brands,417,0,0.0,0,0.0
2025-07-27,SKU-1008,Sponsored Brands,747,2,2.06,0,0.0
2025-07-27,SKU-1009,Sponsored Products,1204,5,4.3,0,0.0
2025-07-27,SKU-1010,Sponsored Products,647,1,0.82,0,0.0
2025-07-28,SKU-1001,Sponsored Display,590,2,2.02,0,0.0
2025-07-28,SKU-1002,Sponsored Products,1670,7,9.17,0,0.0
2025-07-28,SKU-1003,Sponsored Products,544,2,2.38,0,0.0
2025-07-28,SKU-1004,Sponsored Products,300,1,0.72,0,0.0
2025-07-28,SKU-1006,Sponsored Products,1351,5,6.5,0,0.0
2025-07-28,SKU-1007,Sponsored Products,1102,3,1.74,0,0.0
2025-07-28,SKU-1008,Sponsored Products,583,2,2.12,0,0.0
2025-07-28,SKU-1009,Sponsored Products,1182,6,2.16,0,0.0
2025-07-28,SKU-1010,Sponsored Products,1494,6,5.76,0,0.0
2025-07-29,SKU-1001,Sponsored Products,1068,2,1.5,0,0.0
2025-07-29,SKU-1002,Sponsored Products,839,2,2.4,0,0.0
2025-07-29,SKU-1003,Sponsored Products,783,3,1.32,0,0.0
2025-07-29,SKU-1004,Sponsored Display,1649,4,4.12,0,0.0
2025-07-29,SKU-1005,Sponsored Brands,1066,4,3.84,0,0.0
2025-07-29,SKU-1006,Sponsored Products,556,3,3.63,0,0.0
2025-07-29,SKU-1008,Sponsored Products,1081,4,4.16,0,0.0
2025-07-29,SKU-1009,Sponsored Display,464,1,0.47,0,0.0
2025-07-29,SKU-1010,Sponsored Brands,763,3,2.91,0,0.0
2025-07-30,SKU-1001,Sponsored Products,955,4,3.68,0,0.0
2025-07-30,SKU-1002,Sponsored Products,990,4,2.08,0,0.0
2025-07-30,SKU-1003,Sponsored Products,655,2,1.26,0,0.0
2025-07-30,SKU-1004,Sponsored Brands,1328,7,7.28,0,0.0
2025-07-30,SKU-1005,Sponsored Products,1129,1,0.7,0,0.0
2025-07-30,SKU-1007,Sponsored Products,514,0,0.0,0,0.0
2025-07-30,SKU-1009,Sponsored Products,646,3,1.14,0,0.0
2025-07-30,SKU-1010,Sponsored Products,935,3,2.52,0,0.0
2025-07-31,SKU-1001,Sponsored Display,1239,5,4.75,0,0.0
2025-07-31,SKU-1002,Sponsored Brands,896,2,0.98,0,0.0
2025-07-31,SKU-1003,Sponsored Brands,226,0,0.0,0,0.0
2025-07-31,SKU-1004,Sponsored Products,905,4,2.48,0,0.0
2025-07-31,SKU-1005,Sponsored Products,1365,6,4.38,0,0.0
2025-07-31,SKU-1006,Sponsored Products,507,2,1.28,0,0.0
2025-07-31,SKU-1007,Sponsored Products,1731,8,9.2,0,0.0
2025-07-31,SKU-1008,Sponsored Products,1059,3,1.65,0,0.0
2025-07-31,SKU-1009,Sponsored Products,885,0,0.0,0,0.0
2025-07-31,SKU-1010,Sponsored Products,1310,5,5.55,0,0.0
2025-08-01,SKU-1001,Sponsored Products,1166,4,4.4,0,0.0
2025-08-01,SKU-1002,Sponsored Products,967,5,2.15,0,0.0
2025-08-01,SKU-1003,Sponsored Display,983,4,5.2,0,0.0
2025-08-01,SKU-1004,Sponsored Products,658,2,2.44,0,0.0
2025-08-01,SKU-1005,Sponsored Products,692,2,1.86,0,0.0
2025-08-01,SKU-1006,Sponsored Products,1526,6,3.42,0,0.0
2025-08-01,SKU-1007,Sponsored Brands,1062,4,2.12,0,0.0
2025-08-01,SKU-1008,Sponsored Products,1258,5,6.05,0,0.0
2025-08-01,SKU-1009,Sponsored Products,1276,5,2.95,0,0.0
2025-08-01,SKU-1010,Sponsored Products,1362,3,3.18,0,0.0
2025-08-02,SKU-1001,Sponsored Products,913,3,1.59,0,0.0
2025-08-02,SKU-1002,Sponsored Products,815,1,0.9,0,0.0
2025-08-02,SKU-1003,Sponsored Display,791,2,1.6,0,0.0
2025-08-02,SKU-1004,Sponsored Display,869,2,2.34,0,0.0
2025-08-02,SKU-1006,Sponsored Products,593,3,2.37,0,0.0
2025-08-02,SKU-1007,Sponsored Products,968,3,3.27,0,0.0
2025-08-02,SKU-1008,Sponsored Brands,528,2,0.92,0,0.0
2025-08-02,SKU-1009,Sponsored Brands,840,4,4.12,0,0.0
2025-08-02,SKU-1010,Sponsored Products,826,3,1.41,0,0.0
2025-08-03,SKU-1001,Sponsored Products,739,3,3.15,0,0.0
2025-08-03,SKU-1002,Sponsored Products,1135,4,3.84,0,0.0
2025-08-03,SKU-1003,Sponsored Brands,836,2,1.64,0,0.0
2025-08-03,SKU-1004,Sponsored Brands,1736,6,6.72,0,0.0
2025-08-03,SKU-1005,Sponsored Products,272,1,1.3,0,0.0
2025-08-03,SKU-1006,Sponsored Products,735,3,1.74,0,0.0
2025-08-03,SKU-1007,Sponsored Products,804,4,2.0,0,0.0
2025-08-03,SKU-1008,Sponsored Products,552,1,0.47,0,0.0
2025-08-03,SKU-1009,Sponsored Products,1135,5,4.85,0,0.0
2025-08-03,SKU-1010,Sponsored Products,847,3,2.91,0,0.0
2025-08-04,SKU-1001,Sponsored Products,1571,3,2.55,0,0.0
2025-08-04,SKU-1002,Sponsored Products,1276,5,2.7,0,0.0
2025-08-04,SKU-1003,Sponsored Display,1368,5,3.9,0,0.0
2025-08-04,SKU-1004,Sponsored Products,993,5,5.25,0,0.0
2025-08-04,SKU-1005,Sponsored Display,938,4,2.88,0,0.0
2025-08-04,SKU-1007,Sponsored Products,1153,5,2.9,0,0.0
2025-08-04,SKU-1008,Sponsored Products,554,3,1.86,0,0.0
2025-08-04,SKU-1009,Sponsored Products,724,2,1.38,0,0.0
2025-08-04,SKU-1010,Sponsored Products,653,1,0.41,0,0.0
2025-08-05,SKU-1001,Sponsored Products,455,2,2.2,0,0.0
2025-08-05,SKU-1002,Sponsored Products,1350,4,2.68,0,0.0
2025-08-05,SKU-1003,Sponsored Display,577,2,2.28,0,0.0
2025-08-05,SKU-1005,Sponsored Products,538,2,1.18,0,0.0
2025-08-05,SKU-1006,Sponsored Display,805,3,2.67,0,0.0
2025-08-05,SKU-1007,Sponsored Brands,663,1,1.01,0,0.0
2025-08-05,SKU-1008,Sponsored Display,1076,4,4.84,0,0.0
2025-08-05,SKU-1009,Sponsored Products,845,5,5.4,0,0.0
2025-08-05,SKU-1010,Sponsored Products,572,2,2.16,0,0.0
2025-08-06,SKU-1001,Sponsored Products,1441,6,4.98,1,24.46
2025-08-06,SKU-1002,Sponsored Products,1212,5,2.95,0,0.0
2025-08-06,SKU-1003,Sponsored Products,672,3,3.63,0,0.0
2025-08-06,SKU-1004,Sponsored Products,1078,3,3.18,0,0.0
2025-08-06,SKU-1005,Sponsored Products,1608,8,5.44,0,0.0
2025-08-06,SKU-1006,Sponsored Products,930,3,1.35,0,0.0
2025-08-06,SKU-1008,Sponsored Products,1018,4,3.84,0,0.0
2025-08-06,SKU-1009,Sponsored Brands,831,2,2.32,0,0.0
2025-08-06,SKU-1010,Sponsored Products,2217,11,5.61,1,21.34
2025-08-07,SKU-1001,Sponsored Products,485,2,1.2,0,0.0
2025-08-07,SKU-1002,Sponsored Products,1030,3,3.63,0,0.0
2025-08-07,SKU-1003,Sponsored Products,958,5,1.75,0,0.0
2025-08-07,SKU-1004,Sponsored Products,612,2,1.48,0,0.0
2025-08-07,SKU-1005,Sponsored Products,1134,5,6.25,0,0.0
2025-08-07,SKU-1006,Sponsored Products,1145,3,3.72,0,0.0
2025-08-07,SKU-1007,Sponsored Products,1445,5,3.05,0,0.0
2025-08-07,SKU-1008,Sponsored Products,744,3,1.35,0,0.0
2025-08-07,SKU-1009,Sponsored Products,1244,5,4.1,0,0.0
2025-08-07,SKU-1010,Sponsored Products,852,3,2.58,0,0.0
2025-08-08,SKU-1001,Sponsored Products,1402,6,3.78,0,0.0
2025-08-08,SKU-1002,Sponsored Products,662,1,0.94,0,0.0
2025-08-08,SKU-1003,Sponsored Products,1583,7,4.55,0,0.0
2025-08-08,SKU-1004,Sponsored Products,792,2,1.76,0,0.0
2025-08-08,SKU-1005,Sponsored Display,1368,5,3.85,0,0.0
2025-08-08,SKU-1006,Sponsored Products,1373,6,4.08,0,0.0
2025-08-08,SKU-1007,Sponsored Brands,824,2,1.52,0,0.0
2025-08-08,SKU-1008,Sponsored Brands,1302,5,5.4,0,0.0
2025-08-08,SKU-1009,Sponsored Products,651,4,1.8,0,0.0
2025-08-08,SKU-1010,Sponsored Brands,2200,11,14.74,1,23.45
2025-08-09,SKU-1001,Sponsored Products,721,2,1.08,0,0.0
2025-08-09,SKU-1002,Sponsored Products,943,2,2.36,0,0.0
2025-08-09,SKU-1003,Sponsored Display,919,4,3.56,0,0.0
2025-08-09,SKU-1004,Sponsored Brands,390,1,0.98,0,0.0
2025-08-09,SKU-1005,Sponsored Products,563,2,2.16,0,0.0
2025-08-09,SKU-1006,Sponsored Products,1090,5,2.15,0,0.0
2025-08-09,SKU-1007,Sponsored Brands,621,2,1.04,0,0.0
2025-08-09,SKU-1008,Sponsored Products,1228,3,2.43,0,0.0
2025-08-09,SKU-1009,Sponsored Products,1259,6,6.06,0,0.0
2025-08-09,SKU-1010,Sponsored Brands,725,3,2.22,0,0.0
2025-08-10,SKU-1001,Sponsored Products,348,1,0.41,0,0.0
2025-08-10,SKU-1002,Sponsored Products,1403,6,6.06,0,0.0
2025-08-10,SKU-1003,Sponsored Products,1086,4,2.12,0,0.0
2025-08-10,SKU-1004,Sponsored Products,661,1,0.39,0,0.0
2025-08-10,SKU-1005,Sponsored Display,1589,6,2.7,0,0.0
2025-08-10,SKU-1006,Sponsored Products,695,2,1.02,0,0.0
2025-08-10,SKU-1007,Sponsored Products,337,1,0.77,0,0.0
2025-08-10,SKU-1008,Sponsored Products,738,3,1.53,0,0.0
2025-08-10,SKU-1009,Sponsored Brands,953,4,2.72,0,0.0
2025-08-10,SKU-1010,Sponsored Products,1045,2,1.04,0,0.0
2025-08-11,SKU-1001,Sponsored Brands,981,5,2.8,0,0.0
2025-08-11,SKU-1002,Sponsored Products,1186,6,7.8,0,0.0
2025-08-11,SKU-1003,Sponsored Products,357,1,0.78,0,0.0
2025-08-11,SKU-1004,Sponsored Products,971,6,4.74,0,0.0
2025-08-11,SKU-1005,Sponsored Brands,1027,4,3.48,0,0.0
2025-08-11,SKU-1006,Sponsored Products,321,1,1.04,0,0.0
2025-08-11,SKU-1007,Sponsored Products,1297,5,2.2,0,0.0
2025-08-11,SKU-1008,Sponsored Brands,457,2,2.3,0,0.0
2025-08-11,SKU-1009,Sponsored Products,717,2,1.32,0,0.0
2025-08-11,SKU-1010,Sponsored Products,1383,7,4.48,0,0.0
2025-08-12,SKU-1001,Sponsored Display,237,0,0.0,0,0.0
2025-08-12,SKU-1002,Sponsored Products,485,2,2.32,0,0.0
2025-08-12,SKU-1003,Sponsored Products,929,3,2.31,0,0.0
2025-08-12,SKU-1004,Sponsored Products,1627,7,7.56,0,0.0
2025-08-12,SKU-1005,Sponsored Products,658,1,0.53,0,0.0
2025-08-12,SKU-1006,Sponsored Products,773,2,1.38,0,0.0
2025-08-12,SKU-1007,Sponsored Display,667,2,1.78,0,0.0
2025-08-12,SKU-1008,Sponsored Brands,445,2,1.8,0,0.0
2025-08-12,SKU-1009,Sponsored Display,1422,7,5.04,0,0.0
2025-08-12,SKU-1010,Sponsored Products,476,1,0.5,0,0.0
2025-08-13,SKU-1001,Sponsored Products,767,3,3.75,0,0.0
2025-08-13,SKU-1002,Sponsored Products,1641,6,7.74,0,0.0
2025-08-13,SKU-1003,Sponsored Products,702,2,1.06,0,0.0
2025-08-13,SKU-1004,Sponsored Products,698,3,3.3,0,0.0
2025-08-13,SKU-1005,Sponsored Products,1079,6,5.64,0,0.0
2025-08-13,SKU-1006,Sponsored Products,1707,6,7.74,0,0.0
2025-08-13,SKU-1007,Sponsored Display,820,3,2.61,0,0.0
2025-08-13,SKU-1008,Sponsored Brands,1794,8,4.16,1,19.57
2025-08-13,SKU-1009,Sponsored Products,1438,6,6.42,0,0.0
2025-08-13,SKU-1010,Sponsored Products,834,3,1.08,0,0.0
2025-08-14,SKU-1001,Sponsored Display,1118,4,5.28,0,0.0
2025-08-14,SKU-1002,Sponsored Products,1497,3,1.53,0,0.0
2025-08-14,SKU-1003,Sponsored Brands,1552,4,2.96,0,0.0
2025-08-14,SKU-1004,Sponsored Products,914,4,4.28,0,0.0
2025-08-14,SKU-1005,Sponsored Products,981,3,3.6,0,0.0
2025-08-14,SKU-1008,Sponsored Products,257,0,0.0,0,0.0
2025-08-14,SKU-1009,Sponsored Display,769,3,2.91,0,0.0
2025-08-14,SKU-1010,Sponsored Brands,1716,5,5.6,0,0.0
2025-08-15,SKU-1001,Sponsored Products,1333,5,2.6,0,0.0
2025-08-15,SKU-1002,Sponsored Products,915,5,5.45,0,0.0
2025-08-15,SKU-1003,Sponsored Products,832,1,0.85,0,0.0
2025-08-15,SKU-1004,Sponsored Products,1737,8,5.44,0,0.0
2025-08-15,SKU-1005,Sponsored Products,703,3,1.2,0,0.0
2025-08-15,SKU-1006,Sponsored Display,1797,8,10.64,1,14.46
2025-08-15,SKU-1007,Sponsored Products,877,3,1.8,0,0.0
2025-08-15,SKU-1008,Sponsored Products,471,1,0.99,0,0.0
2025-08-15,SKU-1009,Sponsored Products,703,2,1.84,0,0.0
2025-08-15,SKU-1010,Sponsored Brands,804,2,1.08,0,0.0
2025-08-16,SKU-1001,Sponsored Products,1166,4,1.96,0,0.0
2025-08-16,SKU-1002,Sponsored Brands,630,1,0.46,0,0.0
2025-08-16,SKU-1003,Sponsored Brands,734,2,2.22,0,0.0
2025-08-16,SKU-1004,Sponsored Products,378,1,1.35,0,0.0
2025-08-16,SKU-1005,Sponsored Products,1006,3,1.98,0,0.0
2025-08-16,SKU-1006,Sponsored Products,418,0,0.0,0,0.0
2025-08-16,SKU-1007,Sponsored Products,1482,5,1.85,0,0.0
2025-08-16,SKU-1008,Sponsored Products,628,1,1.28,0,0.0
2025-08-16,SKU-1009,Sponsored Products,540,2,2.28,0,0.0
2025-08-16,SKU-1010,Sponsored Products,1506,6,2.64,0,0.0
2025-08-17,SKU-1001,Sponsored Brands,1051,2,2.36,0,0.0
2025-08-17,SKU-1002,Sponsored Brands,788,2,2.44,0,0.0
2025-08-17,SKU-1003,Sponsored Products,796,3,2.61,0,0.0
2025-08-17,SKU-1004,Sponsored Display,833,3,3.9,0,0.0
2025-08-17,SKU-1005,Sponsored Products,1097,3,2.13,0,0.0
2025-08-17,SKU-1006,Sponsored Products,658,3,4.02,0,0.0
2025-08-17,SKU-1007,Sponsored Brands,641,3,3.27,0,0.0
2025-08-17,SKU-1008,Sponsored Products,616,2,1.66,0,0.0
2025-08-17,SKU-1009,Sponsored Brands,1157,5,2.75,0,0.0
2025-08-17,SKU-1010,Sponsored Products,1414,7,4.2,0,0.0
2025-08-18,SKU-1001,Sponsored Products,947,2,0.8,0,0.0
2025-08-18,SKU-1002,Sponsored Products,867,3,3.39,0,0.0
2025-08-18,SKU-1003,Sponsored Products,521,2,1.24,0,0.0
2025-08-18,SKU-1004,Sponsored Products,329,1,0.62,0,0.0
2025-08-18,SKU-1005,Sponsored Products,679,3,1.89,0,0.0
2025-08-18,SKU-1006,Sponsored Products,636,2,1.14,0,0.0
2025-08-18,SKU-1007,Sponsored Products,1036,4,3.68,0,0.0
2025-08-18,SKU-1008,Sponsored Products,848,2,1.88,0,0.0
2025-08-18,SKU-1009,Sponsored Brands,890,2,1.18,0,0.0
2025-08-18,SKU-1010,Sponsored Brands,840,3,3.45,0,0.0
2025-08-19,SKU-1001,Sponsored Products,569,1,1.0,0,0.0
2025-08-19,SKU-1002,Sponsored Brands,451,2,1.0,0,0.0
2025-08-19,SKU-1003,Sponsored Products,288,1,0.89,0,0.0
2025-08-19,SKU-1004,Sponsored Products,794,2,2.32,0,0.0
2025-08-19,SKU-1005,Sponsored Products,361,1,0.89,0,0.0
2025-08-19,SKU-1006,Sponsored Brands,893,1,0.98,0,0.0
2025-08-19,SKU-1007,Sponsored Products,809,4,1.64,0,0.0
2025-08-19,SKU-1008,Sponsored Products,531,2,1.46,0,0.0
2025-08-19,SKU-1010,Sponsored Display,885,4,1.96,0,0.0
2025-08-20,SKU-1001,Sponsored Products,668,1,0.47,0,0.0
2025-08-20,SKU-1002,Sponsored Products,922,1,1.02,0,0.0
2025-08-20,SKU-1003,Sponsored Products,1828,9,7.38,1,32.27
2025-08-20,SKU-1004,Sponsored Products,1561,6,3.06,0,0.0
2025-08-20,SKU-1005,Sponsored Products,896,5,5.1,0,0.0
2025-08-20,SKU-1006,Sponsored Products,1260,3,1.17,0,0.0
2025-08-20,SKU-1007,Sponsored Display,1562,10,4.6,1,13.39
2025-08-20,SKU-1008,Sponsored Products,485,2,0.82,0,0.0
2025-08-20,SKU-1009,Sponsored Products,967,5,2.85,0,0.0
2025-08-20,SKU-1010,Sponsored Products,796,2,1.1,0,0.0
2025-08-21,SKU-1001,Sponsored Products,815,2,0.84,0,0.0
2025-08-21,SKU-1002,Sponsored Brands,826,4,3.12,0,0.0
2025-08-21,SKU-1003,Sponsored Products,1176,5,1.9,0,0.0
2025-08-21,SKU-1004,Sponsored Products,401,1,0.9,0,0.0
2025-08-21,SKU-1005,Sponsored Products,657,3,3.0,0,0.0
2025-08-21,SKU-1006,Sponsored Products,711,3,2.85,0,0.0
2025-08-21,SKU-1007,Sponsored Display,690,1,0.54,0,0.0
2025-08-21,SKU-1008,Sponsored Products,763,3,1.38,0,0.0
2025-08-21,SKU-1009,Sponsored Brands,544,1,1.2,0,0.0
2025-08-21,SKU-1010,Sponsored Products,673,3,2.1,0,0.0
2025-08-22,SKU-1001,Sponsored Products,534,1,1.1,0,0.0
2025-08-22,SKU-1002,Sponsored Products,946,4,4.72,0,0.0
2025-08-22,SKU-1003,Sponsored Display,810,3,2.49,0,0.0
2025-08-22,SKU-1004,Sponsored Products,809,2,1.12,0,0.0
2025-08-22,SKU-1005,Sponsored Brands,431,0,0.0,0,0.0
2025-08-22,SKU-1007,Sponsored Products,939,6,5.76,0,0.0
2025-08-22,SKU-1008,Sponsored Products,692,3,2.25,0,0.0
2025-08-22,SKU-1009,Sponsored Display,1351,5,4.15,0,0.0
2025-08-22,SKU-1010,Sponsored Brands,945,4,3.64,0,0.0
2025-08-23,SKU-1002,Sponsored Products,765,2,2.04,0,0.0
2025-08-23,SKU-1003,Sponsored Products,800,3,1.23,0,0.0
2025-08-23,SKU-1004,Sponsored Products,987,1,0.56,0,0.0
2025-08-23,SKU-1005,Sponsored Products,2174,6,2.94,0,0.0
2025-08-23,SKU-1006,Sponsored Display,1531,4,4.76,0,0.0
2025-08-23,SKU-1007,Sponsored Products,686,1,0.49,0,0.0
2025-08-23,SKU-1008,Sponsored Products,1116,4,2.2,0,0.0
2025-08-23,SKU-1010,Sponsored Products,539,3,1.86,0,0.0
2025-08-24,SKU-1001,Sponsored Products,626,1,1.07,0,0.0
2025-08-24,SKU-1002,Sponsored Products,831,1,0.53,0,0.0
2025-08-24,SKU-1003,Sponsored Brands,234,1,0.85,0,0.0
2025-08-24,SKU-1004,Sponsored Products,1356,5,3.55,0,0.0
2025-08-24,SKU-1005,Sponsored Products,727,2,1.32,0,0.0
2025-08-24,SKU-1006,Sponsored Products,354,1,0.4,0,0.0
2025-08-24,SKU-1007,Sponsored Products,769,1,0.66,0,0.0
2025-08-24,SKU-1008,Sponsored Brands,1666,8,4.56,0,0.0
2025-08-24,SKU-1009,Sponsored Brands,1237,3,1.68,0,0.0
2025-08-24,SKU-1010,Sponsored Brands,1058,2,1.28,0,0.0
2025-08-25,SKU-1001,Sponsored Products,425,1,1.27,0,0.0
2025-08-25,SKU-1002,Sponsored Products,933,3,3.36,0,0.0
2025-08-25,SKU-1003,Sponsored Products,1251,4,4.32,0,0.0
2025-08-25,SKU-1004,Sponsored Products,326,1,0.91,0,0.0
2025-08-25,SKU-1005,Sponsored Products,817,3,3.03,0,0.0
2025-08-25,SKU-1006,Sponsored Brands,1200,5,6.15,0,0.0
2025-08-25,SKU-1007,Sponsored Products,583,1,1.27,0,0.0
2025-08-25,SKU-1008,Sponsored Products,1137,1,0.86,0,0.0
2025-08-25,SKU-1009,Sponsored Products,967,4,2.16,0,0.0
2025-08-25,SKU-1010,Sponsored Display,893,2,1.36,0,0.0
2025-08-26,SKU-1001,Sponsored Products,546,2,2.7,0,0.0
2025-08-26,SKU-1002,Sponsored Products,453,1,1.29,0,0.0
2025-08-26,SKU-1003,Sponsored Products,229,0,0.0,0,0.0
2025-08-26,SKU-1004,Sponsored Products,631,2,2.18,0,0.0
2025-08-26,SKU-1005,Sponsored Products,578,2,1.72,0,0.0
2025-08-26,SKU-1006,Sponsored Products,1498,7,4.55,0,0.0
2025-08-26,SKU-1007,Sponsored Products,879,2,2.68,0,0.0
2025-08-26,SKU-1008,Sponsored Products,401,1,0.97,0,0.0
2025-08-26,SKU-1009,Sponsored Products,1320,6,5.82,0,0.0
2025-08-26,SKU-1010,Sponsored Products,514,2,1.4,0,0.0
2025-08-27,SKU-1001,Sponsored Products,917,2,1.72,0,0.0
2025-08-27,SKU-1002,Sponsored Products,1006,4,2.8,0,0.0
2025-08-27,SKU-1003,Sponsored Products,926,2,0.84,0,0.0
2025-08-27,SKU-1004,Sponsored Display,863,3,2.88,0,0.0
2025-08-27,SKU-1005,Sponsored Products,1018,6,8.1,0,0.0
2025-08-27,SKU-1006,Sponsored Products,736,2,1.28,0,0.0
2025-08-27,SKU-1007,Sponsored Products,986,3,2.31,0,0.0
2025-08-27,SKU-1008,Sponsored Brands,280,0,0.0,0,0.0
2025-08-27,SKU-1009,Sponsored Products,1066,5,6.2,0,0.0
2025-08-27,SKU-1010,Sponsored Products,917,0,0.0,0,0.0
2025-08-28,SKU-1001,Sponsored Products,805,1,0.65,0,0.0
2025-08-28,SKU-1002,Sponsored Products,809,4,3.2,0,0.0
2025-08-28,SKU-1003,Sponsored Products,646,3,1.14,0,0.0
2025-08-28,SKU-1004,Sponsored Products,1445,6,3.3,0,0.0
2025-08-28,SKU-1005,Sponsored Brands,1010,3,1.23,0,0.0
2025-08-28,SKU-1006,Sponsored Products,1047,4,3.36,0,0.0
2025-08-28,SKU-1007,Sponsored Brands,624,3,2.16,0,0.0
2025-08-28,SKU-1008,Sponsored Products,517,1,1.16,0,0.0
2025-08-28,SKU-1009,Sponsored Products,839,3,2.1,0,0.0
2025-08-28,SKU-1010,Sponsored Products,1033,3,2.22,0,0.0
2025-08-29,SKU-1001,Sponsored Display,1003,4,4.44,0,0.0
2025-08-29,SKU-1002,Sponsored Brands,921,3,2.28,0,0.0
2025-08-29,SKU-1003,Sponsored Display,1949,13,14.43,1,29.46
2025-08-29,SKU-1004,Sponsored Products,846,2,2.08,0,0.0
2025-08-29,SKU-1005,Sponsored Products,702,3,3.15,0,0.0
2025-08-29,SKU-1006,Sponsored Products,614,1,0.8,0,0.0
2025-08-29,SKU-1007,Sponsored Display,769,1,0.52,0,0.0
2025-08-29,SKU-1008,Sponsored Products,897,2,2.56,0,0.0
2025-08-29,SKU-1009,Sponsored Products,747,4,1.64,0,0.0
2025-08-29,SKU-1010,Sponsored Products,679,3,1.11,0,0.0
2025-08-30,SKU-1001,Sponsored Products,1225,3,2.37,0,0.0
2025-08-30,SKU-1002,Sponsored Products,1505,8,8.88,1,18.49
2025-08-30,SKU-1003,Sponsored Brands,770,4,5.4,0,0.0
2025-08-30,SKU-1004,Sponsored Products,707,2,2.68,0,0.0
2025-08-30,SKU-1005,Sponsored Products,634,2,2.44,0,0.0
2025-08-30,SKU-1006,Sponsored Products,1284,4,2.08,0,0.0
2025-08-30,SKU-1007,Sponsored Brands,936,4,4.28,0,0.0
2025-08-30,SKU-1008,Sponsored Products,1194,5,5.55,0,0.0
2025-08-30,SKU-1009,Sponsored Brands,556,1,1.23,0,0.0
2025-08-31,SKU-1001,Sponsored Products,1089,6,7.02,0,0.0
2025-08-31,SKU-1002,Sponsored Products,698,2,0.78,0,0.0
2025-08-31,SKU-1003,Sponsored Products,1230,4,5.0,0,0.0
2025-08-31,SKU-1004,Sponsored Products,723,2,0.78,0,0.0
2025-08-31,SKU-1005,Sponsored Products,870,2,2.12,0,0.0
2025-08-31,SKU-1006,Sponsored Products,637,1,0.44,0,0.0
2025-08-31,SKU-1007,Sponsored Products,654,1,0.49,0,0.0
2025-08-31,SKU-1008,Sponsored Products,976,4,4.44,0,0.0
2025-08-31,SKU-1009,Sponsored Products,1345,2,2.54,0,0.0
2025-08-31,SKU-1010,Sponsored Products,431,1,1.08,0,0.0
2025-09-01,SKU-1001,Sponsored Display,2545,9,7.2,1,23.31
2025-09-01,SKU-1002,Sponsored Products,518,2,1.28,0,0.0
2025-09-01,SKU-1003,Sponsored Products,589,3,2.31,0,0.0
2025-09-01,SKU-1004,Sponsored Products,1701,9,11.7,1,16.91
2025-09-01,SKU-1005,Sponsored Products,1512,6,3.12,0,0.0
2025-09-01,SKU-1006,Sponsored Products,542,2,2.62,0,0.0
2025-09-01,SKU-1007,Sponsored Products,1030,5,2.45,0,0.0
2025-09-01,SKU-1008,Sponsored Display,775,4,3.44,0,0.0
2025-09-01,SKU-1009,Sponsored Display,1494,3,1.44,0,0.0
2025-09-01,SKU-1010,Sponsored Products,1400,3,2.07,0,0.0
2025-09-02,SKU-1001,Sponsored Products,800,4,2.28,0,0.0
2025-09-02,SKU-1002,Sponsored Products,1737,6,5.46,0,0.0
2025-09-02,SKU-1003,Sponsored Products,892,3,1.29,0,0.0
2025-09-02,SKU-1004,Sponsored Brands,1002,5,5.25,0,0.0
2025-09-02,SKU-1005,Sponsored Brands,1667,9,10.44,0,0.0
2025-09-02,SKU-1006,Sponsored Brands,1265,5,3.9,0,0.0
2025-09-02,SKU-1007,Sponsored Products,2134,8,5.52,0,0.0
2025-09-02,SKU-1008,Sponsored Products,1661,8,6.56,0,0.0
2025-09-02,SKU-1009,Sponsored Products,881,2,1.84,0,0.0
2025-09-02,SKU-1010,Sponsored Brands,969,4,4.96,0,0.0
2025-09-03,SKU-1001,Sponsored Products,1101,5,3.9,0,0.0
2025-09-03,SKU-1002,Sponsored Display,1023,5,5.25,0,0.0
2025-09-03,SKU-1003,Sponsored Brands,997,2,2.42,0,0.0
2025-09-03,SKU-1004,Sponsored Products,1173,6,7.98,0,0.0
2025-09-03,SKU-1005,Sponsored Products,1045,4,2.16,0,0.0
2025-09-03,SKU-1006,Sponsored Products,360,0,0.0,0,0.0
2025-09-03,SKU-1007,Sponsored Products,500,1,0.39,0,0.0
2025-09-03,SKU-1008,Sponsored Products,1192,5,3.3,0,0.0
2025-09-03,SKU-1009,Sponsored Products,1021,1,0.5,0,0.0
2025-09-03,SKU-1010,Sponsored Products,607,3,3.09,0,0.0
2025-09-04,SKU-1001,Sponsored Products,950,1,0.58,0,0.0
2025-09-04,SKU-1002,Sponsored Products,1620,7,5.18,0,0.0
2025-09-04,SKU-1003,Sponsored Products,1106,3,1.86,0,0.0
2025-09-04,SKU-1004,Sponsored Products,345,0,0.0,0,0.0
2025-09-04,SKU-1005,Sponsored Products,516,2,2.52,0,0.0
2025-09-04,SKU-1006,Sponsored Products,538,1,0.9,0,0.0
2025-09-04,SKU-1007,Sponsored Brands,2051,5,4.1,0,0.0
2025-09-04,SKU-1008,Sponsored Display,1063,6,7.2,0,0.0
2025-09-04,SKU-1009,Sponsored Products,511,1,0.64,0,0.0
2025-09-04,SKU-1010,Sponsored Products,1466,4,3.52,0,0.0
2025-09-05,SKU-1001,Sponsored Brands,1169,4,2.36,0,0.0
2025-09-05,SKU-1002,Sponsored Products,2083,4,3.68,0,0.0
2025-09-05,SKU-1003,Sponsored Products,1316,4,1.88,0,0.0
2025-09-05,SKU-1004,Sponsored Products,639,3,2.28,0,0.0
2025-09-05,SKU-1005,Sponsored Products,1100,3,2.7,0,0.0
2025-09-05,SKU-1006,Sponsored Brands,979,5,3.3,0,0.0
2025-09-05,SKU-1007,Sponsored Products,1357,7,7.35,0,0.0
2025-09-05,SKU-1008,Sponsored Products,1505,6,5.64,0,0.0
2025-09-05,SKU-1009,Sponsored Brands,695,2,0.96,0,0.0
2025-09-05,SKU-1010,Sponsored Display,899,2,1.18,0,0.0
2025-09-06,SKU-1001,Sponsored Products,782,3,3.75,0,0.0
2025-09-06,SKU-1002,Sponsored Products,1598,8,4.4,1,18.83
2025-09-06,SKU-1003,Sponsored Products,1546,6,5.46,0,0.0
2025-09-06,SKU-1004,Sponsored Products,1442,6,4.56,0,0.0
2025-09-06,SKU-1005,Sponsored Brands,1517,6,4.14,0,0.0
2025-09-06,SKU-1006,Sponsored Display,1302,3,3.84,0,0.0
2025-09-06,SKU-1007,Sponsored Products,1293,5,4.6,0,0.0
2025-09-06,SKU-1008,Sponsored Display,466,1,0.58,0,0.0
2025-09-06,SKU-1009,Sponsored Brands,446,1,1.09,0,0.0
2025-09-06,SKU-1010,Sponsored Products,552,1,1.23,0,0.0
2025-09-07,SKU-1001,Sponsored Display,1820,6,4.98,0,0.0
2025-09-07,SKU-1002,Sponsored Brands,1616,8,10.48,1,19.57
2025-09-07,SKU-1003,Sponsored Products,1095,3,1.2,0,0.0
2025-09-07,SKU-1004,Sponsored Products,1167,6,2.16,0,0.0
2025-09-07,SKU-1005,Sponsored Display,828,2,1.4,0,0.0
2025-09-07,SKU-1006,Sponsored Products,934,2,1.44,0,0.0
2025-09-07,SKU-1007,Sponsored Products,405,2,0.98,0,0.0
2025-09-07,SKU-1008,Sponsored Products,1427,8,10.16,0,0.0
2025-09-07,SKU-1009,Sponsored Products,1485,4,2.52,0,0.0
2025-09-07,SKU-1010,Sponsored Products,774,2,0.94,0,0.0
2025-09-08,SKU-1001,Sponsored Display,722,2,2.68,0,0.0
2025-09-08,SKU-1002,Sponsored Brands,1178,4,3.52,0,0.0
2025-09-08,SKU-1003,Sponsored Display,1001,3,4.02,0,0.0
2025-09-08,SKU-1004,Sponsored Products,697,2,1.26,0,0.0
2025-09-08,SKU-1005,Sponsored Products,872,1,1.09,0,0.0
2025-09-08,SKU-1006,Sponsored Products,1563,5,6.0,0,0.0
2025-09-08,SKU-1007,Sponsored Products,1168,3,2.64,0,0.0
2025-09-08,SKU-1008,Sponsored Brands,1094,5,1.95,0,0.0
2025-09-08,SKU-1009,Sponsored Products,888,3,3.21,0,0.0
2025-09-08,SKU-1010,Sponsored Products,1312,5,5.75,0,0.0
2025-09-09,SKU-1001,Sponsored Brands,865,3,3.69,0,0.0
2025-09-09,SKU-1002,Sponsored Products,1071,5,3.85,0,0.0
2025-09-09,SKU-1003,Sponsored Products,744,3,2.1,0,0.0
2025-09-09,SKU-1004,Sponsored Products,655,1,0.4,0,0.0
2025-09-09,SKU-1005,Sponsored Display,1777,6,3.84,1,33.46
2025-09-09,SKU-1006,Sponsored Brands,1320,6,2.64,0,0.0
2025-09-09,SKU-1007,Sponsored Products,831,4,1.96,0,0.0
2025-09-09,SKU-1008,Sponsored Products,970,6,6.96,0,0.0
2025-09-09,SKU-1009,Sponsored Brands,969,3,4.02,0,0.0
2025-09-09,SKU-1010,Sponsored Products,1261,4,1.6,0,0.0
2025-09-10,SKU-1001,Sponsored Products,1364,4,1.84,0,0.0
2025-09-10,SKU-1002,Sponsored Products,587,2,2.52,0,0.0
2025-09-10,SKU-1003,Sponsored Brands,811,2,1.98,0,0.0
2025-09-10,SKU-1004,Sponsored Products,626,3,3.87,0,0.0
2025-09-10,SKU-1005,Sponsored Products,870,3,2.31,0,0.0
2025-09-10,SKU-1006,Sponsored Products,715,3,2.73,0,0.0
2025-09-10,SKU-1007,Sponsored Products,1255,3,2.1,0,0.0
2025-09-10,SKU-1008,Sponsored Products,1954,6,7.8,0,0.0
2025-09-10,SKU-1009,Sponsored Brands,904,5,5.55,0,0.0
2025-09-10,SKU-1010,Sponsored Products,625,2,0.94,0,0.0
2025-09-11,SKU-1001,Sponsored Products,841,4,2.52,0,0.0
2025-09-11,SKU-1002,Sponsored Products,878,3,1.23,0,0.0
2025-09-11,SKU-1003,Sponsored Brands,1322,3,3.0,0,0.0
2025-09-11,SKU-1004,Sponsored Products,1495,6,4.44,0,0.0
2025-09-11,SKU-1005,Sponsored Products,717,2,1.3,0,0.0
2025-09-11,SKU-1006,Sponsored Products,596,1,1.14,0,0.0
2025-09-11,SKU-1007,Sponsored Brands,1246,5,3.8,0,0.0
2025-09-11,SKU-1008,Sponsored Display,2016,9,3.33,1,21.74
2025-09-11,SKU-1009,Sponsored Products,471,1,1.27,0,0.0
2025-09-11,SKU-1010,Sponsored Brands,1182,4,4.92,0,0.0
2025-09-12,SKU-1001,Sponsored Products,566,2,1.9,0,0.0
2025-09-12,SKU-1002,Sponsored Brands,1219,5,2.05,0,0.0
2025-09-12,SKU-1003,Sponsored Products,988,1,0.74,0,0.0
2025-09-12,SKU-1004,Sponsored Products,1129,3,1.14,0,0.0
2025-09-12,SKU-1005,Sponsored Products,1985,5,6.65,0,0.0
2025-09-12,SKU-1006,Sponsored Brands,1522,6,4.44,0,0.0
2025-09-12,SKU-1007,Sponsored Products,278,1,1.28,0,0.0
2025-09-12,SKU-1008,Sponsored Products,1123,5,3.0,0,0.0
2025-09-12,SKU-1009,Sponsored Display,1083,7,4.13,0,0.0
2025-09-12,SKU-1010,Sponsored Brands,522,1,0.73,0,0.0
2025-09-13,SKU-1001,Sponsored Brands,1067,3,2.04,0,0.0
2025-09-13,SKU-1002,Sponsored Brands,338,2,2.62,0,0.0
2025-09-13,SKU-1003,Sponsored Products,1506,6,3.66,0,0.0
2025-09-13,SKU-1004,Sponsored Products,1640,3,1.62,0,0.0
2025-09-13,SKU-1005,Sponsored Products,1643,6,4.08,0,0.0
2025-09-13,SKU-1006,Sponsored Products,497,1,0.99,0,0.0
2025-09-13,SKU-1007,Sponsored Products,500,3,1.86,0,0.0
2025-09-13,SKU-1008,Sponsored Brands,979,1,0.79,0,0.0
2025-09-13,SKU-1009,Sponsored Brands,546,2,1.96,0,0.0
2025-09-13,SKU-1010,Sponsored Display,1231,5,3.1,0,0.0
2025-09-14,SKU-1001,Sponsored Products,1446,7,5.53,1,25.06
2025-09-14,SKU-1002,Sponsored Products,815,3,1.44,0,0.0
2025-09-14,SKU-1003,Sponsored Products,1481,9,7.83,1,27.69
2025-09-14,SKU-1004,Sponsored Products,1805,6,4.62,0,0.0
2025-09-14,SKU-1005,Sponsored Products,1159,6,4.98,0,0.0
2025-09-14,SKU-1006,Sponsored Products,829,2,1.98,0,0.0
2025-09-14,SKU-1007,Sponsored Products,1126,2,2.3,0,0.0
2025-09-14,SKU-1008,Sponsored Display,2041,7,3.01,1,19.95
2025-09-14,SKU-1009,Sponsored Brands,1475,4,2.4,0,0.0
2025-09-14,SKU-1010,Sponsored Products,1009,3,1.44,0,0.0
2025-09-15,SKU-1001,Sponsored Display,506,2,0.88,0,0.0
2025-09-15,SKU-1002,Sponsored Products,350,2,2.38,0,0.0
2025-09-15,SKU-1003,Sponsored Products,1200,3,2.76,0,0.0
2025-09-15,SKU-1004,Sponsored Products,1285,7,6.65,0,0.0
2025-09-15,SKU-1005,Sponsored Products,839,4,2.04,0,0.0
2025-09-15,SKU-1006,Sponsored Brands,818,2,2.68,0,0.0
2025-09-15,SKU-1007,Sponsored Products,1585,6,7.68,0,0.0
2025-09-15,SKU-1008,Sponsored Products,808,3,1.89,0,0.0
2025-09-15,SKU-1009,Sponsored Brands,1419,5,4.55,0,0.0
2025-09-15,SKU-1010,Sponsored Products,1093,6,7.98,0,0.0
2025-09-16,SKU-1001,Sponsored Products,2123,5,4.35,0,0.0
2025-09-16,SKU-1002,Sponsored Products,1403,6,3.3,0,0.0
2025-09-16,SKU-1003,Sponsored Products,1695,5,5.5,0,0.0
2025-09-16,SKU-1004,Sponsored Products,744,2,1.58,0,0.0
2025-09-16,SKU-1005,Sponsored Brands,1353,6,8.1,0,0.0
2025-09-16,SKU-1006,Sponsored Products,1004,1,1.14,0,0.0
2025-09-16,SKU-1007,Sponsored Products,1240,7,8.12,0,0.0
2025-09-16,SKU-1008,Sponsored Products,779,4,3.16,0,0.0
2025-09-16,SKU-1009,Sponsored Products,981,2,2.12,0,0.0
2025-09-16,SKU-1010,Sponsored Products,1855,7,5.6,0,0.0
2025-09-17,SKU-1001,Sponsored Brands,793,2,0.72,0,0.0
2025-09-17,SKU-1003,Sponsored Brands,980,6,2.7,0,0.0
2025-09-17,SKU-1004,Sponsored Products,725,1,1.15,0,0.0
2025-09-17,SKU-1005,Sponsored Brands,629,2,1.76,0,0.0
2025-09-17,SKU-1006,Sponsored Products,923,5,4.35,0,0.0
2025-09-17,SKU-1007,Sponsored Products,895,3,1.83,0,0.0
2025-09-17,SKU-1008,Sponsored Products,1232,2,0.92,0,0.0
2025-09-17,SKU-1009,Sponsored Products,1174,3,1.89,0,0.0
2025-09-18,SKU-1001,Sponsored Brands,919,3,1.68,0,0.0
2025-09-18,SKU-1003,Sponsored Products,594,2,1.16,0,0.0
2025-09-18,SKU-1004,Sponsored Brands,778,4,1.44,0,0.0
2025-09-18,SKU-1005,Sponsored Products,1891,5,2.25,0,0.0
2025-09-18,SKU-1006,Sponsored Products,1032,7,8.61,0,0.0
2025-09-18,SKU-1007,Sponsored Brands,1492,2,2.66,0,0.0
2025-09-18,SKU-1008,Sponsored Products,1242,5,2.5,0,0.0
2025-09-18,SKU-1009,Sponsored Display,992,3,2.22,0,0.0
2025-09-19,SKU-1001,Sponsored Products,1628,6,4.32,0,0.0
2025-09-19,SKU-1002,Sponsored Products,1635,7,6.86,0,0.0
2025-09-19,SKU-1003,Sponsored Products,401,1,1.04,0,0.0
2025-09-19,SKU-1004,Sponsored Display,579,1,0.49,0,0.0
2025-09-19,SKU-1005,Sponsored Products,659,3,1.92,0,0.0
2025-09-19,SKU-1006,Sponsored Products,810,2,1.32,0,0.0
2025-09-19,SKU-1007,Sponsored Products,1905,4,5.12,0,0.0
2025-09-19,SKU-1008,Sponsored Products,1237,8,9.84,1,20.57
2025-09-19,SKU-1009,Sponsored Products,1556,4,2.72,0,0.0
2025-09-20,SKU-1001,Sponsored Products,1246,4,2.2,0,0.0
2025-09-20,SKU-1002,Sponsored Products,1064,4,1.84,0,0.0
2025-09-20,SKU-1003,Sponsored Products,1559,7,3.92,0,0.0
2025-09-20,SKU-1004,Sponsored Products,1110,3,4.02,0,0.0
2025-09-20,SKU-1005,Sponsored Products,646,2,1.12,0,0.0
2025-09-20,SKU-1006,Sponsored Products,594,1,1.11,0,0.0
2025-09-20,SKU-1007,Sponsored Brands,768,3,3.78,0,0.0
2025-09-20,SKU-1008,Sponsored Products,1258,4,4.12,0,0.0
2025-09-20,SKU-1009,Sponsored Brands,1832,10,12.8,0,0.0
2025-09-20,SKU-1010,Sponsored Products,662,1,0.43,0,0.0
2025-09-21,SKU-1001,Sponsored Brands,2092,4,2.72,0,0.0
2025-09-21,SKU-1002,Sponsored Brands,1539,11,11.11,1,20.41
2025-09-21,SKU-1003,Sponsored Products,810,3,2.1,0,0.0
2025-09-21,SKU-1004,Sponsored Products,1738,9,5.22,1,15.38
2025-09-21,SKU-1005,Sponsored Products,579,2,2.4,0,0.0
2025-09-21,SKU-1006,Sponsored Products,590,1,0.46,0,0.0
2025-09-21,SKU-1007,Sponsored Brands,897,3,1.8,0,0.0
2025-09-21,SKU-1008,Sponsored Products,1515,6,3.72,0,0.0
2025-09-21,SKU-1009,Sponsored Display,1230,3,2.01,0,0.0
2025-09-21,SKU-1010,Sponsored Brands,994,6,7.74,0,0.0
2025-09-22,SKU-1001,Sponsored Display,1551,4,4.0,0,0.0
2025-09-22,SKU-1002,Sponsored Products,949,4,3.04,0,0.0
2025-09-22,SKU-1003,Sponsored Products,1133,3,3.18,0,0.0
2025-09-22,SKU-1004,Sponsored Products,1148,5,3.45,0,0.0
2025-09-22,SKU-1005,Sponsored Brands,524,2,1.3,0,0.0
2025-09-22,SKU-1006,Sponsored Display,955,3,3.9,0,0.0
2025-09-22,SKU-1007,Sponsored Products,1790,11,7.7,0,0.0
2025-09-22,SKU-1008,Sponsored Products,453,1,1.23,0,0.0
2025-09-22,SKU-1009,Sponsored Display,935,2,0.82,0,0.0
2025-09-23,SKU-1001,Sponsored Products,1350,4,3.56,0,0.0
2025-09-23,SKU-1002,Sponsored Brands,996,4,2.96,0,0.0
2025-09-23,SKU-1003,Sponsored Products,721,3,2.01,0,0.0
2025-09-23,SKU-1004,Sponsored Products,424,1,1.01,0,0.0
2025-09-23,SKU-1005,Sponsored Display,1039,5,5.6,0,0.0
2025-09-23,SKU-1006,Sponsored Products,612,1,0.93,0,0.0
2025-09-23,SKU-1007,Sponsored Products,969,3,2.97,0,0.0
2025-09-23,SKU-1008,Sponsored Products,495,2,2.32,0,0.0
2025-09-23,SKU-1009,Sponsored Products,1232,2,1.72,0,0.0
2025-09-23,SKU-1010,Sponsored Products,1031,2,0.86,0,0.0
2025-09-24,SKU-1001,Sponsored Products,912,3,2.61,0,0.0
2025-09-24,SKU-1002,Sponsored Brands,1056,2,1.8,0,0.0
2025-09-24,SKU-1003,Sponsored Products,1119,4,1.56,0,0.0
2025-09-24,SKU-1004,Sponsored Products,451,1,1.0,0,0.0
2025-09-24,SKU-1005,Sponsored Products,1495,7,5.39,0,0.0
2025-09-24,SKU-1006,Sponsored Products,815,3,3.18,0,0.0
2025-09-24,SKU-1007,Sponsored Products,1265,4,2.16,0,0.0
2025-09-24,SKU-1008,Sponsored Products,605,1,1.27,0,0.0
2025-09-24,SKU-1009,Sponsored Brands,1504,8,3.52,1,12.06
2025-09-24,SKU-1010,Sponsored Brands,940,4,5.36,0,0.0
2025-09-25,SKU-1001,Sponsored Products,1285,5,2.2,0,0.0
2025-09-25,SKU-1002,Sponsored Brands,1243,3,1.8,0,0.0
2025-09-25,SKU-1004,Sponsored Products,514,1,0.74,0,0.0
2025-09-25,SKU-1005,Sponsored Brands,1089,6,2.88,0,0.0
2025-09-25,SKU-1006,Sponsored Brands,569,2,1.8,0,0.0
2025-09-25,SKU-1007,Sponsored Products,1226,2,1.62,0,0.0
2025-09-25,SKU-1008,Sponsored Products,1701,8,8.24,1,19.75
2025-09-25,SKU-1009,Sponsored Display,1070,4,2.04,0,0.0
2025-09-25,SKU-1010,Sponsored Products,412,1,0.44,0,0.0
2025-09-26,SKU-1001,Sponsored Products,1529,6,6.06,0,0.0
2025-09-26,SKU-1002,Sponsored Brands,1113,4,1.72,0,0.0
2025-09-26,SKU-1003,Sponsored Products,1161,3,2.55,0,0.0
2025-09-26,SKU-1004,Sponsored Products,492,2,1.44,0,0.0
2025-09-26,SKU-1005,Sponsored Products,741,2,0.84,0,0.0
2025-09-26,SKU-1006,Sponsored Display,1181,3,2.73,0,0.0
2025-09-26,SKU-1007,Sponsored Products,1497,6,2.94,0,0.0
2025-09-26,SKU-1008,Sponsored Brands,734,3,2.04,0,0.0
2025-09-26,SKU-1009,Sponsored Products,1208,3,1.35,0,0.0
2025-09-26,SKU-1010,Sponsored Products,1306,5,3.95,0,0.0
2025-09-27,SKU-1001,Sponsored Products,399,1,0.6,0,0.0
2025-09-27,SKU-1002,Sponsored Products,833,3,1.53,0,0.0
2025-09-27,SKU-1003,Sponsored Products,1127,4,3.64,0,0.0
2025-09-27,SKU-1004,Sponsored Brands,716,2,0.94,0,0.0
2025-09-27,SKU-1005,Sponsored Products,1609,3,1.38,0,0.0
2025-09-27,SKU-1006,Sponsored Products,628,1,0.78,0,0.0
2025-09-27,SKU-1007,Sponsored Brands,844,2,2.1,0,0.0
2025-09-27,SKU-1008,Sponsored Brands,968,2,1.94,0,0.0
2025-09-27,SKU-1009,Sponsored Brands,996,3,1.29,0,0.0
2025-09-27,SKU-1010,Sponsored Products,1043,2,1.8,0,0.0
2025-09-28,SKU-1001,Sponsored Products,913,5,5.35,0,0.0
2025-09-28,SKU-1002,Sponsored Products,1003,4,3.44,0,0.0
2025-09-28,SKU-1003,Sponsored Products,608,3,3.93,0,0.0
2025-09-28,SKU-1004,Sponsored Display,853,1,1.33,0,0.0
2025-09-28,SKU-1005,Sponsored Products,963,6,4.2,0,0.0
2025-09-28,SKU-1006,Sponsored Products,1741,8,3.04,0,0.0
2025-09-28,SKU-1007,Sponsored Products,2834,12,12.6,1,12.91
2025-09-28,SKU-1008,Sponsored Display,1644,5,5.55,0,0.0
2025-09-28,SKU-1009,Sponsored Brands,1723,6,6.9,0,0.0
2025-09-28,SKU-1010,Sponsored Display,950,5,2.65,0,0.0
2025-09-29,SKU-1001,Sponsored Products,726,2,2.26,0,0.0
2025-09-29,SKU-1002,Sponsored Brands,922,3,3.9,0,0.0
2025-09-29,SKU-1003,Sponsored Brands,1059,5,3.85,0,0.0
2025-09-29,SKU-1004,Sponsored Brands,899,4,4.08,0,0.0
2025-09-29,SKU-1005,Sponsored Products,1005,5,2.0,0,0.0
2025-09-29,SKU-1006,Sponsored Brands,1626,7,7.7,0,0.0
2025-09-29,SKU-1007,Sponsored Brands,1319,9,8.37,0,0.0
2025-09-29,SKU-1008,Sponsored Products,1557,6,6.06,0,0.0
2025-09-29,SKU-1009,Sponsored Display,1218,4,2.12,0,0.0
2025-09-29,SKU-1010,Sponsored Products,1396,4,2.52,0,0.0
2025-09-30,SKU-1001,Sponsored Products,623,2,1.24,0,0.0
2025-09-30,SKU-1002,Sponsored Products,480,2,1.84,0,0.0
2025-09-30,SKU-1003,Sponsored Products,1378,8,10.08,0,0.0
2025-09-30,SKU-1004,Sponsored Products,1359,8,7.52,1,14.8
2025-09-30,SKU-1005,Sponsored Products,399,1,0.76,0,0.0
2025-09-30,SKU-1006,Sponsored Brands,946,4,2.52,0,0.0
2025-09-30,SKU-1007,Sponsored Products,1358,6,4.74,0,0.0
2025-09-30,SKU-1008,Sponsored Brands,2042,7,5.74,0,0.0
2025-09-30,SKU-1009,Sponsored Products,1860,4,2.88,0,0.0
2025-09-30,SKU-1010,Sponsored Products,1287,3,1.89,0,0.0
2025-10-01,SKU-1001,Sponsored Products,1365,6,2.16,0,0.0
2025-10-01,SKU-1002,Sponsored Products,1664,3,1.35,0,0.0
2025-10-01,SKU-1003,Sponsored Brands,885,4,2.24,0,0.0
2025-10-01,SKU-1004,Sponsored Brands,1100,4,3.64,0,0.0
2025-10-01,SKU-1005,Sponsored Brands,1335,4,5.2,0,0.0
2025-10-01,SKU-1006,Sponsored Products,831,3,3.48,0,0.0
2025-10-01,SKU-1007,Sponsored Display,923,5,2.05,0,0.0
2025-10-01,SKU-1008,Sponsored Brands,612,2,1.58,0,0.0
2025-10-01,SKU-1009,Sponsored Products,1323,2,1.96,0,0.0
2025-10-01,SKU-1010,Sponsored Display,1302,4,4.28,0,0.0
2025-10-02,SKU-1001,Sponsored Products,876,3,2.43,0,0.0
2025-10-02,SKU-1002,Sponsored Products,580,1,0.68,0,0.0
2025-10-02,SKU-1003,Sponsored Products,554,1,0.91,0,0.0
2025-10-02,SKU-1004,Sponsored Products,1590,5,3.25,0,0.0
2025-10-02,SKU-1005,Sponsored Products,1322,4,2.0,0,0.0
2025-10-02,SKU-1006,Sponsored Products,1739,7,7.21,0,0.0
2025-10-02,SKU-1007,Sponsored Products,301,0,0.0,0,0.0
2025-10-02,SKU-1008,Sponsored Brands,796,2,1.02,0,0.0
2025-10-02,SKU-1009,Sponsored Products,1241,5,2.2,0,0.0
2025-10-02,SKU-1010,Sponsored Brands,1145,4,4.84,0,0.0
2025-10-03,SKU-1001,Sponsored Products,1971,7,3.43,0,0.0
2025-10-03,SKU-1002,Sponsored Products,1223,7,8.05,0,0.0
2025-10-03,SKU-1004,Sponsored Products,901,5,5.25,0,0.0
2025-10-03,SKU-1005,Sponsored Products,476,0,0.0,0,0.0
2025-10-03,SKU-1006,Sponsored Products,788,5,2.9,0,0.0
2025-10-03,SKU-1007,Sponsored Products,1724,4,3.44,0,0.0
2025-10-03,SKU-1008,Sponsored Brands,1756,6,5.88,0,0.0
2025-10-03,SKU-1009,Sponsored Products,1264,1,0.43,0,0.0
2025-10-03,SKU-1010,Sponsored Products,1876,4,3.72,0,0.0
2025-10-04,SKU-1001,Sponsored Products,582,3,2.43,0,0.0
2025-10-04,SKU-1002,Sponsored Products,649,2,2.58,0,0.0
2025-10-04,SKU-1003,Sponsored Products,919,4,4.12,0,0.0
2025-10-04,SKU-1004,Sponsored Products,1590,6,6.42,0,0.0
2025-10-04,SKU-1005,Sponsored Brands,704,1,0.71,0,0.0
2025-10-04,SKU-1006,Sponsored Brands,2575,6,4.56,0,0.0
2025-10-04,SKU-1007,Sponsored Products,1043,4,4.96,0,0.0
2025-10-04,SKU-1008,Sponsored Products,1425,3,3.39,0,0.0
2025-10-04,SKU-1009,Sponsored Products,1102,3,3.78,0,0.0
2025-10-04,SKU-1010,Sponsored Display,731,2,1.32,0,0.0
2025-10-05,SKU-1001,Sponsored Products,1187,4,1.48,0,0.0
2025-10-05,SKU-1002,Sponsored Products,859,4,2.16,0,0.0
2025-10-05,SKU-1003,Sponsored Products,814,4,2.72,0,0.0
2025-10-05,SKU-1004,Sponsored Display,920,4,5.0,0,0.0
2025-10-05,SKU-1005,Sponsored Products,684,2,1.72,0,0.0
2025-10-05,SKU-1006,Sponsored Products,702,2,1.12,0,0.0
2025-10-05,SKU-1007,Sponsored Products,1462,6,4.02,0,0.0
2025-10-05,SKU-1008,Sponsored Products,566,3,3.03,0,0.0
2025-10-05,SKU-1009,Sponsored Products,901,1,1.03,0,0.0
2025-10-05,SKU-1010,Sponsored Products,1464,4,4.56,0,0.0
2025-10-06,SKU-1001,Sponsored Products,1618,5,5.55,0,0.0
2025-10-06,SKU-1002,Sponsored Products,599,2,1.6,0,0.0
2025-10-06,SKU-1004,Sponsored Products,903,4,3.88,0,0.0
2025-10-06,SKU-1005,Sponsored Products,838,3,1.2,0,0.0
2025-10-06,SKU-1006,Sponsored Display,1510,5,2.7,0,0.0
2025-10-06,SKU-1007,Sponsored Brands,1214,7,4.76,0,0.0
2025-10-06,SKU-1008,Sponsored Products,999,4,3.08,0,0.0
2025-10-06,SKU-1009,Sponsored Display,1088,5,5.4,0,0.0
2025-10-06,SKU-1010,Sponsored Display,1242,2,1.24,0,0.0
2025-10-07,SKU-1001,Sponsored Products,668,3,1.11,0,0.0
2025-10-07,SKU-1002,Sponsored Products,1212,6,6.3,0,0.0
2025-10-07,SKU-1003,Sponsored Products,1644,5,6.45,0,0.0
2025-10-07,SKU-1004,Sponsored Products,1035,4,2.44,0,0.0
2025-10-07,SKU-1005,Sponsored Display,1007,3,2.61,0,0.0
2025-10-07,SKU-1006,Sponsored Products,1428,5,3.5,0,0.0
2025-10-07,SKU-1007,Sponsored Products,1288,4,3.76,0,0.0
2025-10-07,SKU-1008,Sponsored Products,1007,2,1.0,0,0.0
2025-10-07,SKU-1009,Sponsored Products,1199,4,1.92,0,0.0
2025-10-07,SKU-1010,Sponsored Products,1088,3,2.04,0,0.0
2025-10-08,SKU-1001,Sponsored Products,1036,4,2.16,0,0.0
2025-10-08,SKU-1002,Sponsored Products,840,3,2.46,0,0.0
2025-10-08,SKU-1003,Sponsored Products,722,3,3.33,0,0.0
2025-10-08,SKU-1004,Sponsored Brands,835,1,0.95,0,0.0
2025-10-08,SKU-1005,Sponsored Brands,543,1,1.12,0,0.0
2025-10-08,SKU-1006,Sponsored Products,620,2,2.12,0,0.0
2025-10-08,SKU-1007,Sponsored Products,1317,3,3.0,0,0.0
2025-10-08,SKU-1008,Sponsored Products,689,1,0.53,0,0.0
2025-10-08,SKU-1009,Sponsored Brands,1340,2,2.34,0,0.0
2025-10-08,SKU-1010,Sponsored Products,1553,7,4.2,0,0.0
2025-10-09,SKU-1001,Sponsored Display,822,1,1.23,0,0.0
2025-10-09,SKU-1002,Sponsored Products,787,3,2.61,0,0.0
2025-10-09,SKU-1003,Sponsored Products,1084,3,3.78,0,0.0
2025-10-09,SKU-1004,Sponsored Products,631,2,1.9,0,0.0
2025-10-09,SKU-1005,Sponsored Brands,1203,4,4.08,0,0.0
2025-10-09,SKU-1006,Sponsored Products,1175,7,2.59,1,15.38
2025-10-09,SKU-1007,Sponsored Products,1887,8,5.2,0,0.0
2025-10-09,SKU-1008,Sponsored Products,919,6,7.74,0,0.0
2025-10-09,SKU-1009,Sponsored Products,1301,6,3.78,0,0.0
2025-10-09,SKU-1010,Sponsored Display,1302,5,6.2,0,0.0
2025-10-10,SKU-1001,Sponsored Products,1019,4,3.0,0,0.0
2025-10-10,SKU-1002,Sponsored Products,912,4,4.72,0,0.0
2025-10-10,SKU-1003,Sponsored Products,1409,4,3.6,0,0.0
2025-10-10,SKU-1004,Sponsored Brands,959,2,1.68,0,0.0
2025-10-10,SKU-1005,Sponsored Display,1091,5,3.35,0,0.0
2025-10-10,SKU-1006,Sponsored Products,825,4,3.68,0,0.0
2025-10-10,SKU-1007,Sponsored Products,1720,6,5.22,0,0.0
2025-10-10,SKU-1008,Sponsored Products,1255,2,1.48,0,0.0
2025-10-10,SKU-1009,Sponsored Products,1140,7,6.44,1,10.68
2025-10-10,SKU-1010,Sponsored Products,481,0,0.0,0,0.0
2025-10-11,SKU-1001,Sponsored Products,926,4,3.52,0,0.0
2025-10-11,SKU-1002,Sponsored Products,1154,2,2.04,0,0.0
2025-10-11,SKU-1003,Sponsored Display,703,3,3.99,0,0.0
2025-10-11,SKU-1005,Sponsored Products,1834,7,6.93,0,0.0
2025-10-11,SKU-1006,Sponsored Products,844,3,1.5,0,0.0
2025-10-11,SKU-1007,Sponsored Products,1586,3,1.59,0,0.0
2025-10-11,SKU-1008,Sponsored Products,770,2,0.88,0,0.0
2025-10-11,SKU-1009,Sponsored Brands,1479,5,4.7,0,0.0
2025-10-11,SKU-1010,Sponsored Brands,790,2,1.52,0,0.0
2025-10-12,SKU-1002,Sponsored Products,1445,6,6.24,0,0.0
2025-10-12,SKU-1003,Sponsored Brands,1129,3,2.28,0,0.0
2025-10-12,SKU-1004,Sponsored Products,1399,6,3.96,0,0.0
2025-10-12,SKU-1005,Sponsored Products,1525,8,3.28,1,33.23
2025-10-12,SKU-1006,Sponsored Products,1348,6,3.06,0,0.0
2025-10-12,SKU-1007,Sponsored Products,1196,5,4.6,0,0.0
2025-10-12,SKU-1008,Sponsored Products,639,2,2.56,0,0.0
2025-10-12,SKU-1009,Sponsored Products,2026,6,5.58,0,0.0
2025-10-12,SKU-1010,Sponsored Products,1361,7,6.3,0,0.0
2025-10-13,SKU-1001,Sponsored Products,1144,5,4.85,0,0.0
2025-10-13,SKU-1002,Sponsored Products,1202,4,4.16,0,0.0
2025-10-13,SKU-1003,Sponsored Display,912,4,1.92,0,0.0
2025-10-13,SKU-1004,Sponsored Display,1452,6,6.66,0,0.0
2025-10-13,SKU-1005,Sponsored Products,1424,3,1.29,0,0.0
2025-10-13,SKU-1006,Sponsored Products,1066,4,4.32,0,0.0
2025-10-13,SKU-1007,Sponsored Products,1191,5,3.6,0,0.0
2025-10-13,SKU-1008,Sponsored Products,550,2,0.92,0,0.0
2025-10-13,SKU-1010,Sponsored Brands,927,4,3.32,0,0.0
2025-10-14,SKU-1001,Sponsored Products,631,2,0.92,0,0.0
2025-10-14,SKU-1002,Sponsored Products,1597,7,4.34,0,0.0
2025-10-14,SKU-1003,Sponsored Products,854,2,2.5,0,0.0
2025-10-14,SKU-1004,Sponsored Products,968,2,1.74,0,0.0
2025-10-14,SKU-1005,Sponsored Display,639,3,4.02,0,0.0
2025-10-14,SKU-1006,Sponsored Products,1154,5,6.45,0,0.0
2025-10-14,SKU-1007,Sponsored Brands,1637,4,2.28,0,0.0
2025-10-14,SKU-1008,Sponsored Products,876,3,1.32,0,0.0
2025-10-14,SKU-1010,Sponsored Products,669,2,2.44,0,0.0
2025-10-15,SKU-1001,Sponsored Products,1480,7,4.2,0,0.0
2025-10-15,SKU-1003,Sponsored Products,1137,3,3.36,0,0.0
2025-10-15,SKU-1004,Sponsored Display,585,1,0.5,0,0.0
2025-10-15,SKU-1005,Sponsored Products,2207,9,3.87,0,0.0
2025-10-15,SKU-1006,Sponsored Products,1322,6,7.56,0,0.0
2025-10-15,SKU-1007,Sponsored Brands,1330,4,4.4,0,0.0
2025-10-15,SKU-1008,Sponsored Products,1040,3,3.75,0,0.0
2025-10-15,SKU-1009,Sponsored Products,583,1,1.33,0,0.0
2025-10-15,SKU-1010,Sponsored Brands,461,1,0.62,0,0.0
2025-10-16,SKU-1001,Sponsored Products,1217,2,2.24,0,0.0
2025-10-16,SKU-1002,Sponsored Products,1760,11,6.71,1,16.96
2025-10-16,SKU-1003,Sponsored Brands,1930,10,13.4,0,0.0
2025-10-16,SKU-1004,Sponsored Products,1068,2,1.64,0,0.0
2025-10-16,SKU-1005,Sponsored Products,1521,6,3.12,0,0.0
2025-10-16,SKU-1006,Sponsored Display,1116,6,3.6,0,0.0
2025-10-16,SKU-1007,Sponsored Brands,1751,6,2.64,0,0.0
2025-10-16,SKU-1008,Sponsored Products,669,2,1.24,0,0.0
2025-10-16,SKU-1009,Sponsored Products,989,5,3.1,0,0.0
2025-10-16,SKU-1010,Sponsored Products,953,3,1.95,0,0.0
2025-10-17,SKU-1001,Sponsored Products,734,2,1.04,0,0.0
2025-10-17,SKU-1002,Sponsored Products,972,2,1.28,0,0.0
2025-10-17,SKU-1003,Sponsored Products,1224,5,5.55,0,0.0
2025-10-17,SKU-1004,Sponsored Brands,1109,4,1.84,0,0.0
2025-10-17,SKU-1005,Sponsored Brands,636,2,2.24,0,0.0
2025-10-17,SKU-1006,Sponsored Products,774,2,2.64,0,0.0
2025-10-17,SKU-1007,Sponsored Brands,941,3,1.65,0,0.0
2025-10-17,SKU-1008,Sponsored Brands,1261,4,3.84,0,0.0
2025-10-17,SKU-1009,Sponsored Brands,1139,3,2.58,0,0.0
2025-10-17,SKU-1010,Sponsored Products,843,2,1.04,0,0.0
2025-10-18,SKU-1001,Sponsored Products,449,1,1.24,0,0.0
2025-10-18,SKU-1002,Sponsored Products,1632,3,2.91,0,0.0
2025-10-18,SKU-1003,Sponsored Brands,513,2,2.02,0,0.0
2025-10-18,SKU-1004,Sponsored Products,1087,5,3.5,0,0.0
2025-10-18,SKU-1005,Sponsored Products,1308,2,1.22,0,0.0
2025-10-18,SKU-1006,Sponsored Products,1158,3,1.74,0,0.0
2025-10-18,SKU-1007,Sponsored Products,1032,3,2.34,0,0.0
2025-10-18,SKU-1008,Sponsored Products,1278,7,5.74,0,0.0
2025-10-18,SKU-1009,Sponsored Products,1009,4,4.6,0,0.0
2025-10-18,SKU-1010,Sponsored Display,1308,4,3.08,0,0.0
2025-10-19,SKU-1001,Sponsored Products,1467,5,3.2,0,0.0
2025-10-19,SKU-1002,Sponsored Products,1559,6,5.46,0,0.0
2025-10-19,SKU-1003,Sponsored Brands,1107,1,0.64,0,0.0
2025-10-19,SKU-1004,Sponsored Products,1475,5,6.45,0,0.0
2025-10-19,SKU-1005,Sponsored Brands,619,2,1.5,0,0.0
2025-10-19,SKU-1006,Sponsored Products,1252,4,4.6,0,0.0
2025-10-19,SKU-1007,Sponsored Products,1082,4,2.48,0,0.0
2025-10-19,SKU-1008,Sponsored Products,768,4,3.4,0,0.0
2025-10-19,SKU-1010,Sponsored Products,565,1,0.52,0,0.0
2025-10-20,SKU-1001,Sponsored Products,498,2,1.84,0,0.0
2025-10-20,SKU-1002,Sponsored Products,873,4,3.48,0,0.0
2025-10-20,SKU-1003,Sponsored Brands,754,3,2.79,0,0.0
2025-10-20,SKU-1004,Sponsored Brands,831,3,3.24,0,0.0
2025-10-20,SKU-1005,Sponsored Brands,1431,7,6.79,0,0.0
2025-10-20,SKU-1006,Sponsored Products,1093,4,4.76,0,0.0
2025-10-20,SKU-1007,Sponsored Display,853,2,2.18,0,0.0
2025-10-20,SKU-1008,Sponsored Products,2178,11,8.25,1,20.36
2025-10-20,SKU-1009,Sponsored Products,816,3,3.9,0,0.0
2025-10-20,SKU-1010,Sponsored Products,743,1,0.57,0,0.0
2025-10-21,SKU-1001,Sponsored Products,400,1,1.24,0,0.0
2025-10-21,SKU-1002,Sponsored Brands,576,2,2.46,0,0.0
2025-10-21,SKU-1003,Sponsored Brands,527,2,1.86,0,0.0
2025-10-21,SKU-1004,Sponsored Products,2013,11,7.81,1,16.39
2025-10-21,SKU-1005,Sponsored Brands,951,2,2.52,0,0.0
2025-10-21,SKU-1006,Sponsored Products,777,4,3.36,0,0.0
2025-10-21,SKU-1007,Sponsored Brands,899,4,3.08,0,0.0
2025-10-21,SKU-1008,Sponsored Display,795,4,2.96,0,0.0
2025-10-21,SKU-1009,Sponsored Products,1612,9,7.11,1,13.03
2025-10-21,SKU-1010,Sponsored Products,1202,5,2.6,0,0.0
2025-10-22,SKU-1001,Sponsored Products,758,4,4.56,0,0.0
2025-10-22,SKU-1002,Sponsored Products,691,1,1.3,0,0.0
2025-10-22,SKU-1003,Sponsored Products,638,2,1.7,0,0.0
2025-10-22,SKU-1004,Sponsored Products,1686,10,11.1,1,15.44
2025-10-22,SKU-1005,Sponsored Products,1227,3,2.85,0,0.0
2025-10-22,SKU-1006,Sponsored Products,590,1,0.56,0,0.0
2025-10-22,SKU-1007,Sponsored Brands,835,2,2.7,0,0.0
2025-10-22,SKU-1008,Sponsored Products,1017,3,3.57,0,0.0
2025-10-22,SKU-1009,Sponsored Products,1062,3,2.94,0,0.0
2025-10-22,SKU-1010,Sponsored Products,1568,6,4.14,0,0.0
2025-10-23,SKU-1001,Sponsored Products,1291,3,1.23,0,0.0
2025-10-23,SKU-1003,Sponsored Products,1350,3,2.61,0,0.0
2025-10-23,SKU-1004,Sponsored Products,846,3,2.04,0,0.0
2025-10-23,SKU-1005,Sponsored Products,1408,5,6.3,0,0.0
2025-10-23,SKU-1006,Sponsored Products,1087,4,4.8,0,0.0
2025-10-23,SKU-1007,Sponsored Products,411,2,1.28,0,0.0
2025-10-23,SKU-1008,Sponsored Products,1140,3,1.08,0,0.0
2025-10-23,SKU-1009,Sponsored Products,636,3,3.99,0,0.0
2025-10-23,SKU-1010,Sponsored Brands,1104,0,0.0,0,0.0
2025-10-24,SKU-1001,Sponsored Products,1107,5,5.8,0,0.0
2025-10-24,SKU-1002,Sponsored Products,1391,8,10.16,0,0.0
2025-10-24,SKU-1003,Sponsored Brands,1188,5,2.65,0,0.0
2025-10-24,SKU-1004,Sponsored Products,1371,1,0.37,0,0.0
2025-10-24,SKU-1005,Sponsored Products,784,5,6.4,0,0.0
2025-10-24,SKU-1006,Sponsored Brands,795,2,2.06,0,0.0
2025-10-24,SKU-1007,Sponsored Brands,1481,6,3.72,0,0.0
2025-10-24,SKU-1008,Sponsored Products,1592,8,4.16,1,18.16
2025-10-24,SKU-1009,Sponsored Brands,859,3,3.06,0,0.0
2025-10-24,SKU-1010,Sponsored Display,351,1,0.99,0,0.0
2025-10-25,SKU-1001,Sponsored Brands,896,4,1.6,0,0.0
2025-10-25,SKU-1002,Sponsored Display,289,1,0.76,0,0.0
2025-10-25,SKU-1003,Sponsored Products,593,2,1.92,0,0.0
2025-10-25,SKU-1004,Sponsored Display,1133,4,2.96,0,0.0
2025-10-25,SKU-1005,Sponsored Products,1053,3,1.83,0,0.0
2025-10-25,SKU-1006,Sponsored Products,1203,2,1.98,0,0.0
2025-10-25,SKU-1007,Sponsored Products,708,2,2.06,0,0.0
2025-10-25,SKU-1008,Sponsored Products,811,5,2.2,0,0.0
2025-10-25,SKU-1009,Sponsored Brands,1126,4,2.08,0,0.0
2025-10-26,SKU-1003,Sponsored Products,813,4,2.48,0,0.0
2025-10-26,SKU-1004,Sponsored Products,319,1,0.85,0,0.0
2025-10-26,SKU-1005,Sponsored Products,867,3,2.64,0,0.0
2025-10-26,SKU-1006,Sponsored Products,739,4,5.2,0,0.0
2025-10-26,SKU-1007,Sponsored Products,623,1,1.24,0,0.0
2025-10-26,SKU-1008,Sponsored Brands,1098,2,1.1,0,0.0
2025-10-26,SKU-1009,Sponsored Brands,1835,7,4.41,0,0.0
2025-10-26,SKU-1010,Sponsored Products,894,3,1.62,0,0.0
2025-10-27,SKU-1001,Sponsored Products,2119,6,4.62,0,0.0
2025-10-27,SKU-1002,Sponsored Products,676,4,4.32,0,0.0
2025-10-27,SKU-1003,Sponsored Brands,962,5,3.45,0,0.0
2025-10-27,SKU-1004,Sponsored Products,1767,6,2.94,1,14.68
2025-10-27,SKU-1005,Sponsored Products,666,3,3.06,0,0.0
2025-10-27,SKU-1007,Sponsored Products,837,2,1.72,0,0.0
2025-10-27,SKU-1008,Sponsored Products,1013,3,2.94,0,0.0
2025-10-27,SKU-1009,Sponsored Products,1077,6,3.0,0,0.0
2025-10-27,SKU-1010,Sponsored Products,791,2,1.18,0,0.0
2025-10-28,SKU-1001,Sponsored Display,471,2,1.76,0,0.0
2025-10-28,SKU-1004,Sponsored Products,564,2,0.98,0,0.0
2025-10-28,SKU-1005,Sponsored Products,1589,4,4.24,0,0.0
2025-10-28,SKU-1006,Sponsored Brands,505,1,0.65,0,0.0
2025-10-28,SKU-1007,Sponsored Products,1137,3,1.26,0,0.0
2025-10-28,SKU-1008,Sponsored Products,1217,6,8.04,0,0.0
2025-10-28,SKU-1009,Sponsored Brands,1297,4,1.68,0,0.0
2025-10-28,SKU-1010,Sponsored Products,1955,2,1.74,0,0.0
2025-10-29,SKU-1001,Sponsored Brands,1379,6,6.12,1,24.85
2025-10-29,SKU-1002,Sponsored Products,909,4,5.12,0,0.0
2025-10-29,SKU-1003,Sponsored Products,1409,6,3.48,0,0.0
2025-10-29,SKU-1004,Sponsored Products,932,2,0.92,0,0.0
2025-10-29,SKU-1005,Sponsored Products,439,2,1.82,0,0.0
2025-10-29,SKU-1006,Sponsored Brands,1979,6,3.96,0,0.0
2025-10-29,SKU-1007,Sponsored Products,1315,5,4.95,0,0.0
2025-10-29,SKU-1008,Sponsored Products,796,4,4.32,0,0.0
2025-10-29,SKU-1009,Sponsored Brands,1379,6,4.26,0,0.0
2025-10-29,SKU-1010,Sponsored Products,1510,4,4.52,0,0.0
2025-10-30,SKU-1001,Sponsored Products,1400,5,4.2,0,0.0
2025-10-30,SKU-1002,Sponsored Products,594,2,1.22,0,0.0
2025-10-30,SKU-1003,Sponsored Products,1375,4,4.8,0,0.0
2025-10-30,SKU-1004,Sponsored Products,1416,6,5.34,0,0.0
2025-10-30,SKU-1005,Sponsored Products,800,3,2.34,0,0.0
2025-10-30,SKU-1006,Sponsored Products,1225,3,1.56,0,0.0
2025-10-30,SKU-1007,Sponsored Brands,1003,2,1.1,0,0.0
2025-10-30,SKU-1008,Sponsored Brands,1212,6,6.48,0,0.0
2025-10-30,SKU-1009,Sponsored Brands,964,3,2.91,0,0.0
2025-10-30,SKU-1010,Sponsored Products,865,3,1.56,0,0.0
2025-10-31,SKU-1001,Sponsored Products,823,3,3.54,0,0.0
2025-10-31,SKU-1002,Sponsored Products,696,3,2.1,0,0.0
2025-10-31,SKU-1003,Sponsored Products,1811,10,6.8,1,29.66
2025-10-31,SKU-1004,Sponsored Display,711,2,2.14,0,0.0
2025-10-31,SKU-1005,Sponsored Products,454,3,2.37,0,0.0
2025-10-31,SKU-1006,Sponsored Products,618,1,0.89,0,0.0
2025-10-31,SKU-1007,Sponsored Products,1079,4,3.56,0,0.0
2025-10-31,SKU-1008,Sponsored Brands,1206,4,1.48,0,0.0
2025-10-31,SKU-1009,Sponsored Products,628,1,0.44,0,0.0
2025-10-31,SKU-1010,Sponsored Products,1326,9,7.92,0,0.0
2025-11-01,SKU-1001,Sponsored Products,1608,4,1.96,0,0.0
2025-11-01,SKU-1002,Sponsored Products,1575,4,5.4,0,0.0
2025-11-01,SKU-1004,Sponsored Products,632,4,1.4,0,0.0
2025-11-01,SKU-1005,Sponsored Products,684,3,3.33,0,0.0
2025-11-01,SKU-1006,Sponsored Products,1053,5,4.2,0,0.0
2025-11-01,SKU-1008,Sponsored Products,1365,8,5.12,0,0.0
2025-11-01,SKU-1009,Sponsored Display,1235,2,2.42,0,0.0
2025-11-01,SKU-1010,Sponsored Products,1580,2,2.28,0,0.0
2025-11-02,SKU-1001,Sponsored Products,1340,5,2.35,0,0.0
2025-11-02,SKU-1002,Sponsored Products,1909,8,7.36,0,0.0
2025-11-02,SKU-1003,Sponsored Products,1706,11,6.05,0,0.0
2025-11-02,SKU-1004,Sponsored Products,1300,5,1.95,0,0.0
2025-11-02,SKU-1006,Sponsored Brands,472,1,1.01,0,0.0
2025-11-02,SKU-1007,Sponsored Products,1234,3,3.6,0,0.0
2025-11-02,SKU-1008,Sponsored Products,1429,3,1.11,0,0.0
2025-11-02,SKU-1009,Sponsored Products,578,1,0.51,0,0.0
2025-11-02,SKU-1010,Sponsored Products,1000,4,2.0,0,0.0
2025-11-03,SKU-1001,Sponsored Products,1269,5,4.85,0,0.0
2025-11-03,SKU-1003,Sponsored Products,1794,4,1.6,0,0.0
2025-11-03,SKU-1004,Sponsored Products,845,2,0.86,0,0.0
2025-11-03,SKU-1005,Sponsored Brands,682,4,1.64,0,0.0
2025-11-03,SKU-1006,Sponsored Products,2394,11,5.28,1,14.62
2025-11-03,SKU-1007,Sponsored Brands,1225,4,3.24,0,0.0
2025-11-03,SKU-1008,Sponsored Products,1221,1,0.8,0,0.0
2025-11-03,SKU-1009,Sponsored Products,1378,6,7.62,1,11.04
2025-11-03,SKU-1010,Sponsored Products,1756,5,2.25,0,0.0
2025-11-04,SKU-1001,Sponsored Products,1162,4,3.08,0,0.0
2025-11-04,SKU-1002,Sponsored Display,1645,7,6.3,0,0.0
2025-11-04,SKU-1003,Sponsored Display,1205,5,3.6,0,0.0
2025-11-04,SKU-1004,Sponsored Display,2521,8,6.64,0,0.0
2025-11-04,SKU-1005,Sponsored Products,2359,11,11.0,1,31.18
2025-11-04,SKU-1006,Sponsored Products,1448,4,2.4,0,0.0
2025-11-04,SKU-1007,Sponsored Products,1167,5,3.35,0,0.0
2025-11-04,SKU-1008,Sponsored Brands,1607,6,2.7,0,0.0
2025-11-04,SKU-1009,Sponsored Display,3188,10,10.5,1,12.39
2025-11-04,SKU-1010,Sponsored Brands,641,3,2.55,0,0.0
2025-11-05,SKU-1001,Sponsored Products,1531,5,4.2,0,0.0
2025-11-05,SKU-1002,Sponsored Products,1890,4,3.8,0,0.0
2025-11-05,SKU-1003,Sponsored Products,1054,6,5.28,0,0.0
2025-11-05,SKU-1004,Sponsored Products,1252,6,6.6,0,0.0
2025-11-05,SKU-1005,Sponsored Products,1706,6,4.56,0,0.0
2025-11-05,SKU-1006,Sponsored Products,1068,3,1.38,0,0.0
2025-11-05,SKU-1008,Sponsored Products,1102,6,2.16,0,0.0
2025-11-05,SKU-1009,Sponsored Brands,964,4,2.12,0,0.0
2025-11-05,SKU-1010,Sponsored Products,1692,1,0.81,0,0.0
2025-11-06,SKU-1001,Sponsored Display,1250,3,2.7,0,0.0
2025-11-06,SKU-1003,Sponsored Products,2302,6,6.42,0,0.0
2025-11-06,SKU-1004,Sponsored Display,1595,7,9.03,0,0.0
2025-11-06,SKU-1005,Sponsored Brands,1894,6,4.5,0,0.0
2025-11-06,SKU-1006,Sponsored Products,1927,7,8.54,0,0.0
2025-11-06,SKU-1007,Sponsored Products,1551,6,2.64,0,0.0
2025-11-06,SKU-1008,Sponsored Products,1124,4,2.84,0,0.0
2025-11-06,SKU-1009,Sponsored Products,495,1,0.59,0,0.0
2025-11-06,SKU-1010,Sponsored Products,1365,3,2.22,0,0.0
2025-11-07,SKU-1002,Sponsored Products,763,4,4.12,0,0.0
2025-11-07,SKU-1003,Sponsored Products,1452,1,0.6,0,0.0
2025-11-07,SKU-1004,Sponsored Products,2305,10,11.2,1,15.61
2025-11-07,SKU-1005,Sponsored Display,1033,5,1.95,0,0.0
2025-11-07,SKU-1006,Sponsored Products,995,3,3.78,0,0.0
2025-11-07,SKU-1007,Sponsored Products,431,1,0.68,0,0.0
2025-11-07,SKU-1008,Sponsored Products,1743,3,1.62,0,0.0
2025-11-07,SKU-1009,Sponsored Products,634,3,1.74,0,0.0
2025-11-07,SKU-1010,Sponsored Brands,926,2,0.84,0,0.0
2025-11-08,SKU-1001,Sponsored Brands,1226,1,0.84,0,0.0
2025-11-08,SKU-1002,Sponsored Products,938,3,1.41,0,0.0
2025-11-08,SKU-1003,Sponsored Products,783,2,2.64,0,0.0
2025-11-08,SKU-1004,Sponsored Products,1193,4,3.4,0,0.0
2025-11-08,SKU-1005,Sponsored Products,1694,7,2.73,1,33.7
2025-11-08,SKU-1006,Sponsored Products,762,1,0.38,0,0.0
2025-11-08,SKU-1007,Sponsored Display,1209,5,2.6,0,0.0
2025-11-08,SKU-1008,Sponsored Products,1756,6,7.32,0,0.0
2025-11-08,SKU-1009,Sponsored Products,2293,6,3.36,0,0.0
2025-11-08,SKU-1010,Sponsored Products,1698,6,7.56,0,0.0
2025-11-09,SKU-1001,Sponsored Display,1741,2,2.68,0,0.0
2025-11-09,SKU-1003,Sponsored Products,1628,6,7.14,0,0.0
2025-11-09,SKU-1004,Sponsored Products,1071,3,1.47,0,0.0
2025-11-09,SKU-1005,Sponsored Products,868,2,1.52,0,0.0
2025-11-09,SKU-1006,Sponsored Brands,1537,6,3.6,0,0.0
2025-11-09,SKU-1007,Sponsored Brands,1578,6,8.04,0,0.0
2025-11-09,SKU-1008,Sponsored Brands,1492,9,4.68,0,0.0
2025-11-09,SKU-1009,Sponsored Products,1184,3,2.91,0,0.0
2025-11-09,SKU-1010,Sponsored Products,1005,6,2.58,0,0.0
2025-11-10,SKU-1001,Sponsored Brands,1098,5,3.5,0,0.0
2025-11-10,SKU-1002,Sponsored Brands,1688,3,3.9,0,0.0
2025-11-10,SKU-1003,Sponsored Products,769,1,0.49,0,0.0
2025-11-10,SKU-1004,Sponsored Products,2675,14,13.3,1,16.31
2025-11-10,SKU-1005,Sponsored Products,1240,4,5.24,0,0.0
2025-11-10,SKU-1006,Sponsored Products,986,4,3.52,0,0.0
2025-11-10,SKU-1007,Sponsored Display,514,1,1.31,0,0.0
2025-11-10,SKU-1008,Sponsored Brands,1552,7,4.69,0,0.0
2025-11-10,SKU-1009,Sponsored Display,1661,8,2.96,0,0.0
2025-11-10,SKU-1010,Sponsored Products,1480,3,1.47,0,0.0
2025-11-11,SKU-1001,Sponsored Products,1562,6,5.34,0,0.0
2025-11-11,SKU-1002,Sponsored Brands,998,4,3.32,0,0.0
2025-11-11,SKU-1003,Sponsored Products,1591,7,2.52,1,31.75
2025-11-11,SKU-1004,Sponsored Products,541,2,1.42,0,0.0
2025-11-11,SKU-1005,Sponsored Products,1522,5,5.9,0,0.0
2025-11-11,SKU-1006,Sponsored Products,1059,4,4.2,0,0.0
2025-11-11,SKU-1007,Sponsored Products,708,1,1.1,0,0.0
2025-11-11,SKU-1008,Sponsored Brands,1535,7,2.94,0,0.0
2025-11-11,SKU-1009,Sponsored Products,1274,7,5.67,0,0.0
2025-11-11,SKU-1010,Sponsored Products,1791,5,3.9,0,0.0
2025-11-12,SKU-1001,Sponsored Brands,908,2,1.16,0,0.0
2025-11-12,SKU-1002,Sponsored Display,1161,4,1.72,0,0.0
2025-11-12,SKU-1003,Sponsored Products,1320,4,3.24,0,0.0
2025-11-12,SKU-1004,Sponsored Products,1239,6,3.6,0,0.0
2025-11-12,SKU-1005,Sponsored Products,1577,6,5.88,0,0.0
2025-11-12,SKU-1006,Sponsored Products,548,2,1.62,0,0.0
2025-11-12,SKU-1007,Sponsored Products,1068,5,3.9,0,0.0
2025-11-12,SKU-1008,Sponsored Display,1381,5,1.8,0,0.0
2025-11-12,SKU-1009,Sponsored Products,1511,4,3.76,0,0.0
2025-11-12,SKU-1010,Sponsored Brands,1331,8,8.08,1,21.76
2025-11-13,SKU-1002,Sponsored Products,1829,8,6.48,0,0.0
2025-11-13,SKU-1003,Sponsored Products,1211,3,1.92,0,0.0
2025-11-13,SKU-1004,Sponsored Products,1810,7,4.69,0,0.0
2025-11-13,SKU-1005,Sponsored Products,1284,1,0.37,0,0.0
2025-11-13,SKU-1006,Sponsored Display,802,3,2.04,0,0.0
2025-11-13,SKU-1007,Sponsored Brands,678,3,1.2,0,0.0
2025-11-13,SKU-1008,Sponsored Products,1412,9,7.29,0,0.0
2025-11-13,SKU-1009,Sponsored Products,934,4,2.44,0,0.0
2025-11-13,SKU-1010,Sponsored Products,690,2,1.34,0,0.0
2025-11-14,SKU-1001,Sponsored Products,1615,7,2.66,0,0.0
2025-11-14,SKU-1002,Sponsored Products,1680,3,3.72,0,0.0
2025-11-14,SKU-1003,Sponsored Brands,1331,7,8.12,0,0.0
2025-11-14,SKU-1004,Sponsored Products,1709,5,4.5,0,0.0
2025-11-14,SKU-1005,Sponsored Products,1476,6,5.88,0,0.0
2025-11-14,SKU-1006,Sponsored Products,873,4,4.84,0,0.0
2025-11-14,SKU-1007,Sponsored Brands,987,4,5.12,0,0.0
2025-11-14,SKU-1008,Sponsored Brands,1044,5,6.5,0,0.0
2025-11-14,SKU-1009,Sponsored Products,2095,5,4.6,0,0.0
2025-11-14,SKU-1010,Sponsored Products,1017,3,2.91,0,0.0
2025-11-15,SKU-1001,Sponsored Products,2600,10,12.5,1,24.18
2025-11-15,SKU-1002,Sponsored Display,2670,12,7.08,0,0.0
2025-11-15,SKU-1003,Sponsored Products,477,1,0.73,0,0.0
2025-11-15,SKU-1005,Sponsored Brands,2822,9,7.38,0,0.0
2025-11-15,SKU-1006,Sponsored Products,521,1,1.09,0,0.0
2025-11-15,SKU-1007,Sponsored Products,1612,9,8.1,0,0.0
2025-11-15,SKU-1008,Sponsored Display,3235,12,8.04,1,21.02
2025-11-15,SKU-1009,Sponsored Products,933,3,1.56,0,0.0
2025-11-15,SKU-1010,Sponsored Brands,1279,5,3.75,0,0.0
2025-11-16,SKU-1001,Sponsored Products,1774,4,2.44,0,0.0
2025-11-16,SKU-1002,Sponsored Products,1126,5,2.95,0,0.0
2025-11-16,SKU-1003,Sponsored Brands,1022,6,2.34,0,0.0
2025-11-16,SKU-1004,Sponsored Products,1750,6,5.76,0,0.0
2025-11-16,SKU-1005,Sponsored Products,644,1,0.5,0,0.0
2025-11-16,SKU-1006,Sponsored Brands,1372,5,4.35,0,0.0
2025-11-16,SKU-1007,Sponsored Brands,767,3,3.39,0,0.0
2025-11-16,SKU-1008,Sponsored Products,1134,3,3.99,0,0.0
2025-11-16,SKU-1009,Sponsored Products,1998,5,4.7,0,0.0
2025-11-16,SKU-1010,Sponsored Products,2079,7,5.04,0,0.0
2025-11-17,SKU-1001,Sponsored Products,1031,5,5.45,0,0.0
2025-11-17,SKU-1002,Sponsored Brands,1826,7,9.38,0,0.0
2025-11-17,SKU-1003,Sponsored Products,2340,10,12.1,1,29.59
2025-11-17,SKU-1004,Sponsored Products,1076,5,5.9,0,0.0
2025-11-17,SKU-1005,Sponsored Display,2314,7,5.25,0,0.0
2025-11-17,SKU-1006,Sponsored Products,1200,6,7.92,0,0.0
2025-11-17,SKU-1007,Sponsored Products,4039,15,7.65,1,12.87
2025-11-17,SKU-1008,Sponsored Products,1562,6,4.44,0,0.0
2025-11-17,SKU-1009,Sponsored Products,335,1,1.34,0,0.0
2025-11-17,SKU-1010,Sponsored Products,1381,7,5.95,1,23.59
2025-11-18,SKU-1001,Sponsored Products,2123,7,4.34,0,0.0
2025-11-18,SKU-1002,Sponsored Brands,1625,8,8.48,0,0.0
2025-11-18,SKU-1003,Sponsored Products,2719,10,13.0,1,27.78
2025-11-18,SKU-1004,Sponsored Products,1640,3,3.39,0,0.0
2025-11-18,SKU-1005,Sponsored Products,1324,4,3.68,0,0.0
2025-11-18,SKU-1006,Sponsored Products,1767,6,3.36,0,0.0
2025-11-18,SKU-1007,Sponsored Products,876,1,1.17,0,0.0
2025-11-18,SKU-1008,Sponsored Products,1443,5,5.45,0,0.0
2025-11-18,SKU-1009,Sponsored Products,2164,6,3.72,0,0.0
2025-11-18,SKU-1010,Sponsored Brands,1242,3,3.51,0,0.0
2025-11-19,SKU-1001,Sponsored Brands,1604,7,3.64,0,0.0
2025-11-19,SKU-1002,Sponsored Products,1429,8,9.6,0,0.0
2025-11-19,SKU-1003,Sponsored Products,940,3,3.24,0,0.0
2025-11-19,SKU-1004,Sponsored Products,2426,17,13.6,1,15.47
2025-11-19,SKU-1005,Sponsored Display,1740,6,3.06,0,0.0
2025-11-19,SKU-1006,Sponsored Products,1112,6,4.86,0,0.0
2025-11-19,SKU-1007,Sponsored Products,1894,5,5.3,0,0.0
2025-11-19,SKU-1008,Sponsored Products,1117,5,5.6,0,0.0
2025-11-19,SKU-1009,Sponsored Products,1374,7,8.05,0,0.0
2025-11-19,SKU-1010,Sponsored Display,1458,7,8.75,0,0.0
2025-11-20,SKU-1001,Sponsored Products,978,5,6.35,0,0.0
2025-11-20,SKU-1002,Sponsored Products,2004,8,9.92,0,0.0
2025-11-20,SKU-1003,Sponsored Products,1109,3,2.85,0,0.0
2025-11-20,SKU-1004,Sponsored Brands,635,1,0.93,0,0.0
2025-11-20,SKU-1005,Sponsored Products,1459,3,1.74,0,0.0
2025-11-20,SKU-1006,Sponsored Products,1269,6,5.76,0,0.0
2025-11-20,SKU-1007,Sponsored Brands,1289,4,4.32,0,0.0
2025-11-20,SKU-1008,Sponsored Products,1266,5,4.55,0,0.0
2025-11-20,SKU-1009,Sponsored Products,1460,5,5.0,0,0.0
2025-11-20,SKU-1010,Sponsored Brands,2402,5,5.55,0,0.0
2025-11-21,SKU-1001,Sponsored Products,1558,5,4.75,0,0.0
2025-11-21,SKU-1003,Sponsored Products,3397,11,7.92,0,0.0
2025-11-21,SKU-1004,Sponsored Products,771,4,3.36,0,0.0
2025-11-21,SKU-1005,Sponsored Brands,1677,4,1.84,0,0.0
2025-11-21,SKU-1008,Sponsored Products,2198,11,4.95,1,18.58
2025-11-21,SKU-1009,Sponsored Products,1184,4,1.52,0,0.0
2025-11-21,SKU-1010,Sponsored Products,1332,5,3.75,0,0.0
2025-11-22,SKU-1001,Sponsored Products,1803,9,12.06,1,25.2
2025-11-22,SKU-1002,Sponsored Products,879,2,1.74,0,0.0
2025-11-22,SKU-1003,Sponsored Products,915,4,2.2,0,0.0
2025-11-22,SKU-1004,Sponsored Products,1826,6,4.38,0,0.0
2025-11-22,SKU-1005,Sponsored Products,1612,9,8.55,0,0.0
2025-11-22,SKU-1006,Sponsored Brands,2245,8,7.2,1,14.88
2025-11-22,SKU-1007,Sponsored Products,831,4,4.24,0,0.0
2025-11-22,SKU-1008,Sponsored Products,1949,7,4.9,0,0.0
2025-11-22,SKU-1009,Sponsored Brands,970,2,1.2,0,0.0
2025-11-22,SKU-1010,Sponsored Products,1771,6,3.48,0,0.0
2025-11-23,SKU-1001,Sponsored Products,751,2,1.8,0,0.0
2025-11-23,SKU-1002,Sponsored Products,394,2,0.86,0,0.0
2025-11-23,SKU-1004,Sponsored Products,1417,7,3.22,0,0.0
2025-11-23,SKU-1005,Sponsored Products,744,3,1.68,0,0.0
2025-11-23,SKU-1006,Sponsored Products,1548,3,4.02,0,0.0
2025-11-23,SKU-1007,Sponsored Products,2649,11,5.72,1,13.13
2025-11-23,SKU-1008,Sponsored Products,932,3,1.65,0,0.0
2025-11-23,SKU-1009,Sponsored Products,1846,9,10.71,1,12.02
2025-11-23,SKU-1010,Sponsored Products,1941,7,7.84,0,0.0
2025-11-24,SKU-1001,Sponsored Products,2313,12,7.08,1,25.62
2025-11-24,SKU-1002,Sponsored Products,1633,9,6.21,0,0.0
2025-11-24,SKU-1003,Sponsored Display,1427,4,3.52,0,0.0
2025-11-24,SKU-1004,Sponsored Products,1304,8,6.0,0,0.0
2025-11-24,SKU-1005,Sponsored Brands,1990,8,7.28,0,0.0
2025-11-24,SKU-1007,Sponsored Products,2340,12,4.32,1,12.86
2025-11-24,SKU-1008,Sponsored Display,2246,10,4.9,1,21.53
2025-11-24,SKU-1009,Sponsored Products,1361,3,2.49,0,0.0
2025-11-24,SKU-1010,Sponsored Products,1741,2,2.1,0,0.0
2025-11-25,SKU-1001,Sponsored Products,711,3,2.19,0,0.0
2025-11-25,SKU-1004,Sponsored Products,675,2,1.16,0,0.0
2025-11-25,SKU-1005,Sponsored Products,1022,3,3.12,0,0.0
2025-11-25,SKU-1006,Sponsored Products,2929,6,4.56,0,0.0
2025-11-25,SKU-1007,Sponsored Brands,810,4,5.16,0,0.0
2025-11-25,SKU-1008,Sponsored Products,1471,7,4.2,0,0.0
2025-11-25,SKU-1009,Sponsored Brands,1661,12,9.96,2,24.67
2025-11-25,SKU-1010,Sponsored Products,2698,10,4.7,0,0.0
2025-11-26,SKU-1001,Sponsored Display,645,2,1.26,0,0.0
2025-11-26,SKU-1002,Sponsored Products,1175,3,3.21,0,0.0
2025-11-26,SKU-1003,Sponsored Products,701,4,2.96,0,0.0
2025-11-26,SKU-1004,Sponsored Brands,1066,5,6.05,0,0.0
2025-11-26,SKU-1005,Sponsored Products,1264,4,4.68,0,0.0
2025-11-26,SKU-1006,Sponsored Products,1502,4,5.16,0,0.0
2025-11-26,SKU-1007,Sponsored Display,2723,5,5.3,0,0.0
2025-11-26,SKU-1008,Sponsored Products,1137,4,4.8,0,0.0
2025-11-26,SKU-1009,Sponsored Products,575,1,0.4,0,0.0
2025-11-26,SKU-1010,Sponsored Display,1248,3,2.61,0,0.0
2025-11-27,SKU-1001,Sponsored Products,1098,5,1.85,0,0.0
2025-11-27,SKU-1002,Sponsored Display,1917,8,7.52,0,0.0
2025-11-27,SKU-1003,Sponsored Products,1657,7,7.14,0,0.0
2025-11-27,SKU-1004,Sponsored Brands,842,3,1.8,0,0.0
2025-11-27,SKU-1005,Sponsored Products,1058,3,2.94,0,0.0
2025-11-27,SKU-1006,Sponsored Products,1579,8,5.84,0,0.0
2025-11-27,SKU-1007,Sponsored Products,1162,4,2.28,0,0.0
2025-11-27,SKU-1008,Sponsored Products,938,2,0.92,0,0.0
2025-11-27,SKU-1009,Sponsored Display,437,2,1.26,0,0.0
2025-11-27,SKU-1010,Sponsored Products,2475,14,10.22,1,22.37
2025-11-28,SKU-1001,Sponsored Products,791,3,2.79,0,0.0
2025-11-28,SKU-1002,Sponsored Products,492,2,1.08,0,0.0
2025-11-28,SKU-1003,Sponsored Products,1509,6,6.36,1,30.09
2025-11-28,SKU-1004,Sponsored Products,1073,1,0.75,0,0.0
2025-11-28,SKU-1005,Sponsored Brands,1741,7,7.14,0,0.0
2025-11-28,SKU-1006,Sponsored Products,904,3,2.07,0,0.0
2025-11-28,SKU-1007,Sponsored Products,1400,4,2.8,0,0.0
2025-11-28,SKU-1008,Sponsored Products,1308,6,3.18,0,0.0
2025-11-28,SKU-1009,Sponsored Products,876,4,1.96,0,0.0
2025-11-28,SKU-1010,Sponsored Products,1441,6,3.54,0,0.0
2025-11-29,SKU-1001,Sponsored Products,1298,6,3.54,0,0.0
2025-11-29,SKU-1002,Sponsored Products,1492,3,2.13,0,0.0
2025-11-29,SKU-1003,Sponsored Products,1478,6,7.02,0,0.0
2025-11-29,SKU-1004,Sponsored Products,1344,5,2.5,0,0.0
2025-11-29,SKU-1005,Sponsored Products,912,2,1.92,0,0.0
2025-11-29,SKU-1006,Sponsored Products,1296,4,3.36,0,0.0
2025-11-29,SKU-1007,Sponsored Products,1718,3,3.0,0,0.0
2025-11-29,SKU-1008,Sponsored Brands,2092,9,7.92,1,19.83
2025-11-29,SKU-1009,Sponsored Products,958,3,2.67,0,0.0
2025-11-29,SKU-1010,Sponsored Products,1296,5,6.6,0,0.0
2025-11-30,SKU-1001,Sponsored Products,1420,5,6.3,0,0.0
2025-11-30,SKU-1002,Sponsored Products,1478,7,3.71,0,0.0
2025-11-30,SKU-1003,Sponsored Brands,564,3,1.29,0,0.0
2025-11-30,SKU-1005,Sponsored Products,2136,6,2.58,0,0.0
2025-11-30,SKU-1006,Sponsored Brands,1330,6,3.72,0,0.0
2025-11-30,SKU-1007,Sponsored Products,1378,7,4.34,0,0.0
2025-11-30,SKU-1008,Sponsored Products,1784,8,3.84,0,0.0
2025-11-30,SKU-1009,Sponsored Products,1501,3,3.66,0,0.0
2025-12-01,SKU-1002,Sponsored Products,1835,8,6.08,0,0.0
2025-12-01,SKU-1003,Sponsored Products,773,3,3.03,0,0.0
2025-12-01,SKU-1004,Sponsored Products,2124,8,9.04,0,0.0
2025-12-01,SKU-1005,Sponsored Brands,1534,4,2.72,0,0.0
2025-12-01,SKU-1006,Sponsored Products,1334,3,2.94,0,0.0
2025-12-01,SKU-1007,Sponsored Brands,2194,9,5.22,0,0.0
2025-12-01,SKU-1008,Sponsored Products,1273,5,3.6,0,0.0
2025-12-01,SKU-1009,Sponsored Products,1997,5,6.75,0,0.0
2025-12-01,SKU-1010,Sponsored Products,945,4,2.4,0,0.0
2025-12-02,SKU-1001,Sponsored Products,1070,5,6.35,0,0.0
2025-12-02,SKU-1002,Sponsored Display,1762,2,0.78,0,0.0
2025-12-02,SKU-1003,Sponsored Products,1898,10,7.5,0,0.0
2025-12-02,SKU-1005,Sponsored Products,2461,8,8.56,1,36.13
2025-12-02,SKU-1006,Sponsored Products,852,1,0.64,0,0.0
2025-12-02,SKU-1007,Sponsored Brands,1415,6,4.8,0,0.0
2025-12-02,SKU-1008,Sponsored Products,2071,11,3.85,1,21.0
2025-12-02,SKU-1009,Sponsored Products,2885,9,8.73,0,0.0
2025-12-02,SKU-1010,Sponsored Products,1447,4,1.84,0,0.0
2025-12-03,SKU-1001,Sponsored Brands,1138,4,1.52,0,0.0
2025-12-03,SKU-1002,Sponsored Brands,2426,10,6.6,1,19.41
2025-12-03,SKU-1003,Sponsored Products,1524,5,6.5,0,0.0
2025-12-03,SKU-1005,Sponsored Products,2140,9,4.32,1,32.94
2025-12-03,SKU-1006,Sponsored Products,2240,10,3.9,1,14.5
2025-12-03,SKU-1007,Sponsored Brands,1158,6,3.0,0,0.0
2025-12-03,SKU-1008,Sponsored Products,2881,11,10.78,1,18.71
2025-12-03,SKU-1009,Sponsored Products,1907,11,9.57,0,0.0
2025-12-03,SKU-1010,Sponsored Brands,2075,5,5.35,0,0.0
2025-12-04,SKU-1001,Sponsored Products,1365,6,6.48,0,0.0
2025-12-04,SKU-1002,Sponsored Brands,1958,6,6.78,0,0.0
2025-12-04,SKU-1003,Sponsored Products,2069,9,8.28,0,0.0
2025-12-04,SKU-1004,Sponsored Products,2041,6,6.24,0,0.0
2025-12-04,SKU-1005,Sponsored Products,2408,12,10.68,1,31.28
2025-12-04,SKU-1006,Sponsored Brands,2572,15,13.95,1,14.52
2025-12-04,SKU-1007,Sponsored Products,1304,6,5.16,0,0.0
2025-12-04,SKU-1008,Sponsored Products,2194,12,10.2,0,0.0
2025-12-04,SKU-1009,Sponsored Brands,2042,5,2.95,0,0.0
2025-12-05,SKU-1001,Sponsored Display,1968,4,2.08,0,0.0
2025-12-05,SKU-1002,Sponsored Products,996,4,5.16,0,0.0
2025-12-05,SKU-1003,Sponsored Products,1758,8,5.92,0,0.0
2025-12-05,SKU-1004,Sponsored Brands,809,2,2.32,0,0.0
2025-12-05,SKU-1005,Sponsored Products,1748,5,3.65,0,0.0
2025-12-05,SKU-1006,Sponsored Brands,1047,3,3.84,0,0.0
2025-12-05,SKU-1007,Sponsored Products,1828,3,1.29,0,0.0
2025-12-05,SKU-1008,Sponsored Brands,699,3,1.5,0,0.0
2025-12-05,SKU-1009,Sponsored Products,827,2,1.4,0,0.0
2025-12-05,SKU-1010,Sponsored Products,1691,4,1.8,0,0.0
2025-12-06,SKU-1001,Sponsored Brands,1430,7,6.44,0,0.0
2025-12-06,SKU-1002,Sponsored Brands,2983,13,7.15,1,18.35
2025-12-06,SKU-1003,Sponsored Products,1993,3,1.98,0,0.0
2025-12-06,SKU-1004,Sponsored Brands,2160,3,2.25,0,0.0
2025-12-06,SKU-1005,Sponsored Products,1056,2,1.18,0,0.0
2025-12-06,SKU-1006,Sponsored Products,1543,7,8.4,0,0.0
2025-12-06,SKU-1007,Sponsored Products,2485,1,1.18,0,0.0
2025-12-06,SKU-1008,Sponsored Products,1790,8,10.0,0,0.0
2025-12-06,SKU-1009,Sponsored Brands,914,4,1.44,0,0.0
2025-12-06,SKU-1010,Sponsored Products,1377,4,2.36,0,0.0
2025-12-07,SKU-1001,Sponsored Products,1132,1,1.18,0,0.0
2025-12-07,SKU-1002,Sponsored Display,2484,7,6.02,0,0.0
2025-12-07,SKU-1003,Sponsored Brands,1568,7,4.62,0,0.0
2025-12-07,SKU-1004,Sponsored Products,716,3,1.26,0,0.0
2025-12-07,SKU-1005,Sponsored Products,1166,4,2.72,0,0.0
2025-12-07,SKU-1006,Sponsored Products,1443,7,8.54,0,0.0
2025-12-07,SKU-1007,Sponsored Products,1661,6,5.58,0,0.0
2025-12-07,SKU-1008,Sponsored Products,2516,9,12.06,1,19.19
2025-12-07,SKU-1009,Sponsored Products,1023,1,0.47,0,0.0
2025-12-07,SKU-1010,Sponsored Products,1502,6,4.26,0,0.0
2025-12-08,SKU-1001,Sponsored Products,2902,14,16.8,1,27.6
2025-12-08,SKU-1002,Sponsored Products,1546,3,2.61,0,0.0
2025-12-08,SKU-1003,Sponsored Products,1457,8,3.52,0,0.0
2025-12-08,SKU-1004,Sponsored Brands,1328,6,6.24,0,0.0
2025-12-08,SKU-1005,Sponsored Products,1062,3,3.75,0,0.0
2025-12-08,SKU-1006,Sponsored Products,2234,8,4.08,0,0.0
2025-12-08,SKU-1007,Sponsored Products,1317,6,3.78,0,0.0
2025-12-08,SKU-1008,Sponsored Brands,2275,15,17.85,1,19.23
2025-12-08,SKU-1009,Sponsored Products,1352,4,4.6,0,0.0
2025-12-08,SKU-1010,Sponsored Brands,1758,4,1.64,0,0.0
2025-12-09,SKU-1001,Sponsored Products,1088,3,1.68,0,0.0
2025-12-09,SKU-1002,Sponsored Products,446,2,1.98,0,0.0
2025-12-09,SKU-1003,Sponsored Products,2744,11,9.57,0,0.0
2025-12-09,SKU-1004,Sponsored Brands,2243,15,19.5,1,15.65
2025-12-09,SKU-1005,Sponsored Brands,1721,3,3.96,0,0.0
2025-12-09,SKU-1006,Sponsored Products,1806,7,3.36,0,0.0
2025-12-09,SKU-1007,Sponsored Products,815,3,1.11,0,0.0
2025-12-09,SKU-1008,Sponsored Display,3241,8,6.72,1,20.9
2025-12-09,SKU-1009,Sponsored Brands,2665,9,10.08,1,10.37
2025-12-09,SKU-1010,Sponsored Products,1039,3,3.84,0,0.0
2025-12-10,SKU-1001,Sponsored Brands,3697,9,7.2,0,0.0
2025-12-10,SKU-1002,Sponsored Products,2655,11,6.38,0,0.0
2025-12-10,SKU-1003,Sponsored Products,547,2,2.38,0,0.0
2025-12-10,SKU-1004,Sponsored Products,2233,8,4.08,0,0.0
2025-12-10,SKU-1005,Sponsored Products,2439,9,5.94,1,31.38
2025-12-10,SKU-1006,Sponsored Products,1357,5,4.25,0,0.0
2025-12-10,SKU-1007,Sponsored Products,1050,5,2.25,0,0.0
2025-12-10,SKU-1008,Sponsored Products,1568,10,11.0,0,0.0
2025-12-10,SKU-1009,Sponsored Products,567,1,0.83,0,0.0
2025-12-10,SKU-1010,Sponsored Products,2258,9,5.13,0,0.0
2025-12-11,SKU-1001,Sponsored Products,1632,8,7.84,1,23.29
2025-12-11,SKU-1002,Sponsored Display,2655,18,14.4,2,36.7
2025-12-11,SKU-1003,Sponsored Display,1301,8,3.44,0,0.0
2025-12-11,SKU-1004,Sponsored Brands,975,4,2.32,0,0.0
2025-12-11,SKU-1005,Sponsored Products,1798,4,1.92,0,0.0
2025-12-11,SKU-1007,Sponsored Products,2082,10,3.7,0,0.0
2025-12-11,SKU-1008,Sponsored Products,1080,6,4.02,0,0.0
2025-12-11,SKU-1009,Sponsored Brands,1072,4,2.08,0,0.0
2025-12-11,SKU-1010,Sponsored Products,1234,5,2.7,0,0.0
2025-12-12,SKU-1001,Sponsored Products,1642,2,1.8,0,0.0
2025-12-12,SKU-1002,Sponsored Display,2952,11,6.71,1,18.67
2025-12-12,SKU-1003,Sponsored Products,1443,7,8.61,1,29.95
2025-12-12,SKU-1004,Sponsored Brands,1145,2,1.14,0,0.0
2025-12-12,SKU-1005,Sponsored Brands,1025,5,6.25,0,0.0
2025-12-12,SKU-1006,Sponsored Brands,803,3,1.44,0,0.0
2025-12-12,SKU-1007,Sponsored Products,2941,15,10.95,1,12.15
2025-12-12,SKU-1008,Sponsored Display,1166,5,3.85,0,0.0
2025-12-12,SKU-1009,Sponsored Products,2330,8,9.44,0,0.0
2025-12-12,SKU-1010,Sponsored Products,831,4,4.8,0,0.0
2025-12-13,SKU-1001,Sponsored Products,973,6,5.76,0,0.0
2025-12-13,SKU-1003,Sponsored Products,1201,2,0.86,0,0.0
2025-12-13,SKU-1004,Sponsored Products,1312,5,3.3,0,0.0
2025-12-13,SKU-1005,Sponsored Products,821,4,2.04,0,0.0
2025-12-13,SKU-1006,Sponsored Brands,1777,5,5.5,0,0.0
2025-12-13,SKU-1007,Sponsored Display,701,3,1.92,0,0.0
2025-12-13,SKU-1008,Sponsored Display,1178,4,2.88,0,0.0
2025-12-13,SKU-1009,Sponsored Brands,1800,5,4.7,0,0.0
2025-12-13,SKU-1010,Sponsored Brands,2078,6,3.36,0,0.0
2025-12-14,SKU-1001,Sponsored Products,447,1,0.53,0,0.0
2025-12-14,SKU-1002,Sponsored Products,1730,6,7.92,0,0.0
2025-12-14,SKU-1003,Sponsored Products,1728,6,2.58,0,0.0
2025-12-14,SKU-1004,Sponsored Products,3004,7,2.59,0,0.0
2025-12-14,SKU-1005,Sponsored Brands,1351,6,5.28,0,0.0
2025-12-14,SKU-1006,Sponsored Products,1007,5,2.2,0,0.0
2025-12-14,SKU-1007,Sponsored Products,1221,2,0.86,0,0.0
2025-12-14,SKU-1008,Sponsored Products,887,4,3.36,0,0.0
2025-12-14,SKU-1009,Sponsored Products,2848,9,7.2,1,12.68
2025-12-14,SKU-1010,Sponsored Products,1121,2,1.76,0,0.0
2025-12-15,SKU-1001,Sponsored Products,2016,9,6.84,0,0.0
2025-12-15,SKU-1002,Sponsored Brands,2490,9,10.89,1,18.0
2025-12-15,SKU-1003,Sponsored Brands,3041,9,11.97,1,29.03
2025-12-15,SKU-1004,Sponsored Products,2513,7,8.05,0,0.0
2025-12-15,SKU-1005,Sponsored Products,3098,8,5.6,1,31.46
2025-12-15,SKU-1006,Sponsored Products,679,2,2.38,0,0.0
2025-12-15,SKU-1007,Sponsored Products,1844,5,5.7,0,0.0
2025-12-15,SKU-1008,Sponsored Products,1679,10,6.8,0,0.0
2025-12-15,SKU-1009,Sponsored Products,2250,8,5.92,1,12.52
2025-12-15,SKU-1010,Sponsored Products,1547,5,4.55,0,0.0
2025-12-16,SKU-1001,Sponsored Products,2074,5,3.85,0,0.0
2025-12-16,SKU-1002,Sponsored Products,444,1,1.22,0,0.0
2025-12-16,SKU-1003,Sponsored Products,1382,4,4.76,0,0.0
2025-12-16,SKU-1004,Sponsored Products,1549,7,7.49,0,0.0
2025-12-16,SKU-1005,Sponsored Products,1673,6,6.24,0,0.0
2025-12-16,SKU-1006,Sponsored Products,990,5,3.95,0,0.0
2025-12-16,SKU-1007,Sponsored Display,1145,5,5.1,0,0.0
2025-12-16,SKU-1008,Sponsored Brands,1659,3,2.4,0,0.0
2025-12-16,SKU-1009,Sponsored Products,2116,12,14.64,1,11.48
2025-12-16,SKU-1010,Sponsored Products,1564,8,9.52,1,22.1
2025-12-17,SKU-1002,Sponsored Products,1008,3,1.05,0,0.0
2025-12-17,SKU-1003,Sponsored Products,1882,7,5.11,1,29.65
2025-12-17,SKU-1004,Sponsored Brands,1006,3,3.99,0,0.0
2025-12-17,SKU-1005,Sponsored Products,1488,3,3.18,0,0.0
2025-12-17,SKU-1006,Sponsored Products,2559,9,5.85,0,0.0
2025-12-17,SKU-1007,Sponsored Products,3127,17,7.31,2,23.09
2025-12-17,SKU-1008,Sponsored Display,1005,4,2.28,0,0.0
2025-12-17,SKU-1009,Sponsored Products,2402,15,14.85,1,12.5
2025-12-18,SKU-1001,Sponsored Brands,1569,6,2.64,0,0.0
2025-12-18,SKU-1002,Sponsored Products,2025,10,12.4,1,19.04
2025-12-18,SKU-1003,Sponsored Products,2801,6,6.78,0,0.0
2025-12-18,SKU-1004,Sponsored Display,1605,7,6.72,0,0.0
2025-12-18,SKU-1005,Sponsored Products,1304,5,3.9,0,0.0
2025-12-18,SKU-1006,Sponsored Products,758,2,1.72,0,0.0
2025-12-18,SKU-1007,Sponsored Products,2699,11,11.77,0,0.0
2025-12-18,SKU-1009,Sponsored Products,1692,9,10.62,1,12.04
2025-12-18,SKU-1010,Sponsored Brands,797,1,0.83,0,0.0
2025-12-19,SKU-1001,Sponsored Brands,2438,15,7.65,1,23.71
2025-12-19,SKU-1002,Sponsored Products,2303,8,6.0,0,0.0
2025-12-19,SKU-1003,Sponsored Products,2242,7,2.94,0,0.0
2025-12-19,SKU-1004,Sponsored Products,1559,5,2.6,0,0.0
2025-12-19,SKU-1005,Sponsored Brands,1363,6,7.38,0,0.0
2025-12-19,SKU-1006,Sponsored Products,1648,3,1.5,0,0.0
2025-12-19,SKU-1008,Sponsored Products,1332,6,6.54,0,0.0
2025-12-19,SKU-1009,Sponsored Products,3583,17,14.96,1,11.34
2025-12-19,SKU-1010,Sponsored Products,1523,2,1.12,0,0.0
2025-12-20,SKU-1001,Sponsored Products,1423,8,3.12,1,23.86
2025-12-20,SKU-1002,Sponsored Brands,2044,6,7.08,0,0.0
2025-12-20,SKU-1003,Sponsored Products,1581,9,6.48,0,0.0
2025-12-20,SKU-1004,Sponsored Products,2799,8,6.24,0,0.0
2025-12-20,SKU-1005,Sponsored Products,1546,6,5.16,0,0.0
2025-12-20,SKU-1006,Sponsored Products,983,4,4.52,0,0.0
2025-12-20,SKU-1007,Sponsored Products,3431,15,9.75,1,13.55
2025-12-20,SKU-1008,Sponsored Products,1825,5,4.35,0,0.0
2025-12-20,SKU-1009,Sponsored Products,2253,4,1.76,0,0.0
2025-12-21,SKU-1001,Sponsored Products,1615,8,9.36,0,0.0
2025-12-21,SKU-1002,Sponsored Products,1073,5,4.95,0,0.0
2025-12-21,SKU-1003,Sponsored Products,1795,7,4.34,0,0.0
2025-12-21,SKU-1004,Sponsored Products,1193,3,3.09,0,0.0
2025-12-21,SKU-1005,Sponsored Display,1703,10,12.1,1,32.5
2025-12-21,SKU-1006,Sponsored Products,1553,6,6.48,0,0.0
2025-12-21,SKU-1007,Sponsored Products,2361,13,13.13,1,11.15
2025-12-21,SKU-1008,Sponsored Products,1116,4,4.52,0,0.0
2025-12-21,SKU-1009,Sponsored Brands,2763,14,16.94,1,11.46
2025-12-21,SKU-1010,Sponsored Products,2207,8,4.4,0,0.0
2025-12-22,SKU-1001,Sponsored Display,3302,14,14.84,1,24.27
2025-12-22,SKU-1002,Sponsored Products,1155,0,0.0,0,0.0
2025-12-22,SKU-1003,Sponsored Products,1856,5,3.5,0,0.0
2025-12-22,SKU-1004,Sponsored Products,1499,11,7.59,0,0.0
2025-12-22,SKU-1005,Sponsored Products,2023,9,5.67,1,34.91
2025-12-22,SKU-1006,Sponsored Display,1148,2,1.48,0,0.0
2025-12-22,SKU-1007,Sponsored Products,977,1,0.98,0,0.0
2025-12-22,SKU-1008,Sponsored Brands,3098,15,7.95,2,41.23
2025-12-22,SKU-1009,Sponsored Products,1152,5,2.5,0,0.0
2025-12-22,SKU-1010,Sponsored Products,854,3,2.91,0,0.0
2025-12-23,SKU-1001,Sponsored Products,1756,9,6.21,1,27.63
2025-12-23,SKU-1002,Sponsored Products,2348,12,15.84,1,18.16
2025-12-23,SKU-1003,Sponsored Products,1280,4,4.28,0,0.0
2025-12-23,SKU-1004,Sponsored Brands,2370,10,8.1,1,15.54
2025-12-23,SKU-1005,Sponsored Brands,3168,20,25.8,2,68.92
2025-12-23,SKU-1006,Sponsored Products,1740,3,3.06,0,0.0
2025-12-23,SKU-1007,Sponsored Products,2037,8,5.6,0,0.0
2025-12-23,SKU-1008,Sponsored Products,948,3,2.01,0,0.0
2025-12-23,SKU-1010,Sponsored Brands,1097,3,3.36,0,0.0
2025-12-24,SKU-1001,Sponsored Products,1789,8,10.64,0,0.0
2025-12-24,SKU-1002,Sponsored Products,1440,4,3.88,0,0.0
2025-12-24,SKU-1003,Sponsored Products,2331,6,5.4,0,0.0
2025-12-24,SKU-1004,Sponsored Products,1999,7,5.04,0,0.0
2025-12-24,SKU-1005,Sponsored Products,1686,5,5.1,0,0.0
2025-12-24,SKU-1006,Sponsored Brands,2145,11,10.01,1,15.01
2025-12-24,SKU-1007,Sponsored Products,1451,6,6.18,1,12.86
2025-12-24,SKU-1008,Sponsored Products,2178,8,7.04,0,0.0
2025-12-24,SKU-1009,Sponsored Display,415,2,1.74,0,0.0
2025-12-24,SKU-1010,Sponsored Products,2146,7,6.23,0,0.0
2025-12-25,SKU-1001,Sponsored Products,1212,4,4.2,0,0.0
2025-12-25,SKU-1002,Sponsored Products,1874,7,9.17,1,19.35
2025-12-25,SKU-1003,Sponsored Products,2130,9,9.81,1,28.56
2025-12-25,SKU-1004,Sponsored Products,1261,4,5.16,0,0.0
2025-12-25,SKU-1005,Sponsored Products,2317,4,4.76,0,0.0
2025-12-25,SKU-1006,Sponsored Products,781,3,2.04,0,0.0
2025-12-25,SKU-1007,Sponsored Products,2626,12,8.16,1,13.21
2025-12-25,SKU-1008,Sponsored Products,3109,9,9.36,1,18.58
2025-12-25,SKU-1009,Sponsored Products,1322,5,6.35,0,0.0
2025-12-25,SKU-1010,Sponsored Brands,2695,11,13.97,0,0.0
2025-12-26,SKU-1001,Sponsored Brands,1879,8,8.4,0,0.0
2025-12-26,SKU-1002,Sponsored Products,1357,5,6.45,0,0.0
2025-12-26,SKU-1003,Sponsored Products,3073,18,8.46,2,60.49
2025-12-26,SKU-1004,Sponsored Products,951,4,2.92,0,0.0
2025-12-26,SKU-1005,Sponsored Products,2157,10,12.2,0,0.0
2025-12-26,SKU-1006,Sponsored Products,1426,4,3.48,0,0.0
2025-12-26,SKU-1007,Sponsored Products,1209,5,6.45,0,0.0
2025-12-26,SKU-1008,Sponsored Products,950,2,0.96,0,0.0
2025-12-26,SKU-1009,Sponsored Products,1765,6,7.74,0,0.0
2025-12-26,SKU-1010,Sponsored Products,1203,5,5.1,0,0.0
2025-12-27,SKU-1001,Sponsored Brands,3749,15,19.05,2,49.33
2025-12-27,SKU-1002,Sponsored Brands,2043,6,3.24,0,0.0
2025-12-27,SKU-1003,Sponsored Display,1627,7,7.91,0,0.0
2025-12-27,SKU-1004,Sponsored Products,1699,4,4.8,0,0.0
2025-12-27,SKU-1005,Sponsored Products,1271,5,1.9,0,0.0
2025-12-27,SKU-1006,Sponsored Products,1822,10,11.1,0,0.0
2025-12-27,SKU-1007,Sponsored Products,1682,3,3.6,0,0.0
2025-12-27,SKU-1008,Sponsored Products,1382,7,5.11,0,0.0
2025-12-27,SKU-1009,Sponsored Products,765,3,2.55,0,0.0
2025-12-27,SKU-1010,Sponsored Products,1010,5,4.7,0,0.0
2025-12-28,SKU-1001,Sponsored Products,1292,4,4.2,0,0.0
2025-12-28,SKU-1003,Sponsored Brands,2082,10,12.0,1,30.65
2025-12-28,SKU-1004,Sponsored Products,1250,1,0.86,0,0.0
2025-12-28,SKU-1005,Sponsored Brands,1764,4,2.24,0,0.0
2025-12-28,SKU-1006,Sponsored Products,769,3,1.14,0,0.0
2025-12-28,SKU-1007,Sponsored Display,1371,6,6.18,0,0.0
2025-12-28,SKU-1008,Sponsored Products,1522,6,7.26,1,21.36
2025-12-28,SKU-1009,Sponsored Products,1638,4,1.6,0,0.0
2025-12-28,SKU-1010,Sponsored Brands,3291,11,6.49,1,20.67
2025-12-29,SKU-1001,Sponsored Products,2582,15,5.4,0,0.0
2025-12-29,SKU-1002,Sponsored Products,1283,4,3.0,0,0.0
2025-12-29,SKU-1003,Sponsored Brands,1405,6,3.96,1,29.08
2025-12-29,SKU-1004,Sponsored Products,1752,7,3.5,0,0.0
2025-12-29,SKU-1005,Sponsored Products,3254,15,14.55,1,32.57
2025-12-29,SKU-1006,Sponsored Products,1279,5,5.55,0,0.0
2025-12-29,SKU-1007,Sponsored Products,1832,9,4.32,0,0.0
2025-12-29,SKU-1008,Sponsored Products,1390,3,3.87,0,0.0
2025-12-29,SKU-1009,Sponsored Display,1913,9,4.14,1,11.08
2025-12-29,SKU-1010,Sponsored Products,3207,21,28.35,1,22.01
2025-12-30,SKU-1001,Sponsored Brands,2083,12,14.04,0,0.0
2025-12-30,SKU-1002,Sponsored Products,2320,12,9.24,0,0.0
2025-12-30,SKU-1003,Sponsored Brands,2280,7,7.91,1,25.57
2025-12-30,SKU-1004,Sponsored Products,906,1,0.88,0,0.0
2025-12-30,SKU-1005,Sponsored Products,2452,8,10.48,0,0.0
2025-12-30,SKU-1006,Sponsored Products,1625,3,3.51,0,0.0
2025-12-30,SKU-1007,Sponsored Display,2154,8,6.48,1,13.19
2025-12-30,SKU-1008,Sponsored Products,1528,7,2.73,0,0.0
2025-12-30,SKU-1009,Sponsored Products,3360,11,14.52,1,11.93
2025-12-30,SKU-1010,Sponsored Products,3753,9,11.7,1,22.84
2025-12-31,SKU-1001,Sponsored Products,599,2,1.18,0,0.0
2025-12-31,SKU-1002,Sponsored Products,1089,5,4.6,0,0.0
2025-12-31,SKU-1003,Sponsored Brands,2086,8,4.16,0,0.0
2025-12-31,SKU-1004,Sponsored Products,1523,6,5.22,0,0.0
2025-12-31,SKU-1005,Sponsored Brands,2100,12,6.96,1,30.92
2025-12-31,SKU-1006,Sponsored Products,2090,4,3.72,0,0.0
2025-12-31,SKU-1008,Sponsored Products,1494,4,3.72,0,0.0
2025-12-31,SKU-1009,Sponsored Products,1520,7,4.06,0,0.0
2025-12-31,SKU-1010,Sponsored Products,2240,7,8.68,0,0.0
