customer_id,acquisition_channel,signup_region,loyalty_score,signup_date,total_orders,total_units,total_revenue,total_refunded,first_order_date,last_order_date,is_repeat_customer,churned_90d
CUST-100000,External Traffic,US-South,0.187,2025-08-27,2,2,60.81,0.0,2025-09-02,2025-12-05,True,False
CUST-100001,Organic Search,US-East,0.804,2025-08-28,1,1,15.23,0.0,2025-11-24,2025-11-24,False,False
CUST-100002,External Traffic,US-West,0.703,2025-01-19,5,5,100.78,21.89,2025-01-19,2025-11-19,True,False
CUST-100003,Organic Search,US-West,0.57,2025-04-06,3,3,61.52,0.0,2025-04-16,2025-12-16,True,False
CUST-100004,Sponsored Ads,US-South,0.533,2025-10-10,2,2,41.51,0.0,2025-10-26,2025-11-07,True,False
CUST-100005,Referral,US-South,0.776,2025-04-17,5,5,102.52,0.0,2025-04-18,2025-08-29,True,True
CUST-100006,External Traffic,US-South,0.742,2025-03-15,2,2,36.14,0.0,2025-03-15,2025-11-17,True,False
CUST-100007,External Traffic,US-West,0.732,2025-07-08,2,2,42.06,0.0,2025-07-09,2025-07-17,True,True
CUST-100008,Sponsored Ads,US-South,0.591,2025-02-28,6,6,130.36,58.85,2025-03-04,2025-11-19,True,False
CUST-100009,Organic Search,US-West,0.43,2025-02-14,1,1,29.65,0.0,2025-03-05,2025-03-05,False,True
CUST-100010,Sponsored Ads,US-West,0.653,2025-08-28,3,3,61.49,0.0,2025-09-19,2025-10-22,True,False
CUST-100011,Referral,US-East,0.663,2025-02-05,9,9,202.19,12.37,2025-02-06,2025-12-29,True,False
CUST-100012,Organic Search,US-South,0.462,2025-09-25,1,1,12.61,0.0,2025-09-26,2025-09-26,False,True
CUST-100013,External Traffic,US-South,0.43,2025-03-16,3,3,85.11,0.0,2025-03-26,2025-06-04,True,True
CUST-100014,Organic Search,US-Midwest,0.727,2025-02-02,6,6,125.23,30.76,2025-02-02,2025-10-25,True,False
CUST-100015,Sponsored Ads,US-Midwest,0.833,2025-08-11,1,1,33.93,0.0,2025-10-02,2025-10-02,False,False
CUST-100016,Organic Search,US-East,0.35,2025-02-22,1,1,24.61,0.0,2025-02-23,2025-02-23,False,True
CUST-100017,Sponsored Ads,US-Midwest,0.447,2025-04-20,4,4,65.73,0.0,2025-04-21,2025-11-28,True,False
CUST-100018,External Traffic,US-West,0.57,2025-04-16,2,2,32.86,0.0,2025-04-16,2025-12-17,True,False
CUST-100019,Organic Search,US-Midwest,0.597,2025-06-02,4,4,118.98,29.76,2025-07-20,2025-09-12,True,True
CUST-100020,External Traffic,US-East,0.396,2025-05-23,1,1,11.96,0.0,2025-05-23,2025-05-23,False,True
CUST-100021,Sponsored Ads,US-Midwest,0.877,2025-02-28,5,5,119.12,0.0,2025-03-08,2025-12-14,True,False
CUST-100022,Referral,US-Midwest,0.584,2025-03-12,3,3,55.92,0.0,2025-03-21,2025-06-20,True,True
CUST-100023,External Traffic,US-South,0.606,2025-02-28,7,7,141.62,0.0,2025-03-02,2025-10-28,True,False
CUST-100024,External Traffic,US-Midwest,0.852,2025-01-17,7,7,123.17,25.79,2025-01-21,2025-10-13,True,False
CUST-100025,Sponsored Ads,US-West,0.41,2025-07-15,2,2,37.6,0.0,2025-09-18,2025-12-10,True,False
CUST-100026,Organic Search,US-West,0.482,2025-05-22,4,4,77.26,0.0,2025-05-31,2025-12-14,True,False
CUST-100027,Sponsored Ads,US-South,0.249,2025-02-02,2,2,47.59,0.0,2025-02-06,2025-03-31,True,True
CUST-100028,Sponsored Ads,US-South,0.466,2025-04-10,2,2,60.77,0.0,2025-04-14,2025-05-09,True,True
CUST-100029,Organic Search,US-West,0.202,2025-07-20,2,2,44.69,0.0,2025-07-22,2025-10-15,True,False
CUST-100030,Organic Search,US-South,0.65,2025-03-27,4,4,84.94,0.0,2025-04-01,2025-11-07,True,False
CUST-100031,Referral,US-West,0.584,2025-05-01,3,3,68.08,0.0,2025-05-02,2025-05-09,True,True
CUST-100032,Sponsored Ads,US-Midwest,0.445,2025-08-12,3,3,64.66,0.0,2025-10-06,2025-12-02,True,False
CUST-100033,Sponsored Ads,US-West,0.48,2025-07-21,2,2,47.56,0.0,2025-10-16,2025-12-31,True,False
CUST-100034,Organic Search,US-East,0.652,2025-07-30,5,5,117.54,0.0,2025-08-16,2025-12-20,True,False
CUST-100035,Sponsored Ads,US-Midwest,0.273,2025-04-25,2,2,41.63,0.0,2025-05-19,2025-06-05,True,True
CUST-100036,Sponsored Ads,US-South,0.541,2025-05-26,1,1,16.46,0.0,2025-06-03,2025-06-03,False,True
CUST-100037,Organic Search,US-South,0.64,2025-09-11,2,2,28.22,0.0,2025-11-27,2025-12-13,True,False
CUST-100038,Sponsored Ads,US-South,0.144,2025-09-19,1,1,21.85,0.0,2025-09-27,2025-09-27,False,True
CUST-100039,Organic Search,US-Midwest,0.637,2025-01-17,7,7,151.83,0.0,2025-01-20,2025-12-04,True,False
CUST-100040,Organic Search,US-East,0.165,2025-09-09,1,1,13.4,0.0,2025-10-18,2025-10-18,False,False
CUST-100041,External Traffic,US-Midwest,0.476,2025-09-25,1,1,30.97,0.0,2025-10-03,2025-10-03,False,False
CUST-100042,Organic Search,US-South,0.267,2025-10-10,2,2,31.54,0.0,2025-11-29,2025-12-24,True,False
CUST-100043,Sponsored Ads,US-Midwest,0.786,2025-03-22,5,62,753.17,0.0,2025-03-23,2025-08-18,True,True
CUST-100044,External Traffic,US-South,0.269,2025-05-31,1,1,20.18,0.0,2025-06-26,2025-06-26,False,True
CUST-100045,External Traffic,US-West,0.17,2025-01-13,1,1,26.31,0.0,2025-01-15,2025-01-15,False,True
CUST-100046,Sponsored Ads,US-South,0.527,2025-02-02,3,3,58.65,0.0,2025-02-06,2025-12-20,True,False
CUST-100047,Sponsored Ads,US-Midwest,0.417,2025-06-18,4,4,75.79,0.0,2025-07-27,2025-12-09,True,False
CUST-100048,Organic Search,US-West,0.199,2025-03-03,4,4,96.21,0.0,2025-03-13,2025-12-05,True,False
CUST-100049,Sponsored Ads,US-Midwest,0.605,2025-03-09,2,2,45.38,0.0,2025-03-24,2025-12-16,True,False
CUST-100050,Sponsored Ads,US-West,0.102,2025-03-31,1,1,34.15,0.0,2025-04-14,2025-04-14,False,True
CUST-100051,Sponsored Ads,US-Midwest,0.293,2025-05-18,1,1,26.19,0.0,2025-05-18,2025-05-18,False,True
CUST-100052,External Traffic,US-Midwest,0.385,2025-02-15,2,53,700.5,0.0,2025-04-03,2025-09-07,True,True
CUST-100053,Organic Search,US-West,0.66,2025-08-29,2,2,44.01,0.0,2025-09-27,2025-10-07,True,False
CUST-100054,Organic Search,US-South,0.759,2025-07-20,1,1,12.39,0.0,2025-09-02,2025-09-02,False,True
CUST-100055,External Traffic,US-West,0.721,2025-08-26,1,1,29.72,0.0,2025-09-03,2025-09-03,False,True
CUST-100056,Organic Search,US-South,0.469,2025-10-05,1,1,29.96,0.0,2025-11-26,2025-11-26,False,False
CUST-100057,Organic Search,US-Midwest,0.02,2025-06-30,2,2,47.67,0.0,2025-07-01,2025-11-10,True,False
CUST-100058,Sponsored Ads,US-West,0.578,2025-04-19,2,2,50.71,0.0,2025-04-29,2025-09-02,True,True
CUST-100059,Sponsored Ads,US-West,0.794,2025-10-21,1,1,20.55,0.0,2025-10-31,2025-10-31,False,False
CUST-100060,Organic Search,US-East,0.747,2025-06-19,2,2,28.12,0.0,2025-06-26,2025-08-02,True,True
CUST-100061,Organic Search,US-East,0.593,2025-05-20,4,4,100.09,0.0,2025-06-15,2025-09-13,True,True
CUST-100062,Organic Search,US-West,0.262,2025-05-05,3,3,55.01,13.06,2025-05-06,2025-10-17,True,False
CUST-100063,External Traffic,US-East,0.395,2025-01-12,6,6,134.19,20.73,2025-01-14,2025-08-09,True,True
CUST-100064,Organic Search,US-East,0.887,2025-10-14,1,1,20.34,0.0,2025-11-17,2025-11-17,False,False
CUST-100065,Organic Search,US-West,0.217,2025-09-03,1,1,21.8,0.0,2025-10-26,2025-10-26,False,False
CUST-100066,Organic Search,US-East,0.27,2025-07-29,1,1,15.01,0.0,2025-08-09,2025-08-09,False,True
CUST-100067,Sponsored Ads,US-West,0.689,2025-03-08,3,3,62.54,0.0,2025-03-23,2025-11-13,True,False
CUST-100068,Sponsored Ads,US-Midwest,0.414,2025-10-06,1,1,19.16,0.0,2025-10-26,2025-10-26,False,False
CUST-100069,Organic Search,US-Midwest,0.264,2025-02-22,6,6,103.62,19.08,2025-02-26,2025-11-15,True,False
CUST-100070,Sponsored Ads,US-East,0.806,2025-03-14,10,10,250.51,39.8,2025-03-15,2025-12-22,True,False
CUST-100071,Organic Search,US-Midwest,0.592,2025-01-22,2,2,40.98,0.0,2025-01-23,2025-04-09,True,True
CUST-100072,External Traffic,US-East,0.424,2025-03-28,2,2,32.19,0.0,2025-05-14,2025-06-30,True,True
CUST-100073,Sponsored Ads,US-Midwest,0.271,2025-04-09,1,1,32.47,0.0,2025-04-22,2025-04-22,False,True
CUST-100074,Sponsored Ads,US-West,0.909,2025-08-27,2,2,45.82,0.0,2025-11-13,2025-12-26,True,False
CUST-100075,Sponsored Ads,US-East,0.495,2025-04-08,3,37,810.03,31.21,2025-04-22,2025-08-24,True,True
CUST-100076,Sponsored Ads,US-South,0.779,2025-10-14,3,3,86.69,0.0,2025-11-14,2025-12-31,True,False
CUST-100077,Organic Search,US-West,0.679,2025-04-01,4,4,76.73,0.0,2025-04-01,2025-11-30,True,False
CUST-100078,Organic Search,US-Midwest,0.396,2025-06-07,3,3,52.36,0.0,2025-06-24,2025-12-28,True,False
CUST-100079,External Traffic,US-East,0.397,2025-06-27,1,1,18.73,0.0,2025-07-30,2025-07-30,False,True
CUST-100080,Organic Search,US-East,0.789,2025-09-06,1,1,19.69,0.0,2025-10-22,2025-10-22,False,False
CUST-100081,Organic Search,US-East,0.793,2025-08-14,1,1,19.22,0.0,2025-09-04,2025-09-04,False,True
CUST-100082,External Traffic,US-Midwest,0.125,2025-09-18,1,1,15.8,0.0,2025-11-13,2025-11-13,False,False
CUST-100083,Sponsored Ads,US-West,0.61,2025-10-09,1,1,12.55,0.0,2025-11-03,2025-11-03,False,False
CUST-100084,Sponsored Ads,US-Midwest,0.476,2025-02-05,6,6,141.52,21.18,2025-02-09,2025-12-19,True,False
CUST-100085,Sponsored Ads,US-Midwest,0.293,2025-01-29,1,1,30.99,30.99,2025-01-29,2025-01-29,False,True
CUST-100086,Organic Search,US-Midwest,0.552,2025-05-15,3,3,51.62,0.0,2025-05-25,2025-12-11,True,False
CUST-100087,Organic Search,US-Midwest,0.23,2025-02-15,3,3,63.88,0.0,2025-02-23,2025-05-24,True,True
CUST-100088,Sponsored Ads,US-Midwest,0.407,2025-05-29,2,2,35.19,0.0,2025-07-17,2025-10-20,True,False
CUST-100089,Organic Search,US-South,0.34,2025-06-26,1,1,33.72,0.0,2025-09-08,2025-09-08,False,True
CUST-100090,Sponsored Ads,US-East,0.4,2025-03-24,1,1,20.2,0.0,2025-04-20,2025-04-20,False,True
CUST-100091,Organic Search,US-East,0.486,2025-01-30,7,7,147.1,22.26,2025-02-01,2025-12-16,True,False
CUST-100092,Organic Search,US-Midwest,0.297,2025-10-17,1,1,11.74,0.0,2025-10-19,2025-10-19,False,False
CUST-100093,Sponsored Ads,US-East,0.815,2025-04-22,3,3,75.49,0.0,2025-04-26,2025-12-01,True,False
CUST-100094,Sponsored Ads,US-South,0.599,2025-09-09,2,2,63.92,0.0,2025-09-16,2025-12-14,True,False
CUST-100095,Organic Search,US-West,0.859,2025-07-07,3,3,67.16,30.38,2025-07-29,2025-10-24,True,False
CUST-100096,Sponsored Ads,US-East,0.468,2025-07-18,1,1,13.99,0.0,2025-09-06,2025-09-06,False,True
CUST-100097,Sponsored Ads,US-East,0.39,2025-08-23,2,2,42.78,0.0,2025-11-21,2025-12-10,True,False
CUST-100098,Sponsored Ads,US-East,0.852,2025-03-21,3,3,69.27,0.0,2025-04-01,2025-06-12,True,True
CUST-100099,Referral,US-South,0.384,2025-03-07,2,2,41.86,0.0,2025-03-21,2025-04-24,True,True
CUST-100100,Referral,US-South,0.464,2025-10-27,1,1,13.43,0.0,2025-11-27,2025-11-27,False,False
CUST-100101,Organic Search,US-East,0.644,2025-07-20,3,3,42.95,0.0,2025-07-23,2025-12-01,True,False
CUST-100102,Sponsored Ads,US-West,0.252,2025-03-29,1,1,19.96,0.0,2025-04-04,2025-04-04,False,True
CUST-100103,Referral,US-South,0.642,2025-07-13,2,2,65.85,0.0,2025-07-20,2025-10-13,True,False
CUST-100104,External Traffic,US-West,0.617,2025-04-29,2,2,26.96,0.0,2025-04-30,2025-10-28,True,False
CUST-100105,Organic Search,US-Midwest,0.754,2025-09-15,1,1,11.64,0.0,2025-09-27,2025-09-27,False,True
CUST-100106,Organic Search,US-Midwest,0.678,2025-06-02,5,5,88.0,0.0,2025-06-30,2025-12-15,True,False
CUST-100107,Sponsored Ads,US-West,0.76,2025-04-05,2,2,38.61,0.0,2025-04-14,2025-05-02,True,True
CUST-100108,Sponsored Ads,US-East,0.478,2025-07-27,2,2,38.9,0.0,2025-09-09,2025-09-24,True,True
CUST-100109,Referral,US-West,0.327,2025-08-14,1,1,20.18,0.0,2025-09-26,2025-09-26,False,True
CUST-100110,Organic Search,US-East,0.922,2025-04-22,2,2,38.62,0.0,2025-05-01,2025-05-09,True,True
CUST-100111,Sponsored Ads,US-West,0.195,2025-08-14,1,1,33.52,0.0,2025-11-12,2025-11-12,False,False
CUST-100112,Sponsored Ads,US-Midwest,0.215,2025-03-12,2,2,43.57,0.0,2025-03-14,2025-12-13,True,False
CUST-100113,Organic Search,US-West,0.613,2025-03-13,3,3,58.95,0.0,2025-04-06,2025-09-30,True,True
CUST-100114,Sponsored Ads,US-South,0.825,2025-09-05,1,1,20.37,0.0,2025-09-19,2025-09-19,False,True
CUST-100115,External Traffic,US-South,0.538,2025-07-06,2,2,47.9,0.0,2025-07-15,2025-09-17,True,True
CUST-100116,External Traffic,US-West,0.7,2025-01-11,10,10,242.21,49.79,2025-01-11,2025-12-24,True,False
CUST-100117,Organic Search,US-Midwest,0.101,2025-07-22,1,1,18.85,0.0,2025-07-28,2025-07-28,False,True
CUST-100118,Organic Search,US-West,0.4,2025-04-02,2,2,31.22,0.0,2025-04-04,2025-10-17,True,False
CUST-100119,Organic Search,US-Midwest,0.125,2025-03-24,2,2,40.42,0.0,2025-03-30,2025-12-28,True,False
CUST-100120,Organic Search,US-South,0.656,2025-05-08,6,6,143.91,0.0,2025-05-21,2025-12-08,True,False
CUST-100121,Organic Search,US-South,0.191,2025-05-16,1,1,19.86,0.0,2025-06-08,2025-06-08,False,True
CUST-100122,Sponsored Ads,US-Midwest,0.244,2025-09-25,3,3,64.74,0.0,2025-10-28,2025-12-20,True,False
CUST-100123,Organic Search,US-East,0.603,2025-05-11,2,2,43.65,0.0,2025-05-16,2025-07-03,True,True
CUST-100124,Sponsored Ads,US-East,0.712,2025-03-31,2,2,38.35,0.0,2025-04-03,2025-05-15,True,True
CUST-100125,Organic Search,US-West,0.468,2025-08-21,1,1,32.66,0.0,2025-10-10,2025-10-10,False,False
CUST-100126,Sponsored Ads,US-Midwest,0.614,2025-06-12,2,42,1238.19,0.0,2025-07-22,2025-10-20,True,False
CUST-100127,Sponsored Ads,US-East,0.608,2025-01-01,13,13,276.68,18.97,2025-01-01,2025-10-17,True,False
CUST-100128,Sponsored Ads,US-Midwest,0.457,2025-07-09,4,47,623.01,0.0,2025-10-06,2025-11-27,True,False
CUST-100129,Organic Search,US-East,0.281,2025-05-31,2,2,29.77,0.0,2025-06-22,2025-06-24,True,True
CUST-100130,Sponsored Ads,US-Midwest,0.613,2025-06-22,3,3,69.69,0.0,2025-07-14,2025-12-16,True,False
CUST-100131,Referral,US-Midwest,0.623,2025-02-25,4,4,108.33,32.69,2025-04-02,2025-08-08,True,True
CUST-100132,Organic Search,US-East,0.679,2025-05-24,3,3,62.53,0.0,2025-06-12,2025-08-24,True,True
CUST-100133,Sponsored Ads,US-East,0.562,2025-07-14,4,4,88.29,0.0,2025-07-17,2025-12-18,True,False
CUST-100134,Organic Search,US-Midwest,0.266,2025-07-23,2,2,44.19,0.0,2025-07-23,2025-09-04,True,True
CUST-100135,Sponsored Ads,US-West,0.638,2025-07-24,3,3,55.9,0.0,2025-08-03,2025-09-04,True,True
CUST-100136,Referral,US-West,0.5,2025-10-27,3,3,64.17,0.0,2025-10-31,2025-12-28,True,False
CUST-100137,Organic Search,US-East,0.403,2025-05-31,3,3,73.84,0.0,2025-06-18,2025-11-24,True,False
CUST-100138,External Traffic,US-South,0.441,2025-05-09,1,1,13.15,0.0,2025-05-14,2025-05-14,False,True
CUST-100139,Sponsored Ads,US-West,0.362,2025-06-12,2,2,33.44,0.0,2025-06-22,2025-12-17,True,False
CUST-100140,Organic Search,US-East,0.678,2025-04-09,4,4,85.4,0.0,2025-04-09,2025-11-14,True,False
CUST-100141,Organic Search,US-Midwest,0.216,2025-04-05,1,1,19.43,0.0,2025-05-21,2025-05-21,False,True
CUST-100142,Referral,US-West,0.301,2025-07-27,1,1,16.05,0.0,2025-09-04,2025-09-04,False,True
CUST-100143,Organic Search,US-West,0.434,2025-04-04,1,1,25.44,0.0,2025-04-05,2025-04-05,False,True
CUST-100144,Organic Search,US-East,0.823,2025-08-13,1,1,25.03,0.0,2025-09-11,2025-09-11,False,True
CUST-100145,Sponsored Ads,US-West,0.711,2025-08-12,2,52,1686.03,0.0,2025-09-27,2025-12-07,True,False
CUST-100146,Sponsored Ads,US-West,0.172,2025-10-14,1,1,25.05,0.0,2025-10-15,2025-10-15,False,False
CUST-100147,Organic Search,US-West,0.77,2025-02-09,7,7,171.96,0.0,2025-02-12,2025-06-04,True,True
CUST-100148,Organic Search,US-West,0.77,2025-04-19,2,2,42.75,0.0,2025-04-30,2025-12-29,True,False
CUST-100149,Sponsored Ads,US-Midwest,0.265,2025-08-20,2,2,44.95,0.0,2025-09-21,2025-12-02,True,False
CUST-100150,External Traffic,US-West,0.02,2025-05-09,1,1,11.71,0.0,2025-05-11,2025-05-11,False,True
CUST-100151,External Traffic,US-South,0.486,2025-07-16,1,1,15.63,0.0,2025-08-29,2025-08-29,False,True
CUST-100152,Sponsored Ads,US-South,0.724,2025-08-09,2,2,47.5,0.0,2025-08-26,2025-12-22,True,False
CUST-100153,Organic Search,US-South,0.818,2025-09-23,3,3,79.2,19.96,2025-10-07,2025-12-11,True,False
CUST-100154,Sponsored Ads,US-South,0.326,2025-03-09,3,3,73.44,0.0,2025-03-09,2025-09-24,True,True
CUST-100155,Organic Search,US-East,0.85,2025-03-20,6,44,858.02,35.28,2025-03-27,2025-12-08,True,False
CUST-100156,Sponsored Ads,US-Midwest,0.054,2025-05-22,1,1,16.33,0.0,2025-05-28,2025-05-28,False,True
CUST-100157,Organic Search,US-West,0.426,2025-06-01,2,2,33.77,0.0,2025-07-02,2025-10-14,True,False
CUST-100158,Organic Search,US-West,0.417,2025-09-29,2,2,35.98,0.0,2025-10-16,2025-12-24,True,False
CUST-100159,External Traffic,US-Midwest,0.73,2025-01-12,11,56,1100.67,0.0,2025-01-12,2025-12-02,True,False
CUST-100160,Sponsored Ads,US-West,0.76,2025-03-15,6,6,155.28,0.0,2025-03-17,2025-10-11,True,False
CUST-100161,Referral,US-West,0.691,2025-10-01,1,1,16.7,16.7,2025-10-25,2025-10-25,False,False
CUST-100162,Sponsored Ads,US-West,0.23,2025-07-04,1,1,22.6,0.0,2025-09-21,2025-09-21,False,True
CUST-100163,Sponsored Ads,US-West,0.673,2025-07-22,4,4,91.11,19.41,2025-07-29,2025-11-28,True,False
CUST-100164,Organic Search,US-West,0.602,2025-03-16,3,3,57.61,0.0,2025-03-20,2025-12-31,True,False
CUST-100165,Sponsored Ads,US-South,0.166,2025-07-06,1,1,19.32,0.0,2025-07-13,2025-07-13,False,True
CUST-100166,External Traffic,US-South,0.087,2025-04-21,1,1,17.75,0.0,2025-04-24,2025-04-24,False,True
CUST-100167,External Traffic,US-West,0.708,2025-08-08,1,1,19.51,0.0,2025-09-07,2025-09-07,False,True
CUST-100168,Sponsored Ads,US-Midwest,0.464,2025-01-28,2,2,35.83,0.0,2025-02-03,2025-02-09,True,True
CUST-100169,Referral,US-West,0.243,2025-03-27,1,1,21.29,0.0,2025-05-10,2025-05-10,False,True
CUST-100170,Sponsored Ads,US-South,0.458,2025-07-13,2,2,64.71,0.0,2025-07-19,2025-09-11,True,True
CUST-100171,Organic Search,US-Midwest,0.573,2025-07-01,1,1,22.39,0.0,2025-07-11,2025-07-11,False,True
CUST-100172,Sponsored Ads,US-South,0.483,2025-09-10,1,1,31.36,0.0,2025-11-23,2025-11-23,False,False
CUST-100173,Referral,US-East,0.19,2025-08-29,1,1,31.7,0.0,2025-09-02,2025-09-02,False,True
CUST-100174,Sponsored Ads,US-West,0.877,2025-01-05,10,10,241.2,30.3,2025-01-05,2025-12-05,True,False
CUST-100175,Sponsored Ads,US-West,0.701,2025-01-28,6,6,106.83,0.0,2025-02-02,2025-03-04,True,True
CUST-100176,Organic Search,US-Midwest,0.433,2025-04-17,4,4,103.02,0.0,2025-04-21,2025-12-21,True,False
CUST-100177,Referral,US-East,0.441,2025-10-15,1,1,12.55,0.0,2025-11-23,2025-11-23,False,False
CUST-100178,External Traffic,US-West,0.572,2025-05-24,2,2,40.37,0.0,2025-05-26,2025-12-21,True,False
CUST-100179,Organic Search,US-South,0.274,2025-09-25,2,2,30.05,0.0,2025-11-06,2025-12-06,True,False
CUST-100180,External Traffic,US-South,0.565,2025-01-18,5,5,127.66,29.36,2025-01-26,2025-09-04,True,True
CUST-100181,External Traffic,US-West,0.234,2025-10-16,2,2,36.69,0.0,2025-11-09,2025-12-24,True,False
CUST-100182,Organic Search,US-West,0.486,2025-01-19,4,4,90.12,0.0,2025-01-23,2025-11-13,True,False
CUST-100183,Sponsored Ads,US-West,0.266,2025-08-31,1,1,18.13,0.0,2025-11-12,2025-11-12,False,False
CUST-100184,External Traffic,US-West,0.276,2025-09-21,2,2,37.58,0.0,2025-10-13,2025-12-22,True,False
CUST-100185,Organic Search,US-South,0.829,2025-03-30,5,5,105.8,0.0,2025-04-03,2025-11-28,True,False
CUST-100186,Sponsored Ads,US-West,0.512,2025-04-01,2,2,37.24,0.0,2025-04-01,2025-10-04,True,False
CUST-100187,Sponsored Ads,US-South,0.541,2025-06-24,2,2,27.86,0.0,2025-07-31,2025-09-09,True,True
CUST-100188,Organic Search,US-West,0.098,2025-08-05,2,2,28.69,0.0,2025-10-19,2025-12-13,True,False
CUST-100189,Sponsored Ads,US-Midwest,0.381,2025-02-06,3,3,53.6,0.0,2025-02-07,2025-03-27,True,True
CUST-100190,Referral,US-South,0.592,2025-03-13,3,3,57.24,0.0,2025-04-03,2025-06-16,True,True
CUST-100191,Sponsored Ads,US-East,0.539,2025-08-15,3,3,78.32,0.0,2025-08-17,2025-12-09,True,False
CUST-100192,Sponsored Ads,US-East,0.069,2025-08-31,1,1,15.45,0.0,2025-09-27,2025-09-27,False,True
CUST-100193,External Traffic,US-West,0.541,2025-02-16,7,7,142.81,0.0,2025-02-16,2025-12-02,True,False
CUST-100194,Sponsored Ads,US-West,0.573,2025-09-24,1,1,20.24,20.24,2025-10-15,2025-10-15,False,False
CUST-100195,Sponsored Ads,US-South,0.757,2025-09-18,3,3,51.38,0.0,2025-10-14,2025-12-06,True,False
CUST-100196,Organic Search,US-West,0.369,2025-09-18,2,2,55.17,0.0,2025-10-17,2025-10-18,True,False
CUST-100197,External Traffic,US-South,0.052,2025-03-14,1,1,19.01,0.0,2025-03-18,2025-03-18,False,True
CUST-100198,Sponsored Ads,US-East,0.301,2025-07-20,2,2,32.81,0.0,2025-09-04,2025-10-31,True,False
CUST-100199,Sponsored Ads,US-West,0.281,2025-02-18,2,2,40.85,0.0,2025-02-21,2025-06-16,True,True
CUST-100200,External Traffic,US-South,0.647,2025-02-28,2,2,52.16,0.0,2025-03-04,2025-12-28,True,False
CUST-100201,Referral,US-South,0.02,2025-01-22,1,1,16.38,0.0,2025-01-22,2025-01-22,False,True
CUST-100202,Organic Search,US-South,0.41,2025-05-28,1,1,13.11,0.0,2025-06-15,2025-06-15,False,True
CUST-100203,Sponsored Ads,US-West,0.785,2025-08-02,2,2,32.28,0.0,2025-10-07,2025-11-22,True,False
CUST-100204,Sponsored Ads,US-South,0.501,2025-03-01,7,7,160.27,0.0,2025-03-04,2025-12-30,True,False
CUST-100205,Sponsored Ads,US-Midwest,0.679,2025-02-25,6,6,107.84,0.0,2025-02-27,2025-12-24,True,False
CUST-100206,Sponsored Ads,US-East,0.172,2025-03-25,2,2,25.58,0.0,2025-03-25,2025-03-31,True,True
CUST-100207,Organic Search,US-Midwest,0.18,2025-03-01,3,42,685.83,652.31,2025-03-15,2025-12-16,True,False
CUST-100208,Sponsored Ads,US-South,0.787,2025-09-07,1,1,30.08,0.0,2025-09-29,2025-09-29,False,True
CUST-100209,Organic Search,US-East,0.52,2025-02-20,3,3,79.82,0.0,2025-02-23,2025-12-21,True,False
CUST-100210,Organic Search,US-Midwest,0.521,2025-03-25,2,2,49.96,35.04,2025-03-30,2025-12-04,True,False
CUST-100211,Organic Search,US-Midwest,0.276,2025-04-02,3,3,69.83,0.0,2025-04-10,2025-07-21,True,True
CUST-100212,Sponsored Ads,US-West,0.52,2025-03-02,1,1,18.59,0.0,2025-03-03,2025-03-03,False,True
CUST-100213,External Traffic,US-Midwest,0.271,2025-10-10,1,1,33.17,0.0,2025-10-31,2025-10-31,False,False
CUST-100214,Organic Search,US-West,0.737,2025-03-04,5,5,109.48,24.5,2025-03-07,2025-11-30,True,False
CUST-100215,Organic Search,US-West,0.95,2025-05-26,4,4,80.04,0.0,2025-06-01,2025-07-12,True,True
CUST-100216,Sponsored Ads,US-West,0.597,2025-06-19,1,1,12.17,0.0,2025-06-23,2025-06-23,False,True
CUST-100217,Sponsored Ads,US-East,0.373,2025-03-20,2,2,48.48,0.0,2025-03-21,2025-09-26,True,True
CUST-100218,Referral,US-Midwest,0.02,2025-05-22,1,1,15.35,0.0,2025-06-24,2025-06-24,False,True
CUST-100219,Sponsored Ads,US-South,0.163,2025-02-21,2,2,34.93,0.0,2025-02-27,2025-07-09,True,True
CUST-100220,Sponsored Ads,US-South,0.811,2025-05-25,3,3,55.49,0.0,2025-06-03,2025-07-06,True,True
CUST-100221,Organic Search,US-West,0.294,2025-01-06,3,3,59.36,0.0,2025-01-07,2025-11-27,True,False
CUST-100222,Organic Search,US-South,0.426,2025-05-12,2,2,39.73,0.0,2025-05-12,2025-08-12,True,True
CUST-100223,Referral,US-East,0.631,2025-04-20,3,3,59.64,0.0,2025-05-06,2025-12-12,True,False
CUST-100224,Sponsored Ads,US-East,0.796,2025-04-16,5,5,93.96,0.0,2025-04-28,2025-12-24,True,False
CUST-100225,Referral,US-East,0.46,2025-02-03,4,4,74.34,21.02,2025-02-05,2025-12-29,True,False
CUST-100226,Sponsored Ads,US-West,0.419,2025-10-27,2,2,52.11,0.0,2025-11-04,2025-12-17,True,False
CUST-100227,Organic Search,US-Midwest,0.514,2025-01-09,6,6,115.39,0.0,2025-01-09,2025-12-25,True,False
CUST-100228,Organic Search,US-South,0.374,2025-02-13,1,1,24.91,0.0,2025-03-21,2025-03-21,False,True
CUST-100229,Sponsored Ads,US-East,0.385,2025-01-31,2,2,58.12,0.0,2025-01-31,2025-12-13,True,False
CUST-100230,Sponsored Ads,US-West,0.582,2025-10-21,2,2,24.84,0.0,2025-11-12,2025-12-28,True,False
CUST-100231,Organic Search,US-Midwest,0.537,2025-04-06,4,4,87.53,0.0,2025-04-17,2025-12-04,True,False
CUST-100232,Referral,US-East,0.926,2025-05-10,2,2,51.24,0.0,2025-05-14,2025-12-31,True,False
CUST-100233,Organic Search,US-East,0.588,2025-08-14,4,4,73.23,0.0,2025-08-22,2025-12-30,True,False
CUST-100234,Referral,US-South,0.73,2025-01-16,10,10,193.96,29.51,2025-01-16,2025-12-25,True,False
CUST-100235,External Traffic,US-West,0.286,2025-01-21,3,3,83.32,0.0,2025-01-26,2025-12-14,True,False
CUST-100236,Organic Search,US-South,0.605,2025-02-24,6,6,120.98,0.0,2025-03-12,2025-11-25,True,False
CUST-100237,External Traffic,US-Midwest,0.355,2025-07-23,2,2,64.09,0.0,2025-07-23,2025-12-26,True,False
CUST-100238,Sponsored Ads,US-East,0.579,2025-10-21,3,41,849.52,0.0,2025-10-29,2025-12-25,True,False
CUST-100239,Sponsored Ads,US-West,0.638,2025-07-06,2,2,25.38,0.0,2025-07-06,2025-11-26,True,False
CUST-100240,External Traffic,US-West,0.51,2025-09-19,4,4,61.75,0.0,2025-10-07,2025-12-13,True,False
CUST-100241,External Traffic,US-West,0.95,2025-09-22,2,2,53.33,0.0,2025-10-07,2025-11-10,True,False
CUST-100242,Sponsored Ads,US-South,0.786,2025-03-24,1,1,29.06,0.0,2025-03-28,2025-03-28,False,True
CUST-100243,Organic Search,US-East,0.735,2025-02-25,2,2,48.4,0.0,2025-03-08,2025-06-29,True,True
CUST-100244,Organic Search,US-West,0.653,2025-02-18,5,5,105.12,0.0,2025-02-27,2025-07-26,True,True
CUST-100245,External Traffic,US-South,0.853,2025-08-27,1,1,19.86,0.0,2025-09-11,2025-09-11,False,True
CUST-100246,Organic Search,US-West,0.213,2025-07-20,1,1,11.89,0.0,2025-11-10,2025-11-10,False,False
CUST-100247,Organic Search,US-East,0.774,2025-09-17,2,2,38.43,0.0,2025-09-28,2025-12-01,True,False
CUST-100248,Sponsored Ads,US-Midwest,0.302,2025-06-02,3,3,49.29,0.0,2025-06-02,2025-12-14,True,False
CUST-100249,Organic Search,US-West,0.387,2025-10-20,2,2,52.67,0.0,2025-10-23,2025-11-25,True,False
CUST-100250,Organic Search,US-West,0.612,2025-09-26,1,1,22.21,0.0,2025-11-08,2025-11-08,False,False
CUST-100251,External Traffic,US-East,0.747,2025-08-31,2,2,37.61,0.0,2025-10-07,2025-12-16,True,False
CUST-100252,Organic Search,US-South,0.269,2025-08-29,2,2,58.05,0.0,2025-08-30,2025-12-25,True,False
CUST-100253,Sponsored Ads,US-West,0.397,2025-02-07,5,5,108.43,0.0,2025-02-18,2025-09-27,True,True
CUST-100254,Sponsored Ads,US-Midwest,0.52,2025-08-12,1,1,20.95,0.0,2025-11-25,2025-11-25,False,False
CUST-100255,Organic Search,US-West,0.463,2025-10-12,1,1,12.78,0.0,2025-10-17,2025-10-17,False,False
CUST-100256,External Traffic,US-Midwest,0.671,2025-03-29,3,3,75.47,0.0,2025-04-04,2025-10-03,True,False
CUST-100257,Sponsored Ads,US-South,0.95,2025-09-02,1,1,19.03,0.0,2025-09-10,2025-09-10,False,True
CUST-100258,Sponsored Ads,US-West,0.584,2025-04-16,1,1,32.05,0.0,2025-05-19,2025-05-19,False,True
CUST-100259,Organic Search,US-West,0.353,2025-03-05,3,3,78.85,30.06,2025-03-11,2025-08-03,True,True
CUST-100260,Sponsored Ads,US-West,0.241,2025-08-08,2,2,31.19,0.0,2025-08-17,2025-09-17,True,True
CUST-100261,External Traffic,US-East,0.435,2025-02-19,3,58,746.59,0.0,2025-03-01,2025-07-31,True,True
CUST-100262,Sponsored Ads,US-East,0.312,2025-05-25,2,2,35.55,0.0,2025-05-31,2025-12-23,True,False
CUST-100263,Sponsored Ads,US-South,0.594,2025-10-08,4,4,97.53,0.0,2025-10-15,2025-12-31,True,False
CUST-100264,Referral,US-East,0.59,2025-02-17,5,5,102.05,12.24,2025-02-22,2025-12-28,True,False
CUST-100265,Sponsored Ads,US-South,0.407,2025-02-16,2,2,32.9,0.0,2025-03-09,2025-05-01,True,True
CUST-100266,Sponsored Ads,US-East,0.897,2025-10-10,2,2,37.81,0.0,2025-11-16,2025-12-31,True,False
CUST-100267,Sponsored Ads,US-East,0.353,2025-08-22,2,2,41.11,0.0,2025-09-16,2025-12-13,True,False
CUST-100268,Sponsored Ads,US-East,0.476,2025-05-19,3,3,67.28,0.0,2025-06-11,2025-11-01,True,False
CUST-100269,Sponsored Ads,US-East,0.628,2025-05-02,4,4,108.34,0.0,2025-05-05,2025-12-21,True,False
CUST-100270,Sponsored Ads,US-Midwest,0.678,2025-10-17,2,2,33.24,0.0,2025-11-10,2025-12-12,True,False
CUST-100271,Sponsored Ads,US-West,0.756,2025-08-06,2,2,47.08,0.0,2025-08-11,2025-10-25,True,False
CUST-100272,Sponsored Ads,US-East,0.586,2025-09-30,5,5,109.65,0.0,2025-11-14,2025-12-24,True,False
CUST-100273,Organic Search,US-Midwest,0.71,2025-01-28,7,7,132.36,0.0,2025-02-04,2025-10-06,True,False
CUST-100274,Organic Search,US-South,0.367,2025-06-09,1,1,11.73,0.0,2025-06-27,2025-06-27,False,True
CUST-100275,Sponsored Ads,US-West,0.684,2025-08-06,1,28,864.93,0.0,2025-09-20,2025-09-20,False,True
CUST-100276,Sponsored Ads,US-Midwest,0.681,2025-01-11,7,7,159.78,29.78,2025-01-11,2025-08-21,True,True
CUST-100277,Organic Search,US-West,0.803,2025-06-03,2,2,39.36,0.0,2025-06-12,2025-06-26,True,True
CUST-100278,External Traffic,US-West,0.166,2025-01-17,1,26,835.29,0.0,2025-01-17,2025-01-17,False,True
CUST-100279,External Traffic,US-East,0.319,2025-09-28,2,2,45.28,0.0,2025-11-07,2025-12-16,True,False
CUST-100280,Sponsored Ads,US-South,0.665,2025-07-24,5,5,94.1,0.0,2025-08-16,2025-12-27,True,False
CUST-100281,Sponsored Ads,US-West,0.02,2025-02-26,2,2,34.23,0.0,2025-03-02,2025-12-13,True,False
CUST-100282,Sponsored Ads,US-Midwest,0.598,2025-06-06,1,1,12.16,0.0,2025-06-29,2025-06-29,False,True
CUST-100283,Sponsored Ads,US-West,0.712,2025-02-02,3,3,80.84,0.0,2025-02-03,2025-07-03,True,True
CUST-100284,Organic Search,US-Midwest,0.385,2025-08-30,2,2,40.94,0.0,2025-11-10,2025-11-28,True,False
CUST-100285,Organic Search,US-West,0.414,2025-02-28,2,2,41.29,0.0,2025-03-12,2025-06-07,True,True
CUST-100286,Sponsored Ads,US-East,0.285,2025-07-02,1,1,31.68,0.0,2025-07-17,2025-07-17,False,True
CUST-100287,Sponsored Ads,US-South,0.396,2025-01-24,6,6,122.13,0.0,2025-01-28,2025-05-12,True,True
CUST-100288,Organic Search,US-East,0.401,2025-02-17,3,3,54.54,0.0,2025-02-24,2025-08-26,True,True
CUST-100289,Sponsored Ads,US-South,0.363,2025-10-22,1,1,12.73,0.0,2025-11-06,2025-11-06,False,False
CUST-100290,External Traffic,US-South,0.352,2025-04-26,1,1,18.34,0.0,2025-05-02,2025-05-02,False,True
CUST-100291,Sponsored Ads,US-South,0.446,2025-02-06,6,6,149.38,0.0,2025-02-06,2025-12-03,True,False
CUST-100292,Referral,US-East,0.443,2025-07-29,1,1,22.94,0.0,2025-08-19,2025-08-19,False,True
CUST-100293,Sponsored Ads,US-Midwest,0.875,2025-03-02,3,3,89.04,0.0,2025-03-05,2025-12-29,True,False
CUST-100294,External Traffic,US-South,0.421,2025-06-26,1,1,15.06,15.06,2025-07-09,2025-07-09,False,True
CUST-100295,Referral,US-East,0.569,2025-08-31,1,1,12.24,0.0,2025-09-23,2025-09-23,False,True
CUST-100296,Referral,US-South,0.385,2025-07-25,1,1,19.12,0.0,2025-08-01,2025-08-01,False,True
CUST-100297,External Traffic,US-Midwest,0.382,2025-03-16,5,5,81.12,0.0,2025-03-20,2025-11-20,True,False
CUST-100298,External Traffic,US-Midwest,0.159,2025-03-13,1,1,13.06,0.0,2025-04-12,2025-04-12,False,True
CUST-100299,Organic Search,US-South,0.186,2025-03-08,3,3,66.46,0.0,2025-03-09,2025-12-28,True,False
CUST-100300,External Traffic,US-Midwest,0.259,2025-07-09,2,2,56.53,24.18,2025-07-10,2025-12-08,True,False
CUST-100301,Sponsored Ads,US-Midwest,0.537,2025-07-21,3,3,73.95,0.0,2025-07-26,2025-09-06,True,True
CUST-100302,Organic Search,US-East,0.715,2025-06-06,2,2,36.83,0.0,2025-06-15,2025-12-26,True,False
CUST-100303,Organic Search,US-South,0.143,2025-04-30,1,1,19.0,0.0,2025-05-08,2025-05-08,False,True
CUST-100304,External Traffic,US-West,0.39,2025-01-19,3,3,65.18,0.0,2025-01-21,2025-05-15,True,True
CUST-100305,Organic Search,US-East,0.227,2025-09-08,1,1,32.71,0.0,2025-10-07,2025-10-07,False,False
CUST-100306,Sponsored Ads,US-Midwest,0.447,2025-07-18,1,1,19.8,0.0,2025-08-13,2025-08-13,False,True
CUST-100307,Organic Search,US-East,0.715,2025-07-11,1,1,20.35,0.0,2025-10-07,2025-10-07,False,False
CUST-100308,Sponsored Ads,US-Midwest,0.411,2025-02-01,5,5,109.87,0.0,2025-02-03,2025-08-11,True,True
CUST-100309,Sponsored Ads,US-East,0.49,2025-03-28,3,3,60.78,11.82,2025-03-28,2025-11-02,True,False
CUST-100310,Organic Search,US-West,0.791,2025-04-02,6,38,854.3,0.0,2025-04-03,2025-12-04,True,False
CUST-100311,Organic Search,US-West,0.592,2025-06-29,1,1,12.08,0.0,2025-06-30,2025-06-30,False,True
CUST-100312,Sponsored Ads,US-South,0.348,2025-08-25,1,1,24.48,0.0,2025-09-03,2025-09-03,False,True
CUST-100313,Sponsored Ads,US-East,0.532,2025-09-17,2,2,44.87,0.0,2025-09-23,2025-11-13,True,False
CUST-100314,Sponsored Ads,US-South,0.334,2025-06-06,1,1,19.53,0.0,2025-07-10,2025-07-10,False,True
CUST-100315,Sponsored Ads,US-West,0.584,2025-04-20,2,2,33.13,0.0,2025-05-02,2025-05-03,True,True
CUST-100316,Sponsored Ads,US-East,0.603,2025-05-03,1,1,31.16,0.0,2025-05-22,2025-05-22,False,True
CUST-100317,Organic Search,US-West,0.227,2025-08-09,1,1,24.25,0.0,2025-08-18,2025-08-18,False,True
CUST-100318,Sponsored Ads,US-East,0.535,2025-04-06,4,41,728.59,20.73,2025-04-22,2025-12-04,True,False
CUST-100319,Referral,US-Midwest,0.476,2025-05-05,4,4,89.34,0.0,2025-05-06,2025-12-04,True,False
CUST-100320,Referral,US-West,0.609,2025-08-24,3,3,78.1,0.0,2025-08-30,2025-11-20,True,False
CUST-100321,Organic Search,US-South,0.666,2025-06-12,1,1,22.87,0.0,2025-07-18,2025-07-18,False,True
CUST-100322,Sponsored Ads,US-West,0.595,2025-05-21,2,2,46.28,0.0,2025-09-03,2025-12-04,True,False
CUST-100323,Organic Search,US-South,0.439,2025-08-09,1,1,14.26,0.0,2025-08-10,2025-08-10,False,True
CUST-100324,External Traffic,US-Midwest,0.687,2025-03-28,4,4,67.85,0.0,2025-04-25,2025-12-26,True,False
CUST-100325,Organic Search,US-East,0.325,2025-01-19,1,1,16.23,0.0,2025-01-26,2025-01-26,False,True
CUST-100326,External Traffic,US-West,0.236,2025-08-25,2,2,31.48,0.0,2025-09-27,2025-11-30,True,False
CUST-100327,Organic Search,US-South,0.02,2025-05-17,1,1,26.05,0.0,2025-06-05,2025-06-05,False,True
CUST-100328,Organic Search,US-East,0.486,2025-04-08,2,2,35.12,0.0,2025-04-12,2025-08-11,True,True
CUST-100329,Sponsored Ads,US-Midwest,0.336,2025-01-29,1,1,29.53,0.0,2025-02-01,2025-02-01,False,True
CUST-100330,Organic Search,US-Midwest,0.58,2025-10-05,1,1,21.99,0.0,2025-11-11,2025-11-11,False,False
CUST-100331,Sponsored Ads,US-South,0.106,2025-08-06,2,2,32.92,0.0,2025-08-12,2025-11-07,True,False
CUST-100332,Organic Search,US-South,0.371,2025-03-24,3,3,64.0,0.0,2025-03-27,2025-09-07,True,True
CUST-100333,External Traffic,US-South,0.594,2025-07-02,1,1,26.56,0.0,2025-11-18,2025-11-18,False,False
CUST-100334,Sponsored Ads,US-South,0.294,2025-05-20,1,1,18.29,0.0,2025-06-22,2025-06-22,False,True
CUST-100335,Organic Search,US-East,0.582,2025-04-09,4,4,77.51,0.0,2025-04-13,2025-12-21,True,False
CUST-100336,Sponsored Ads,US-Midwest,0.389,2025-04-04,2,2,52.93,0.0,2025-04-21,2025-12-01,True,False
CUST-100337,Organic Search,US-East,0.493,2025-01-23,8,8,172.18,29.19,2025-01-30,2025-12-29,True,False
CUST-100338,Sponsored Ads,US-West,0.619,2025-10-20,1,1,15.33,0.0,2025-11-06,2025-11-06,False,False
CUST-100339,Referral,US-South,0.691,2025-10-05,2,2,36.36,0.0,2025-10-08,2025-11-04,True,False
CUST-100340,Sponsored Ads,US-South,0.518,2025-09-19,2,2,48.1,0.0,2025-10-18,2025-10-18,True,False
CUST-100341,Referral,US-Midwest,0.337,2025-04-05,4,4,83.09,0.0,2025-04-05,2025-09-26,True,True
CUST-100342,External Traffic,US-East,0.408,2025-10-27,2,2,44.44,19.82,2025-11-27,2025-12-26,True,False
CUST-100343,Organic Search,US-East,0.627,2025-03-24,4,4,70.34,0.0,2025-03-31,2025-09-23,True,True
CUST-100344,External Traffic,US-South,0.296,2025-09-05,2,2,44.8,0.0,2025-10-22,2025-12-08,True,False
CUST-100345,External Traffic,US-East,0.464,2025-01-31,2,2,61.11,0.0,2025-02-07,2025-09-14,True,True
CUST-100346,Referral,US-Midwest,0.423,2025-04-04,2,2,52.31,21.63,2025-04-07,2025-07-11,True,True
CUST-100347,Sponsored Ads,US-East,0.479,2025-06-23,2,2,39.86,0.0,2025-06-28,2025-11-01,True,False
CUST-100348,Organic Search,US-Midwest,0.298,2025-10-18,1,1,16.44,0.0,2025-11-08,2025-11-08,False,False
CUST-100349,Sponsored Ads,US-East,0.13,2025-03-21,1,1,21.41,0.0,2025-03-21,2025-03-21,False,True
CUST-100350,Organic Search,US-West,0.604,2025-05-10,2,25,343.5,312.83,2025-05-26,2025-05-27,True,True
CUST-100351,Sponsored Ads,US-Midwest,0.693,2025-09-10,1,1,12.53,0.0,2025-09-28,2025-09-28,False,True
CUST-100352,Organic Search,US-South,0.142,2025-05-22,1,1,18.95,18.95,2025-06-23,2025-06-23,False,True
CUST-100353,Organic Search,US-South,0.574,2025-07-24,4,4,91.53,0.0,2025-08-19,2025-12-31,True,False
CUST-100354,Organic Search,US-South,0.717,2025-05-06,4,4,122.22,0.0,2025-05-10,2025-11-12,True,False
CUST-100355,Organic Search,US-East,0.619,2025-01-02,10,10,205.6,53.44,2025-01-02,2025-11-28,True,False
CUST-100356,External Traffic,US-Midwest,0.417,2025-03-26,3,3,66.53,0.0,2025-04-08,2025-08-01,True,True
CUST-100357,External Traffic,US-East,0.311,2025-06-19,2,2,50.46,0.0,2025-06-20,2025-11-11,True,False
CUST-100358,Organic Search,US-Midwest,0.516,2025-01-06,11,11,215.54,21.51,2025-01-06,2025-04-23,True,True
CUST-100359,Organic Search,US-East,0.55,2025-03-11,8,8,203.02,0.0,2025-04-05,2025-11-19,True,False
CUST-100360,Referral,US-West,0.519,2025-10-13,1,1,20.73,0.0,2025-10-22,2025-10-22,False,False
CUST-100361,Sponsored Ads,US-West,0.464,2025-01-05,3,3,62.32,18.45,2025-01-06,2025-06-29,True,True
CUST-100362,Sponsored Ads,US-Midwest,0.283,2025-03-16,1,1,12.71,0.0,2025-03-22,2025-03-22,False,True
CUST-100363,Sponsored Ads,US-South,0.585,2025-07-05,4,4,63.07,0.0,2025-08-01,2025-12-29,True,False
CUST-100364,Organic Search,US-East,0.594,2025-06-18,3,3,78.26,0.0,2025-07-02,2025-11-16,True,False
CUST-100365,Organic Search,US-Midwest,0.54,2025-03-03,1,1,11.83,0.0,2025-03-06,2025-03-06,False,True
CUST-100366,External Traffic,US-South,0.522,2025-01-18,3,3,48.02,0.0,2025-01-19,2025-03-11,True,True
CUST-100367,Organic Search,US-South,0.836,2025-09-27,2,2,43.96,0.0,2025-09-27,2025-12-16,True,False
CUST-100368,Sponsored Ads,US-South,0.375,2025-06-15,2,42,1237.47,0.0,2025-06-17,2025-08-24,True,True
CUST-100369,External Traffic,US-West,0.756,2025-06-22,3,3,76.76,0.0,2025-07-23,2025-12-16,True,False
CUST-100370,External Traffic,US-West,0.353,2025-01-18,4,4,80.05,0.0,2025-01-18,2025-08-22,True,True
CUST-100371,Sponsored Ads,US-South,0.722,2025-03-04,3,39,514.79,0.0,2025-04-05,2025-12-08,True,False
CUST-100372,Sponsored Ads,US-West,0.747,2025-01-22,8,8,174.13,62.32,2025-01-22,2025-09-24,True,True
CUST-100373,Sponsored Ads,US-South,0.441,2025-10-21,1,1,24.33,0.0,2025-11-08,2025-11-08,False,False
CUST-100374,Sponsored Ads,US-West,0.832,2025-08-19,2,2,34.21,0.0,2025-10-26,2025-11-20,True,False
CUST-100375,Sponsored Ads,US-East,0.594,2025-06-13,3,3,50.25,0.0,2025-06-17,2025-12-16,True,False
CUST-100376,Referral,US-South,0.325,2025-07-24,1,1,16.47,0.0,2025-08-13,2025-08-13,False,True
CUST-100377,Organic Search,US-South,0.425,2025-02-19,1,1,18.23,0.0,2025-02-20,2025-02-20,False,True
CUST-100378,Sponsored Ads,US-Midwest,0.727,2025-10-24,1,1,25.51,0.0,2025-11-01,2025-11-01,False,False
CUST-100379,Organic Search,US-South,0.685,2025-06-05,2,2,49.19,0.0,2025-06-22,2025-07-02,True,True
CUST-100380,Organic Search,US-West,0.288,2025-06-04,1,1,20.91,0.0,2025-06-10,2025-06-10,False,True
CUST-100381,Referral,US-Midwest,0.472,2025-10-15,2,2,31.14,0.0,2025-11-15,2025-12-07,True,False
CUST-100382,External Traffic,US-West,0.541,2025-01-29,8,8,146.99,14.62,2025-01-30,2025-11-05,True,False
CUST-100383,Organic Search,US-West,0.398,2025-05-08,3,3,52.66,0.0,2025-08-04,2025-11-26,True,False
CUST-100384,Sponsored Ads,US-Midwest,0.95,2025-01-27,9,9,192.01,0.0,2025-01-30,2025-12-10,True,False
CUST-100385,Referral,US-West,0.547,2025-05-08,2,2,40.46,0.0,2025-06-23,2025-12-16,True,False
CUST-100386,Organic Search,US-South,0.488,2025-03-22,6,6,139.39,13.19,2025-04-05,2025-11-15,True,False
CUST-100387,Referral,US-East,0.738,2025-05-19,4,4,61.84,0.0,2025-07-22,2025-11-17,True,False
CUST-100388,Sponsored Ads,US-Midwest,0.427,2025-07-30,1,1,24.63,0.0,2025-08-07,2025-08-07,False,True
CUST-100389,External Traffic,US-West,0.701,2025-03-26,2,2,35.24,0.0,2025-04-13,2025-05-22,True,True
CUST-100390,Organic Search,US-West,0.166,2025-01-16,1,1,30.58,0.0,2025-01-20,2025-01-20,False,True
CUST-100391,Sponsored Ads,US-East,0.409,2025-02-18,5,5,113.04,0.0,2025-02-27,2025-11-26,True,False
CUST-100392,Organic Search,US-East,0.71,2025-08-03,3,3,74.21,0.0,2025-08-14,2025-12-12,True,False
CUST-100393,Organic Search,US-Midwest,0.814,2025-06-23,3,17,260.63,15.62,2025-06-24,2025-09-04,True,True
CUST-100394,Sponsored Ads,US-South,0.345,2025-10-21,1,1,13.49,0.0,2025-11-21,2025-11-21,False,False
CUST-100395,Organic Search,US-West,0.322,2025-09-26,2,2,55.94,0.0,2025-09-26,2025-11-14,True,False
CUST-100396,External Traffic,US-Midwest,0.613,2025-02-18,3,47,885.89,0.0,2025-03-26,2025-11-19,True,False
CUST-100397,Sponsored Ads,US-East,0.375,2025-08-09,3,3,65.22,0.0,2025-09-13,2025-12-03,True,False
CUST-100398,Organic Search,US-Midwest,0.446,2025-01-28,3,3,60.93,0.0,2025-01-30,2025-04-04,True,True
CUST-100399,Organic Search,US-Midwest,0.675,2025-01-29,4,4,71.78,0.0,2025-01-29,2025-03-28,True,True
CUST-100400,Sponsored Ads,US-West,0.391,2025-08-26,1,1,15.97,0.0,2025-09-05,2025-09-05,False,True
CUST-100401,Referral,US-South,0.107,2025-05-01,2,25,519.15,0.0,2025-05-01,2025-11-20,True,False
CUST-100402,External Traffic,US-East,0.24,2025-10-27,1,1,21.05,0.0,2025-11-27,2025-11-27,False,False
CUST-100403,Sponsored Ads,US-East,0.502,2025-01-02,11,11,247.88,0.0,2025-01-02,2025-10-03,True,False
CUST-100404,Referral,US-East,0.127,2025-05-31,2,2,62.5,0.0,2025-06-30,2025-09-30,True,True
CUST-100405,External Traffic,US-South,0.441,2025-04-03,2,2,43.1,0.0,2025-04-04,2025-10-07,True,False
CUST-100406,Sponsored Ads,US-East,0.222,2025-10-23,2,2,43.36,0.0,2025-11-15,2025-12-31,True,False
CUST-100407,External Traffic,US-West,0.828,2025-07-20,3,3,47.34,0.0,2025-08-09,2025-11-06,True,False
CUST-100408,Sponsored Ads,US-East,0.933,2025-08-20,4,4,97.16,0.0,2025-09-08,2025-12-12,True,False
CUST-100409,Referral,US-West,0.288,2025-03-29,1,1,31.68,0.0,2025-04-29,2025-04-29,False,True
CUST-100410,Organic Search,US-Midwest,0.551,2025-09-26,1,1,19.92,0.0,2025-10-28,2025-10-28,False,False
CUST-100411,Organic Search,US-South,0.308,2025-09-10,3,3,70.29,0.0,2025-10-09,2025-12-15,True,False
CUST-100412,Sponsored Ads,US-East,0.438,2025-08-24,2,2,43.86,0.0,2025-09-10,2025-10-17,True,False
CUST-100413,External Traffic,US-East,0.861,2025-05-24,2,2,55.95,0.0,2025-05-24,2025-05-28,True,True
CUST-100414,Sponsored Ads,US-West,0.407,2025-10-04,1,1,18.94,0.0,2025-10-25,2025-10-25,False,False
CUST-100415,Sponsored Ads,US-East,0.443,2025-07-20,1,1,15.57,0.0,2025-10-24,2025-10-24,False,False
CUST-100416,Sponsored Ads,US-Midwest,0.311,2025-01-20,1,1,15.52,0.0,2025-01-22,2025-01-22,False,True
CUST-100417,External Traffic,US-West,0.729,2025-09-23,3,3,61.16,26.05,2025-10-09,2025-12-11,True,False
CUST-100418,Sponsored Ads,US-West,0.02,2025-01-07,1,1,19.9,0.0,2025-01-07,2025-01-07,False,True
CUST-100419,Referral,US-Midwest,0.411,2025-07-24,2,2,37.96,0.0,2025-07-24,2025-12-13,True,False
CUST-100420,Organic Search,US-South,0.491,2025-03-16,1,1,33.68,0.0,2025-03-18,2025-03-18,False,True
CUST-100421,Sponsored Ads,US-West,0.368,2025-09-27,2,2,26.03,0.0,2025-10-29,2025-11-09,True,False
CUST-100422,Sponsored Ads,US-East,0.673,2025-08-07,2,2,41.3,0.0,2025-08-11,2025-09-01,True,True
CUST-100423,Sponsored Ads,US-South,0.74,2025-08-31,2,2,45.55,0.0,2025-09-25,2025-12-06,True,False
CUST-100424,Organic Search,US-East,0.218,2025-07-29,1,1,18.68,0.0,2025-08-09,2025-08-09,False,True
CUST-100425,External Traffic,US-East,0.919,2025-06-20,5,5,92.8,20.98,2025-07-07,2025-12-30,True,False
CUST-100426,Sponsored Ads,US-South,0.215,2025-09-17,1,1,17.81,0.0,2025-11-01,2025-11-01,False,False
CUST-100427,External Traffic,US-South,0.758,2025-03-31,3,3,52.64,0.0,2025-04-18,2025-12-13,True,False
CUST-100428,Sponsored Ads,US-Midwest,0.53,2025-06-08,1,1,24.93,0.0,2025-06-22,2025-06-22,False,True
CUST-100429,External Traffic,US-West,0.399,2025-03-31,4,4,77.89,0.0,2025-04-03,2025-11-20,True,False
CUST-100430,Referral,US-East,0.418,2025-02-04,3,3,42.56,0.0,2025-02-06,2025-08-17,True,True
CUST-100431,External Traffic,US-West,0.493,2025-09-20,2,2,49.01,0.0,2025-09-20,2025-10-01,True,True
CUST-100432,Organic Search,US-South,0.542,2025-05-30,2,2,46.85,0.0,2025-07-11,2025-12-11,True,False
CUST-100433,External Traffic,US-South,0.316,2025-01-17,2,47,897.26,0.0,2025-01-17,2025-02-24,True,True
CUST-100434,Sponsored Ads,US-East,0.453,2025-09-05,4,4,96.49,0.0,2025-09-28,2025-12-17,True,False
CUST-100435,Sponsored Ads,US-South,0.346,2025-10-10,1,1,18.79,0.0,2025-11-10,2025-11-10,False,False
CUST-100436,Sponsored Ads,US-East,0.257,2025-07-18,1,24,731.68,731.68,2025-08-04,2025-08-04,False,True
CUST-100437,Organic Search,US-West,0.337,2025-04-09,4,4,88.87,0.0,2025-05-15,2025-10-25,True,False
CUST-100438,Organic Search,US-South,0.27,2025-09-15,2,2,36.13,0.0,2025-09-18,2025-09-25,True,True
CUST-100439,Organic Search,US-East,0.416,2025-08-10,1,1,26.2,0.0,2025-09-25,2025-09-25,False,True
CUST-100440,External Traffic,US-East,0.586,2025-03-27,4,4,73.72,0.0,2025-04-06,2025-11-21,True,False
CUST-100441,Sponsored Ads,US-East,0.524,2025-04-10,4,4,73.72,0.0,2025-05-02,2025-12-10,True,False
CUST-100442,Organic Search,US-Midwest,0.895,2025-10-24,6,6,163.68,0.0,2025-10-27,2025-12-18,True,False
CUST-100443,Sponsored Ads,US-West,0.058,2025-10-13,1,1,32.95,0.0,2025-10-17,2025-10-17,False,False
CUST-100444,Sponsored Ads,US-East,0.594,2025-07-22,1,1,11.58,0.0,2025-07-22,2025-07-22,False,True
CUST-100445,Organic Search,US-South,0.501,2025-01-11,4,4,87.89,0.0,2025-01-11,2025-12-21,True,False
CUST-100446,Referral,US-West,0.663,2025-03-10,2,2,44.67,0.0,2025-03-26,2025-04-09,True,True
CUST-100447,Organic Search,US-West,0.643,2025-04-16,3,3,68.71,0.0,2025-04-19,2025-12-26,True,False
CUST-100448,Sponsored Ads,US-South,0.467,2025-06-10,2,2,33.65,0.0,2025-07-15,2025-12-28,True,False
CUST-100449,Organic Search,US-South,0.535,2025-09-18,2,2,64.16,0.0,2025-09-29,2025-10-04,True,False
CUST-100450,Sponsored Ads,US-South,0.351,2025-09-12,1,1,13.21,0.0,2025-10-04,2025-10-04,False,False
CUST-100451,External Traffic,US-West,0.623,2025-03-24,5,5,127.06,0.0,2025-04-06,2025-11-27,True,False
CUST-100452,Organic Search,US-Midwest,0.124,2025-02-02,3,3,83.98,0.0,2025-02-12,2025-03-12,True,True
CUST-100453,Sponsored Ads,US-East,0.655,2025-03-24,5,5,90.48,0.0,2025-04-08,2025-12-14,True,False
CUST-100454,Sponsored Ads,US-West,0.495,2025-03-12,5,5,120.17,30.92,2025-03-13,2025-12-07,True,False
CUST-100455,Sponsored Ads,US-East,0.403,2025-09-27,1,1,15.64,0.0,2025-10-21,2025-10-21,False,False
CUST-100456,Referral,US-West,0.453,2025-01-05,6,6,136.85,0.0,2025-01-06,2025-06-15,True,True
CUST-100457,Organic Search,US-East,0.468,2025-09-07,5,5,89.51,12.75,2025-09-07,2025-12-13,True,False
CUST-100458,External Traffic,US-East,0.759,2025-07-17,2,2,49.72,0.0,2025-08-05,2025-12-28,True,False
CUST-100459,Organic Search,US-East,0.95,2025-02-01,8,8,166.85,0.0,2025-02-10,2025-10-22,True,False
CUST-100460,Organic Search,US-East,0.744,2025-07-25,4,4,79.14,0.0,2025-08-26,2025-12-28,True,False
CUST-100461,Sponsored Ads,US-Midwest,0.387,2025-06-24,2,2,34.91,0.0,2025-07-02,2025-07-06,True,True
CUST-100462,Referral,US-Midwest,0.626,2025-01-02,6,6,130.7,0.0,2025-01-06,2025-11-14,True,False
CUST-100463,Sponsored Ads,US-East,0.635,2025-03-09,6,6,140.11,0.0,2025-04-21,2025-12-13,True,False
CUST-100464,Organic Search,US-Midwest,0.315,2025-04-15,1,1,23.61,0.0,2025-04-27,2025-04-27,False,True
CUST-100465,Organic Search,US-Midwest,0.248,2025-03-06,1,1,32.36,0.0,2025-03-06,2025-03-06,False,True
CUST-100466,Organic Search,US-Midwest,0.487,2025-06-23,2,2,37.41,0.0,2025-07-10,2025-12-31,True,False
CUST-100467,Referral,US-West,0.662,2025-07-04,1,1,15.61,0.0,2025-08-21,2025-08-21,False,True
CUST-100468,Sponsored Ads,US-East,0.178,2025-02-20,2,2,37.68,0.0,2025-02-20,2025-06-06,True,True
CUST-100469,Organic Search,US-East,0.356,2025-02-07,4,4,77.46,0.0,2025-02-10,2025-12-18,True,False
CUST-100470,Organic Search,US-West,0.615,2025-07-16,3,3,57.71,0.0,2025-07-28,2025-10-31,True,False
CUST-100471,Organic Search,US-West,0.508,2025-05-21,2,2,45.5,0.0,2025-05-30,2025-05-30,True,True
CUST-100472,Sponsored Ads,US-South,0.783,2025-03-21,9,9,185.17,0.0,2025-04-07,2025-11-21,True,False
CUST-100473,Sponsored Ads,US-East,0.218,2025-03-18,2,2,43.68,30.17,2025-03-29,2025-12-05,True,False
CUST-100474,Sponsored Ads,US-Midwest,0.95,2025-01-12,13,41,893.16,16.18,2025-01-12,2025-12-22,True,False
CUST-100475,Sponsored Ads,US-South,0.192,2025-09-14,2,2,31.94,12.72,2025-11-26,2025-12-05,True,False
CUST-100476,Organic Search,US-West,0.094,2025-09-10,2,2,65.19,0.0,2025-09-22,2025-12-27,True,False
CUST-100477,Organic Search,US-Midwest,0.488,2025-06-16,2,2,38.37,0.0,2025-07-02,2025-07-09,True,True
CUST-100478,Organic Search,US-East,0.273,2025-04-15,3,3,54.14,15.78,2025-04-15,2025-12-23,True,False
CUST-100479,Organic Search,US-South,0.492,2025-03-06,3,3,92.34,0.0,2025-03-08,2025-10-03,True,False
CUST-100480,Organic Search,US-Midwest,0.485,2025-04-03,4,4,55.09,0.0,2025-04-11,2025-10-06,True,False
CUST-100481,Sponsored Ads,US-South,0.461,2025-10-05,3,3,54.01,0.0,2025-10-08,2025-12-12,True,False
CUST-100482,Organic Search,US-West,0.332,2025-01-27,3,3,82.79,0.0,2025-01-30,2025-09-27,True,True
CUST-100483,Sponsored Ads,US-West,0.587,2025-09-04,1,1,21.3,0.0,2025-09-04,2025-09-04,False,True
CUST-100484,Sponsored Ads,US-East,0.437,2025-04-02,1,17,368.33,0.0,2025-05-05,2025-05-05,False,True
CUST-100485,Organic Search,US-West,0.721,2025-03-21,3,3,75.3,30.71,2025-03-25,2025-04-17,True,True
CUST-100486,Organic Search,US-West,0.464,2025-08-31,2,2,45.58,0.0,2025-09-16,2025-11-17,True,False
CUST-100487,Sponsored Ads,US-Midwest,0.307,2025-10-16,2,2,64.39,0.0,2025-11-15,2025-12-25,True,False
CUST-100488,Organic Search,US-West,0.162,2025-10-25,3,3,70.74,0.0,2025-10-31,2025-12-12,True,False
CUST-100489,Organic Search,US-West,0.466,2025-03-22,4,4,99.12,0.0,2025-03-24,2025-09-04,True,True
CUST-100490,Organic Search,US-South,0.246,2025-06-27,1,1,34.34,0.0,2025-08-09,2025-08-09,False,True
CUST-100491,Organic Search,US-West,0.23,2025-03-29,1,1,15.33,0.0,2025-04-12,2025-04-12,False,True
CUST-100492,Organic Search,US-East,0.605,2025-02-28,3,27,343.99,289.42,2025-03-02,2025-12-26,True,False
CUST-100493,Sponsored Ads,US-Midwest,0.144,2025-04-26,1,1,23.84,0.0,2025-05-31,2025-05-31,False,True
CUST-100494,External Traffic,US-South,0.782,2025-01-19,7,7,181.32,0.0,2025-01-21,2025-09-15,True,True
CUST-100495,Organic Search,US-Midwest,0.532,2025-02-19,2,2,50.07,0.0,2025-02-24,2025-05-28,True,True
CUST-100496,Organic Search,US-East,0.491,2025-06-28,1,1,20.99,0.0,2025-07-19,2025-07-19,False,True
CUST-100497,Organic Search,US-South,0.293,2025-07-26,1,1,15.16,0.0,2025-08-22,2025-08-22,False,True
CUST-100498,Sponsored Ads,US-West,0.653,2025-03-23,6,6,113.97,0.0,2025-03-24,2025-09-22,True,True
CUST-100499,Organic Search,US-East,0.499,2025-06-17,3,3,59.17,0.0,2025-06-24,2025-06-27,True,True
CUST-100500,Organic Search,US-West,0.363,2025-08-18,1,1,18.92,0.0,2025-09-09,2025-09-09,False,True
CUST-100501,External Traffic,US-Midwest,0.54,2025-09-26,2,2,44.18,0.0,2025-10-01,2025-12-23,True,False
CUST-100502,Referral,US-West,0.163,2025-06-20,1,1,25.29,0.0,2025-06-24,2025-06-24,False,True
CUST-100503,Organic Search,US-West,0.173,2025-03-14,3,3,66.18,0.0,2025-04-11,2025-12-31,True,False
CUST-100504,Organic Search,US-East,0.276,2025-08-02,2,2,42.33,0.0,2025-09-15,2025-10-08,True,False
CUST-100505,External Traffic,US-East,0.57,2025-02-21,4,4,76.38,0.0,2025-02-23,2025-06-08,True,True
CUST-100506,Sponsored Ads,US-East,0.499,2025-02-11,4,4,88.16,0.0,2025-02-20,2025-11-20,True,False
CUST-100507,External Traffic,US-East,0.71,2025-04-18,4,4,60.56,11.87,2025-04-20,2025-11-13,True,False
CUST-100508,Organic Search,US-East,0.316,2025-04-09,4,4,89.61,0.0,2025-04-09,2025-12-11,True,False
CUST-100509,Sponsored Ads,US-Midwest,0.615,2025-02-13,4,4,107.64,32.82,2025-03-01,2025-12-31,True,False
CUST-100510,Sponsored Ads,US-South,0.477,2025-01-16,5,33,430.22,0.0,2025-01-24,2025-11-27,True,False
CUST-100511,External Traffic,US-Midwest,0.311,2025-10-11,1,1,19.74,0.0,2025-11-05,2025-11-05,False,False
CUST-100512,Sponsored Ads,US-Midwest,0.577,2025-07-23,2,57,1123.98,0.0,2025-07-29,2025-11-04,True,False
CUST-100513,Sponsored Ads,US-South,0.487,2025-08-04,2,2,33.82,0.0,2025-08-23,2025-09-16,True,True
CUST-100514,Sponsored Ads,US-Midwest,0.374,2025-01-20,3,3,53.99,0.0,2025-01-24,2025-11-25,True,False
CUST-100515,Sponsored Ads,US-West,0.508,2025-08-27,1,1,15.9,0.0,2025-10-07,2025-10-07,False,False
CUST-100516,Sponsored Ads,US-Midwest,0.474,2025-04-20,2,2,38.38,0.0,2025-04-27,2025-05-08,True,True
CUST-100517,Organic Search,US-East,0.469,2025-08-13,1,1,22.11,0.0,2025-09-19,2025-09-19,False,True
CUST-100518,Sponsored Ads,US-South,0.417,2025-05-28,4,4,89.86,0.0,2025-05-31,2025-12-23,True,False
CUST-100519,External Traffic,US-West,0.239,2025-03-14,2,2,61.75,0.0,2025-03-16,2025-12-09,True,False
CUST-100520,External Traffic,US-West,0.515,2025-03-20,2,2,43.51,0.0,2025-04-07,2025-04-25,True,True
CUST-100521,Sponsored Ads,US-Midwest,0.339,2025-02-12,1,1,30.09,0.0,2025-02-17,2025-02-17,False,True
CUST-100522,Sponsored Ads,US-East,0.296,2025-09-06,2,2,65.98,32.9,2025-11-16,2025-12-30,True,False
CUST-100523,Organic Search,US-West,0.452,2025-05-09,5,5,96.13,0.0,2025-05-13,2025-12-11,True,False
CUST-100524,Sponsored Ads,US-South,0.647,2025-08-23,3,3,64.76,0.0,2025-09-01,2025-12-07,True,False
CUST-100525,Sponsored Ads,US-West,0.537,2025-09-06,2,2,51.02,0.0,2025-09-14,2025-10-16,True,False
CUST-100526,Referral,US-East,0.394,2025-02-20,2,2,52.13,0.0,2025-02-21,2025-12-15,True,False
CUST-100527,Referral,US-South,0.386,2025-04-10,3,3,81.08,0.0,2025-04-28,2025-07-13,True,True
CUST-100528,External Traffic,US-South,0.627,2025-02-07,2,2,55.9,0.0,2025-02-08,2025-03-31,True,True
CUST-100529,Sponsored Ads,US-East,0.021,2025-01-03,1,1,30.8,0.0,2025-01-03,2025-01-03,False,True
CUST-100530,Organic Search,US-East,0.659,2025-10-23,2,2,34.19,14.62,2025-11-28,2025-12-05,True,False
CUST-100531,Organic Search,US-Midwest,0.125,2025-07-18,1,1,11.44,0.0,2025-08-16,2025-08-16,False,True
CUST-100532,Sponsored Ads,US-West,0.217,2025-05-16,1,1,18.4,0.0,2025-05-26,2025-05-26,False,True
CUST-100533,Organic Search,US-West,0.397,2025-03-02,2,2,27.09,0.0,2025-03-04,2025-12-08,True,False
CUST-100534,Sponsored Ads,US-West,0.934,2025-06-27,1,1,15.48,0.0,2025-07-02,2025-07-02,False,True
CUST-100535,Sponsored Ads,US-Midwest,0.835,2025-06-12,1,1,18.84,0.0,2025-07-16,2025-07-16,False,True
CUST-100536,Organic Search,US-East,0.641,2025-03-08,2,2,63.21,0.0,2025-03-31,2025-04-27,True,True
CUST-100537,Sponsored Ads,US-West,0.571,2025-01-05,7,7,118.06,18.46,2025-01-06,2025-07-28,True,True
CUST-100538,Sponsored Ads,US-West,0.128,2025-05-21,1,1,34.79,0.0,2025-06-05,2025-06-05,False,True
CUST-100539,External Traffic,US-West,0.531,2025-06-02,3,3,66.32,0.0,2025-06-18,2025-12-16,True,False
CUST-100540,Referral,US-Midwest,0.39,2025-08-28,1,1,32.8,0.0,2025-08-29,2025-08-29,False,True
CUST-100541,Organic Search,US-East,0.337,2025-04-29,1,1,23.35,0.0,2025-05-12,2025-05-12,False,True
CUST-100542,External Traffic,US-West,0.531,2025-01-30,1,1,23.57,0.0,2025-02-01,2025-02-01,False,True
CUST-100543,Referral,US-West,0.406,2025-09-22,2,2,34.49,0.0,2025-10-20,2025-11-30,True,False
CUST-100544,Sponsored Ads,US-South,0.674,2025-05-05,4,4,66.67,0.0,2025-05-19,2025-09-19,True,True
CUST-100545,Organic Search,US-South,0.113,2025-08-05,1,1,26.03,0.0,2025-08-10,2025-08-10,False,True
CUST-100546,Sponsored Ads,US-Midwest,0.515,2025-01-13,5,5,111.99,0.0,2025-01-13,2025-12-27,True,False
CUST-100547,Sponsored Ads,US-West,0.324,2025-01-11,2,2,33.83,0.0,2025-01-11,2025-01-23,True,True
CUST-100548,External Traffic,US-West,0.418,2025-01-07,8,8,169.94,0.0,2025-01-07,2025-12-06,True,False
CUST-100549,Organic Search,US-West,0.561,2025-08-25,1,1,21.96,0.0,2025-09-01,2025-09-01,False,True
CUST-100550,Organic Search,US-East,0.277,2025-03-14,2,45,951.7,0.0,2025-03-17,2025-03-24,True,True
CUST-100551,Sponsored Ads,US-South,0.533,2025-08-26,1,1,12.65,0.0,2025-11-12,2025-11-12,False,False
CUST-100552,Sponsored Ads,US-South,0.458,2025-10-11,1,1,19.98,0.0,2025-11-29,2025-11-29,False,False
CUST-100553,Referral,US-West,0.368,2025-07-19,1,1,11.88,11.88,2025-07-27,2025-07-27,False,True
CUST-100554,Sponsored Ads,US-South,0.406,2025-10-23,1,1,19.34,0.0,2025-11-22,2025-11-22,False,False
CUST-100555,Sponsored Ads,US-South,0.469,2025-10-06,1,1,13.64,0.0,2025-10-06,2025-10-06,False,False
CUST-100556,Sponsored Ads,US-West,0.346,2025-08-05,2,2,45.35,0.0,2025-09-01,2025-11-03,True,False
CUST-100557,Organic Search,US-South,0.501,2025-08-29,2,2,46.72,0.0,2025-10-01,2025-12-14,True,False
CUST-100558,Organic Search,US-East,0.444,2025-07-01,1,1,12.27,0.0,2025-08-06,2025-08-06,False,True
CUST-100559,Organic Search,US-West,0.378,2025-03-07,3,3,71.62,33.15,2025-03-10,2025-06-18,True,True
CUST-100560,Sponsored Ads,US-East,0.818,2025-01-31,8,8,164.32,22.22,2025-02-03,2025-12-17,True,False
CUST-100561,Sponsored Ads,US-Midwest,0.583,2025-04-25,2,2,46.13,0.0,2025-04-29,2025-08-30,True,True
CUST-100562,External Traffic,US-South,0.423,2025-05-23,4,4,74.59,0.0,2025-05-24,2025-12-18,True,False
CUST-100563,Organic Search,US-East,0.529,2025-04-15,4,4,112.43,25.42,2025-04-20,2025-12-22,True,False
CUST-100564,Organic Search,US-Midwest,0.295,2025-01-31,2,2,35.42,0.0,2025-02-03,2025-08-14,True,True
CUST-100565,Organic Search,US-East,0.413,2025-06-01,1,43,861.1,0.0,2025-07-08,2025-07-08,False,True
CUST-100566,External Traffic,US-East,0.436,2025-05-30,3,3,70.21,23.53,2025-06-03,2025-11-10,True,False
CUST-100567,Sponsored Ads,US-West,0.251,2025-10-14,1,1,22.64,0.0,2025-11-12,2025-11-12,False,False
CUST-100568,Sponsored Ads,US-Midwest,0.577,2025-10-14,2,2,34.53,0.0,2025-11-13,2025-12-20,True,False
CUST-100569,Organic Search,US-Midwest,0.399,2025-07-04,3,3,58.35,0.0,2025-07-09,2025-11-13,True,False
CUST-100570,Sponsored Ads,US-West,0.429,2025-09-13,2,2,50.55,0.0,2025-09-21,2025-11-09,True,False
CUST-100571,External Traffic,US-South,0.386,2025-04-04,2,2,35.45,0.0,2025-04-04,2025-08-14,True,True
CUST-100572,Organic Search,US-Midwest,0.95,2025-10-18,2,2,55.51,0.0,2025-11-17,2025-12-05,True,False
CUST-100573,External Traffic,US-South,0.367,2025-10-10,1,1,32.44,0.0,2025-10-12,2025-10-12,False,False
CUST-100574,External Traffic,US-West,0.086,2025-02-07,3,3,60.05,0.0,2025-02-13,2025-09-19,True,True
CUST-100575,Organic Search,US-Midwest,0.18,2025-07-30,2,2,65.81,0.0,2025-08-12,2025-12-04,True,False
CUST-100576,Referral,US-East,0.652,2025-05-18,3,3,49.47,0.0,2025-05-23,2025-11-05,True,False
CUST-100577,Organic Search,US-East,0.767,2025-03-21,4,4,86.0,0.0,2025-03-27,2025-11-09,True,False
CUST-100578,External Traffic,US-East,0.364,2025-05-04,2,2,39.49,24.12,2025-06-16,2025-06-24,True,True
CUST-100579,Sponsored Ads,US-Midwest,0.756,2025-09-29,2,2,57.08,0.0,2025-10-04,2025-10-29,True,False
CUST-100580,Organic Search,US-South,0.648,2025-10-05,1,1,12.3,0.0,2025-11-08,2025-11-08,False,False
CUST-100581,Organic Search,US-South,0.462,2025-04-14,1,1,32.92,0.0,2025-04-14,2025-04-14,False,True
CUST-100582,Sponsored Ads,US-Midwest,0.448,2025-05-19,1,1,30.22,0.0,2025-05-21,2025-05-21,False,True
CUST-100583,Sponsored Ads,US-Midwest,0.536,2025-06-04,1,1,12.26,0.0,2025-06-19,2025-06-19,False,True
CUST-100584,Referral,US-Midwest,0.675,2025-08-09,2,2,46.49,0.0,2025-10-29,2025-12-08,True,False
CUST-100585,Organic Search,US-Midwest,0.579,2025-05-24,3,3,77.32,0.0,2025-06-05,2025-12-16,True,False
CUST-100586,Sponsored Ads,US-Midwest,0.365,2025-04-29,4,4,89.56,0.0,2025-04-29,2025-12-29,True,False
CUST-100587,Sponsored Ads,US-Midwest,0.465,2025-10-05,1,1,12.82,0.0,2025-10-31,2025-10-31,False,False
CUST-100588,Sponsored Ads,US-South,0.896,2025-04-22,2,53,1549.91,0.0,2025-04-29,2025-11-05,True,False
CUST-100589,Sponsored Ads,US-West,0.55,2025-03-21,8,8,192.42,0.0,2025-03-21,2025-06-28,True,True
CUST-100590,Referral,US-West,0.674,2025-04-09,4,33,964.26,20.14,2025-04-13,2025-09-01,True,True
CUST-100591,Organic Search,US-Midwest,0.608,2025-04-10,5,5,112.07,0.0,2025-04-12,2025-09-11,True,True
CUST-100592,Sponsored Ads,US-East,0.555,2025-06-16,1,1,16.13,0.0,2025-06-27,2025-06-27,False,True
CUST-100593,Organic Search,US-Midwest,0.522,2025-07-18,3,32,722.65,0.0,2025-07-23,2025-12-09,True,False
CUST-100594,Sponsored Ads,US-Midwest,0.679,2025-02-10,4,4,61.53,0.0,2025-02-10,2025-03-07,True,True
CUST-100595,Sponsored Ads,US-South,0.644,2025-09-23,1,1,31.54,0.0,2025-09-23,2025-09-23,False,True
CUST-100596,Organic Search,US-Midwest,0.553,2025-03-18,3,3,86.4,0.0,2025-03-23,2025-05-19,True,True
CUST-100597,Organic Search,US-East,0.361,2025-02-04,4,4,71.82,0.0,2025-02-10,2025-05-01,True,True
CUST-100598,Referral,US-East,0.577,2025-07-20,2,2,45.69,12.41,2025-08-21,2025-11-15,True,False
CUST-100599,Organic Search,US-Midwest,0.487,2025-03-04,3,3,49.21,0.0,2025-03-24,2025-09-01,True,True
CUST-100600,Organic Search,US-Midwest,0.438,2025-08-14,1,1,19.04,0.0,2025-09-09,2025-09-09,False,True
CUST-100601,External Traffic,US-West,0.95,2025-10-12,2,20,394.94,0.0,2025-11-03,2025-12-14,True,False
CUST-100602,Referral,US-Midwest,0.192,2025-07-27,1,1,32.2,0.0,2025-10-11,2025-10-11,False,False
CUST-100603,Organic Search,US-East,0.692,2025-08-22,1,1,13.29,0.0,2025-09-09,2025-09-09,False,True
CUST-100604,Referral,US-Midwest,0.327,2025-05-29,1,1,11.9,0.0,2025-06-28,2025-06-28,False,True
CUST-100605,External Traffic,US-South,0.526,2025-04-14,4,4,89.62,0.0,2025-04-21,2025-10-17,True,False
CUST-100606,External Traffic,US-South,0.95,2025-07-03,4,49,971.52,0.0,2025-07-28,2025-10-28,True,False
CUST-100607,Sponsored Ads,US-West,0.308,2025-04-18,1,1,32.32,0.0,2025-05-03,2025-05-03,False,True
CUST-100608,Organic Search,US-East,0.355,2025-09-20,1,1,30.23,0.0,2025-11-15,2025-11-15,False,False
CUST-100609,Organic Search,US-South,0.496,2025-05-21,2,2,52.9,0.0,2025-05-28,2025-10-05,True,False
CUST-100610,Organic Search,US-Midwest,0.331,2025-05-30,2,2,55.2,0.0,2025-07-05,2025-12-29,True,False
CUST-100611,Organic Search,US-West,0.677,2025-07-22,2,2,36.74,0.0,2025-08-09,2025-09-29,True,True
CUST-100612,Referral,US-West,0.393,2025-02-26,1,1,14.89,0.0,2025-02-26,2025-02-26,False,True
CUST-100613,Referral,US-South,0.631,2025-06-18,2,2,60.64,0.0,2025-06-22,2025-12-07,True,False
CUST-100614,Sponsored Ads,US-East,0.234,2025-08-15,1,1,24.11,0.0,2025-09-02,2025-09-02,False,True
CUST-100615,Organic Search,US-Midwest,0.139,2025-08-21,1,1,12.61,12.61,2025-08-23,2025-08-23,False,True
CUST-100616,Organic Search,US-West,0.454,2025-03-09,2,2,32.59,0.0,2025-03-14,2025-12-14,True,False
CUST-100617,Sponsored Ads,US-East,0.186,2025-01-17,2,2,49.92,0.0,2025-01-17,2025-12-26,True,False
CUST-100618,Sponsored Ads,US-West,0.804,2025-02-28,4,4,70.58,0.0,2025-03-01,2025-10-13,True,False
CUST-100619,Sponsored Ads,US-South,0.194,2025-09-03,1,1,32.92,0.0,2025-10-27,2025-10-27,False,False
CUST-100620,External Traffic,US-Midwest,0.292,2025-03-21,2,2,33.66,0.0,2025-05-17,2025-12-25,True,False
CUST-100621,Organic Search,US-West,0.583,2025-01-18,5,5,126.88,0.0,2025-01-19,2025-12-28,True,False
CUST-100622,Referral,US-East,0.383,2025-06-29,1,1,13.35,0.0,2025-06-30,2025-06-30,False,True
CUST-100623,Organic Search,US-Midwest,0.196,2025-09-22,1,1,19.95,0.0,2025-10-04,2025-10-04,False,False
CUST-100624,Referral,US-West,0.908,2025-03-09,4,4,91.56,0.0,2025-03-10,2025-04-17,True,True
CUST-100625,Organic Search,US-Midwest,0.3,2025-01-13,4,4,97.37,0.0,2025-01-13,2025-03-11,True,True
CUST-100626,External Traffic,US-Midwest,0.461,2025-02-12,3,3,87.83,0.0,2025-03-01,2025-12-28,True,False
CUST-100627,Sponsored Ads,US-West,0.458,2025-02-08,4,4,86.73,34.89,2025-02-11,2025-10-24,True,False
CUST-100628,Organic Search,US-West,0.642,2025-03-03,1,1,15.17,0.0,2025-03-18,2025-03-18,False,True
CUST-100629,External Traffic,US-South,0.592,2025-02-24,4,4,86.5,0.0,2025-02-26,2025-09-20,True,True
CUST-100630,Referral,US-West,0.335,2025-07-11,4,4,76.65,20.09,2025-08-06,2025-12-03,True,False
CUST-100631,External Traffic,US-South,0.435,2025-03-08,1,1,29.22,0.0,2025-04-20,2025-04-20,False,True
CUST-100632,Sponsored Ads,US-West,0.455,2025-06-14,4,4,77.35,0.0,2025-07-14,2025-12-07,True,False
CUST-100633,Sponsored Ads,US-South,0.65,2025-05-01,1,1,13.52,0.0,2025-05-16,2025-05-16,False,True
CUST-100634,Sponsored Ads,US-East,0.266,2025-07-16,1,1,19.52,0.0,2025-07-18,2025-07-18,False,True
CUST-100635,Sponsored Ads,US-South,0.904,2025-07-16,3,3,79.8,12.68,2025-07-29,2025-09-26,True,True
CUST-100636,Organic Search,US-Midwest,0.348,2025-06-27,2,2,42.37,0.0,2025-07-12,2025-11-12,True,False
CUST-100637,Organic Search,US-East,0.498,2025-09-25,2,2,46.62,0.0,2025-10-10,2025-12-16,True,False
CUST-100638,External Traffic,US-South,0.268,2025-02-28,1,1,13.25,0.0,2025-03-03,2025-03-03,False,True
CUST-100639,External Traffic,US-South,0.24,2025-06-07,2,2,52.73,0.0,2025-06-16,2025-10-05,True,False
CUST-100640,Organic Search,US-Midwest,0.325,2025-04-29,2,57,843.78,0.0,2025-05-01,2025-05-01,True,True
CUST-100641,External Traffic,US-West,0.306,2025-06-09,1,1,31.58,0.0,2025-08-04,2025-08-04,False,True
CUST-100642,Sponsored Ads,US-West,0.417,2025-02-11,3,3,69.2,0.0,2025-03-05,2025-07-20,True,True
CUST-100643,Sponsored Ads,US-East,0.304,2025-04-06,2,2,32.73,0.0,2025-05-02,2025-11-16,True,False
CUST-100644,Organic Search,US-South,0.639,2025-10-10,1,1,29.87,0.0,2025-11-05,2025-11-05,False,False
CUST-100645,External Traffic,US-Midwest,0.343,2025-08-29,2,2,43.69,0.0,2025-09-17,2025-12-17,True,False
CUST-100646,Sponsored Ads,US-East,0.321,2025-05-08,3,3,61.28,0.0,2025-05-08,2025-12-02,True,False
CUST-100647,Organic Search,US-West,0.421,2025-02-03,5,5,102.14,0.0,2025-02-08,2025-11-18,True,False
CUST-100648,Organic Search,US-South,0.699,2025-07-14,1,1,32.69,0.0,2025-08-09,2025-08-09,False,True
CUST-100649,Sponsored Ads,US-South,0.543,2025-04-01,3,3,61.87,25.29,2025-04-22,2025-11-11,True,False
CUST-100650,Organic Search,US-East,0.48,2025-04-09,2,2,42.14,0.0,2025-04-10,2025-10-11,True,False
CUST-100651,External Traffic,US-West,0.213,2025-01-30,2,2,54.23,0.0,2025-02-01,2025-03-05,True,True
CUST-100652,Organic Search,US-Midwest,0.271,2025-03-28,4,4,97.06,0.0,2025-04-17,2025-07-28,True,True
CUST-100653,Sponsored Ads,US-Midwest,0.244,2025-03-06,2,2,40.98,0.0,2025-03-23,2025-03-26,True,True
CUST-100654,External Traffic,US-South,0.761,2025-01-11,6,6,101.96,0.0,2025-01-11,2025-12-02,True,False
CUST-100655,Sponsored Ads,US-South,0.606,2025-06-25,3,3,62.47,0.0,2025-07-03,2025-10-11,True,False
CUST-100656,External Traffic,US-East,0.328,2025-10-18,1,1,12.7,0.0,2025-10-28,2025-10-28,False,False
CUST-100657,Sponsored Ads,US-East,0.387,2025-02-07,2,2,46.36,0.0,2025-02-10,2025-12-25,True,False
CUST-100658,Organic Search,US-West,0.335,2025-01-16,4,4,73.75,0.0,2025-01-17,2025-05-25,True,True
CUST-100659,Sponsored Ads,US-West,0.323,2025-01-31,2,2,54.88,0.0,2025-02-05,2025-02-08,True,True
CUST-100660,Sponsored Ads,US-East,0.592,2025-06-13,3,3,42.58,0.0,2025-09-13,2025-12-08,True,False
CUST-100661,External Traffic,US-East,0.442,2025-09-05,3,3,56.58,0.0,2025-09-23,2025-12-30,True,False
CUST-100662,Sponsored Ads,US-West,0.916,2025-04-03,4,33,455.23,24.3,2025-06-03,2025-10-08,True,False
CUST-100663,Sponsored Ads,US-Midwest,0.75,2025-02-05,5,5,111.67,0.0,2025-02-18,2025-12-23,True,False
CUST-100664,Sponsored Ads,US-East,0.762,2025-01-29,4,4,63.61,0.0,2025-02-06,2025-07-05,True,True
CUST-100665,Organic Search,US-South,0.634,2025-07-02,3,3,69.01,0.0,2025-08-07,2025-10-13,True,False
CUST-100666,External Traffic,US-East,0.415,2025-04-18,2,2,28.84,0.0,2025-06-22,2025-11-23,True,False
CUST-100667,Referral,US-East,0.62,2025-04-16,2,2,31.78,0.0,2025-04-22,2025-12-29,True,False
CUST-100668,Sponsored Ads,US-Midwest,0.43,2025-03-13,4,4,80.4,24.48,2025-03-23,2025-08-22,True,True
CUST-100669,Organic Search,US-South,0.826,2025-09-26,1,1,18.45,0.0,2025-10-08,2025-10-08,False,False
CUST-100670,Sponsored Ads,US-Midwest,0.581,2025-04-23,1,1,18.4,0.0,2025-04-23,2025-04-23,False,True
CUST-100671,Organic Search,US-East,0.552,2025-08-01,1,1,33.22,0.0,2025-10-30,2025-10-30,False,False
CUST-100672,Referral,US-East,0.525,2025-08-11,2,2,34.51,0.0,2025-08-20,2025-12-30,True,False
CUST-100673,Organic Search,US-East,0.848,2025-01-18,14,14,338.34,0.0,2025-01-21,2025-11-29,True,False
CUST-100674,Organic Search,US-South,0.213,2025-03-16,3,26,519.48,0.0,2025-03-17,2025-12-17,True,False
CUST-100675,Sponsored Ads,US-East,0.868,2025-09-26,2,2,43.82,0.0,2025-10-28,2025-12-08,True,False
CUST-100676,Referral,US-East,0.463,2025-09-22,3,3,72.34,0.0,2025-11-23,2025-12-27,True,False
CUST-100677,Organic Search,US-West,0.219,2025-05-05,1,1,15.97,0.0,2025-05-06,2025-05-06,False,True
CUST-100678,Sponsored Ads,US-South,0.35,2025-02-16,3,3,70.06,0.0,2025-02-18,2025-07-26,True,True
CUST-100679,Sponsored Ads,US-South,0.17,2025-03-31,1,1,18.1,0.0,2025-04-05,2025-04-05,False,True
CUST-100680,Sponsored Ads,US-South,0.631,2025-10-12,1,53,1105.48,0.0,2025-11-05,2025-11-05,False,False
CUST-100681,Sponsored Ads,US-Midwest,0.292,2025-07-21,1,1,18.82,0.0,2025-07-28,2025-07-28,False,True
CUST-100682,Sponsored Ads,US-Midwest,0.534,2025-01-23,3,3,90.87,0.0,2025-01-23,2025-08-25,True,True
CUST-100683,Organic Search,US-Midwest,0.727,2025-08-04,3,3,51.64,0.0,2025-08-05,2025-09-18,True,True
CUST-100684,Organic Search,US-West,0.366,2025-02-14,4,4,100.34,0.0,2025-02-19,2025-12-17,True,False
CUST-100685,Sponsored Ads,US-Midwest,0.446,2025-04-01,5,5,94.75,0.0,2025-04-12,2025-10-28,True,False
CUST-100686,Organic Search,US-East,0.239,2025-05-25,1,1,15.97,0.0,2025-06-26,2025-06-26,False,True
CUST-100687,Referral,US-East,0.422,2025-04-16,2,2,43.38,0.0,2025-04-16,2025-12-05,True,False
CUST-100688,External Traffic,US-East,0.95,2025-07-29,3,3,52.7,0.0,2025-07-30,2025-10-20,True,False
CUST-100689,Organic Search,US-East,0.656,2025-02-16,2,2,33.19,0.0,2025-02-16,2025-02-27,True,True
CUST-100690,Sponsored Ads,US-Midwest,0.447,2025-09-21,1,1,17.91,0.0,2025-11-22,2025-11-22,False,False
CUST-100691,External Traffic,US-South,0.378,2025-06-28,3,3,52.39,0.0,2025-06-29,2025-10-16,True,False
CUST-100692,Sponsored Ads,US-Midwest,0.491,2025-04-02,4,4,67.37,0.0,2025-04-06,2025-08-20,True,True
CUST-100693,Sponsored Ads,US-Midwest,0.526,2025-10-15,1,1,34.41,0.0,2025-11-25,2025-11-25,False,False
CUST-100694,Referral,US-East,0.416,2025-05-24,3,3,48.87,0.0,2025-06-15,2025-10-16,True,False
CUST-100695,Organic Search,US-South,0.606,2025-05-05,1,1,24.37,0.0,2025-05-06,2025-05-06,False,True
CUST-100696,Organic Search,US-South,0.309,2025-01-07,3,3,68.97,0.0,2025-01-07,2025-09-24,True,True
CUST-100697,Organic Search,US-East,0.308,2025-10-26,2,2,34.33,0.0,2025-10-29,2025-12-18,True,False
CUST-100698,Organic Search,US-South,0.574,2025-09-11,1,1,22.07,0.0,2025-09-19,2025-09-19,False,True
CUST-100699,Sponsored Ads,US-South,0.266,2025-02-22,1,1,12.23,0.0,2025-03-05,2025-03-05,False,True
CUST-100700,Sponsored Ads,US-Midwest,0.646,2025-10-12,2,2,48.08,0.0,2025-10-30,2025-11-13,True,False
CUST-100701,Sponsored Ads,US-Midwest,0.497,2025-08-27,2,2,55.58,0.0,2025-10-30,2025-12-23,True,False
CUST-100702,Sponsored Ads,US-South,0.134,2025-05-07,1,1,11.84,0.0,2025-05-17,2025-05-17,False,True
CUST-100703,External Traffic,US-Midwest,0.522,2025-10-06,1,1,30.58,0.0,2025-10-22,2025-10-22,False,False
CUST-100704,Sponsored Ads,US-West,0.163,2025-06-17,2,2,47.82,0.0,2025-07-05,2025-12-09,True,False
CUST-100705,Organic Search,US-Midwest,0.639,2025-07-26,5,5,126.11,31.26,2025-08-28,2025-11-25,True,False
CUST-100706,External Traffic,US-East,0.45,2025-02-24,2,2,37.13,0.0,2025-03-17,2025-11-01,True,False
CUST-100707,External Traffic,US-East,0.87,2025-02-02,8,8,164.96,0.0,2025-02-02,2025-12-07,True,False
CUST-100708,Organic Search,US-Midwest,0.714,2025-06-08,4,4,81.49,0.0,2025-06-30,2025-11-17,True,False
CUST-100709,Organic Search,US-East,0.288,2025-04-08,1,1,14.37,0.0,2025-04-19,2025-04-19,False,True
CUST-100710,Referral,US-Midwest,0.096,2025-10-22,1,1,15.25,0.0,2025-11-07,2025-11-07,False,False
CUST-100711,Organic Search,US-East,0.349,2025-01-26,6,49,616.76,0.0,2025-02-03,2025-12-24,True,False
CUST-100712,External Traffic,US-East,0.256,2025-08-17,1,1,20.36,0.0,2025-08-29,2025-08-29,False,True
CUST-100713,Referral,US-East,0.865,2025-06-30,4,4,93.57,0.0,2025-08-07,2025-11-23,True,False
CUST-100714,External Traffic,US-East,0.498,2025-09-21,2,2,35.96,0.0,2025-10-12,2025-12-08,True,False
CUST-100715,Sponsored Ads,US-Midwest,0.687,2025-10-27,2,2,35.68,0.0,2025-11-07,2025-12-16,True,False
CUST-100716,Organic Search,US-West,0.443,2025-09-19,1,1,18.92,0.0,2025-10-11,2025-10-11,False,False
CUST-100717,Sponsored Ads,US-South,0.464,2025-04-23,2,2,39.47,0.0,2025-05-25,2025-10-09,True,False
CUST-100718,Organic Search,US-Midwest,0.493,2025-07-28,1,1,20.04,0.0,2025-08-14,2025-08-14,False,True
CUST-100719,Referral,US-East,0.721,2025-02-18,4,4,96.63,0.0,2025-03-10,2025-08-13,True,True
CUST-100720,Organic Search,US-South,0.562,2025-05-26,4,24,329.49,0.0,2025-05-27,2025-12-28,True,False
CUST-100721,Organic Search,US-East,0.289,2025-03-22,4,4,72.42,0.0,2025-03-22,2025-07-27,True,True
CUST-100722,Sponsored Ads,US-West,0.825,2025-03-17,5,5,103.63,0.0,2025-04-03,2025-12-19,True,False
CUST-100723,Referral,US-South,0.441,2025-06-21,3,3,56.91,0.0,2025-07-11,2025-09-12,True,True
CUST-100724,Sponsored Ads,US-Midwest,0.409,2025-02-08,3,3,72.77,0.0,2025-02-10,2025-10-14,True,False
CUST-100725,Sponsored Ads,US-South,0.02,2025-06-20,1,1,19.08,0.0,2025-06-26,2025-06-26,False,True
CUST-100726,Sponsored Ads,US-East,0.627,2025-05-01,4,4,101.24,0.0,2025-05-24,2025-12-16,True,False
CUST-100727,Sponsored Ads,US-West,0.52,2025-03-10,2,2,27.92,0.0,2025-03-12,2025-12-16,True,False
CUST-100728,Organic Search,US-Midwest,0.52,2025-06-18,2,2,40.0,0.0,2025-06-30,2025-09-30,True,True
CUST-100729,Organic Search,US-Midwest,0.419,2025-08-14,1,1,30.74,0.0,2025-08-22,2025-08-22,False,True
CUST-100730,Sponsored Ads,US-Midwest,0.385,2025-07-03,2,2,26.37,0.0,2025-08-01,2025-08-01,True,True
CUST-100731,Sponsored Ads,US-East,0.426,2025-01-27,3,3,47.0,0.0,2025-01-29,2025-09-07,True,True
CUST-100732,Sponsored Ads,US-South,0.593,2025-06-18,3,3,54.22,0.0,2025-06-20,2025-12-10,True,False
CUST-100733,Sponsored Ads,US-East,0.628,2025-07-06,3,45,589.53,558.16,2025-09-05,2025-12-13,True,False
CUST-100734,Sponsored Ads,US-West,0.454,2025-07-25,2,47,1181.31,1162.88,2025-10-02,2025-12-29,True,False
CUST-100735,Organic Search,US-West,0.69,2025-05-08,2,2,64.47,34.22,2025-05-26,2025-10-04,True,False
CUST-100736,Sponsored Ads,US-East,0.484,2025-01-29,6,6,108.09,0.0,2025-01-30,2025-12-27,True,False
CUST-100737,Sponsored Ads,US-South,0.399,2025-02-08,5,5,86.16,12.0,2025-02-09,2025-03-23,True,True
CUST-100738,Sponsored Ads,US-West,0.54,2025-04-10,1,1,31.89,0.0,2025-04-16,2025-04-16,False,True
CUST-100739,Organic Search,US-South,0.228,2025-07-10,1,1,29.31,0.0,2025-07-10,2025-07-10,False,True
CUST-100740,Sponsored Ads,US-East,0.547,2025-08-10,2,2,30.7,11.65,2025-11-19,2025-11-27,True,False
CUST-100741,Sponsored Ads,US-Midwest,0.192,2025-07-21,3,3,51.8,0.0,2025-08-24,2025-12-25,True,False
CUST-100742,External Traffic,US-East,0.294,2025-04-04,2,2,45.2,0.0,2025-04-18,2025-10-08,True,False
CUST-100743,Sponsored Ads,US-West,0.096,2025-05-13,1,1,19.01,0.0,2025-07-13,2025-07-13,False,True
CUST-100744,Organic Search,US-East,0.465,2025-01-15,4,38,787.02,0.0,2025-01-17,2025-07-16,True,True
CUST-100745,Organic Search,US-Midwest,0.822,2025-08-28,1,1,19.37,0.0,2025-10-06,2025-10-06,False,False
CUST-100746,Sponsored Ads,US-East,0.477,2025-04-17,2,2,29.3,0.0,2025-05-02,2025-05-09,True,True
CUST-100747,Organic Search,US-South,0.629,2025-06-02,2,2,35.08,0.0,2025-06-04,2025-12-21,True,False
CUST-100748,External Traffic,US-Midwest,0.95,2025-05-15,3,3,59.82,19.44,2025-05-21,2025-11-08,True,False
CUST-100749,External Traffic,US-East,0.581,2025-03-27,5,5,135.14,0.0,2025-03-30,2025-12-24,True,False
CUST-100750,Sponsored Ads,US-South,0.347,2025-02-20,2,2,26.67,0.0,2025-02-22,2025-03-05,True,True
CUST-100751,Sponsored Ads,US-West,0.374,2025-10-14,1,1,18.6,0.0,2025-11-11,2025-11-11,False,False
CUST-100752,Sponsored Ads,US-East,0.5,2025-02-05,3,3,68.28,0.0,2025-02-05,2025-02-15,True,True
CUST-100753,Organic Search,US-East,0.373,2025-10-11,1,1,13.04,0.0,2025-11-05,2025-11-05,False,False
CUST-100754,Organic Search,US-South,0.388,2025-02-03,4,4,69.53,0.0,2025-02-10,2025-12-26,True,False
CUST-100755,Sponsored Ads,US-Midwest,0.697,2025-01-29,6,6,124.78,0.0,2025-01-29,2025-07-01,True,True
CUST-100756,Sponsored Ads,US-East,0.705,2025-09-28,2,2,35.31,0.0,2025-10-11,2025-12-12,True,False
CUST-100757,Referral,US-East,0.171,2025-10-11,1,1,16.4,0.0,2025-11-09,2025-11-09,False,False
CUST-100758,Sponsored Ads,US-Midwest,0.336,2025-09-26,1,1,29.71,0.0,2025-10-09,2025-10-09,False,False
CUST-100759,Organic Search,US-East,0.407,2025-08-21,4,4,112.37,64.37,2025-09-04,2025-12-19,True,False
CUST-100760,Organic Search,US-South,0.62,2025-05-28,6,6,157.13,0.0,2025-05-29,2025-11-04,True,False
CUST-100761,Sponsored Ads,US-South,0.729,2025-02-01,3,3,77.29,0.0,2025-02-01,2025-06-03,True,True
CUST-100762,Sponsored Ads,US-West,0.95,2025-06-27,3,3,70.62,0.0,2025-07-10,2025-10-27,True,False
CUST-100763,Sponsored Ads,US-Midwest,0.407,2025-06-05,3,3,69.07,0.0,2025-06-24,2025-07-15,True,True
CUST-100764,Referral,US-East,0.417,2025-08-09,3,3,78.92,0.0,2025-08-09,2025-12-15,True,False
CUST-100765,Sponsored Ads,US-South,0.618,2025-01-11,3,3,60.8,0.0,2025-01-11,2025-11-10,True,False
CUST-100766,Sponsored Ads,US-East,0.364,2025-01-24,5,5,92.28,0.0,2025-01-24,2025-12-06,True,False
CUST-100767,Sponsored Ads,US-Midwest,0.472,2025-06-26,2,2,61.17,0.0,2025-07-10,2025-12-24,True,False
CUST-100768,Sponsored Ads,US-South,0.417,2025-09-14,1,1,19.49,0.0,2025-09-17,2025-09-17,False,True
CUST-100769,Organic Search,US-West,0.02,2025-10-07,1,1,12.32,0.0,2025-11-24,2025-11-24,False,False
CUST-100770,Sponsored Ads,US-West,0.525,2025-06-20,2,2,50.47,0.0,2025-06-20,2025-08-24,True,True
CUST-100771,Organic Search,US-Midwest,0.464,2025-04-21,2,2,34.22,0.0,2025-05-05,2025-10-18,True,False
CUST-100772,Organic Search,US-South,0.754,2025-05-22,4,4,74.86,0.0,2025-06-02,2025-09-07,True,True
CUST-100773,External Traffic,US-East,0.501,2025-06-02,4,4,60.25,0.0,2025-06-03,2025-12-22,True,False
CUST-100774,Sponsored Ads,US-West,0.249,2025-07-05,2,2,43.59,0.0,2025-07-30,2025-11-30,True,False
CUST-100775,External Traffic,US-West,0.448,2025-03-10,2,2,43.15,0.0,2025-04-09,2025-12-14,True,False
CUST-100776,Organic Search,US-Midwest,0.082,2025-04-27,1,1,13.07,0.0,2025-06-09,2025-06-09,False,True
CUST-100777,Sponsored Ads,US-Midwest,0.258,2025-06-12,3,3,57.48,0.0,2025-06-23,2025-08-26,True,True
CUST-100778,External Traffic,US-East,0.627,2025-09-13,1,1,12.45,0.0,2025-09-28,2025-09-28,False,True
CUST-100779,External Traffic,US-West,0.451,2025-08-29,1,1,22.09,0.0,2025-09-27,2025-09-27,False,True
CUST-100780,Sponsored Ads,US-East,0.685,2025-08-15,1,1,12.14,0.0,2025-09-03,2025-09-03,False,True
CUST-100781,Referral,US-West,0.107,2025-03-06,1,1,33.21,0.0,2025-03-06,2025-03-06,False,True
CUST-100782,Organic Search,US-South,0.452,2025-05-02,1,1,20.06,0.0,2025-05-09,2025-05-09,False,True
CUST-100783,Organic Search,US-South,0.405,2025-06-16,2,2,33.88,0.0,2025-07-19,2025-09-28,True,True
CUST-100784,Referral,US-Midwest,0.691,2025-10-18,2,2,42.38,0.0,2025-11-10,2025-12-11,True,False
CUST-100785,Sponsored Ads,US-East,0.635,2025-04-17,3,3,62.24,0.0,2025-05-15,2025-11-06,True,False
CUST-100786,External Traffic,US-West,0.628,2025-10-03,1,1,17.56,0.0,2025-10-31,2025-10-31,False,False
CUST-100787,Sponsored Ads,US-West,0.808,2025-08-13,1,1,15.19,0.0,2025-08-28,2025-08-28,False,True
CUST-100788,External Traffic,US-East,0.426,2025-07-10,1,1,12.95,0.0,2025-11-23,2025-11-23,False,False
CUST-100789,Organic Search,US-South,0.767,2025-07-30,1,1,22.02,0.0,2025-08-27,2025-08-27,False,True
CUST-100790,Sponsored Ads,US-West,0.291,2025-08-26,2,2,35.45,0.0,2025-08-26,2025-11-24,True,False
CUST-100791,Organic Search,US-Midwest,0.284,2025-07-29,1,1,29.89,29.89,2025-08-08,2025-08-08,False,True
CUST-100792,Sponsored Ads,US-East,0.651,2025-07-21,3,3,62.84,0.0,2025-07-26,2025-12-03,True,False
CUST-100793,Sponsored Ads,US-Midwest,0.199,2025-04-24,3,54,1252.52,0.0,2025-04-29,2025-12-25,True,False
CUST-100794,Sponsored Ads,US-East,0.615,2025-05-09,1,1,14.53,0.0,2025-05-31,2025-05-31,False,True
CUST-100795,Sponsored Ads,US-West,0.52,2025-06-29,2,2,51.44,0.0,2025-07-07,2025-09-05,True,True
CUST-100796,Sponsored Ads,US-West,0.714,2025-09-11,1,1,15.44,0.0,2025-11-04,2025-11-04,False,False
CUST-100797,Sponsored Ads,US-South,0.488,2025-07-15,1,1,13.58,0.0,2025-07-22,2025-07-22,False,True
CUST-100798,Organic Search,US-South,0.511,2025-10-24,1,1,18.8,0.0,2025-11-10,2025-11-10,False,False
CUST-100799,Organic Search,US-Midwest,0.602,2025-07-24,1,1,24.7,0.0,2025-10-01,2025-10-01,False,True
CUST-100800,Organic Search,US-Midwest,0.367,2025-05-03,1,1,11.94,0.0,2025-09-13,2025-09-13,False,True
CUST-100801,Sponsored Ads,US-West,0.359,2025-06-22,1,1,13.76,0.0,2025-06-30,2025-06-30,False,True
CUST-100802,External Traffic,US-East,0.595,2025-07-06,1,1,11.45,0.0,2025-07-12,2025-07-12,False,True
CUST-100803,Organic Search,US-West,0.494,2025-09-18,1,1,30.65,0.0,2025-09-27,2025-09-27,False,True
CUST-100804,Sponsored Ads,US-West,0.419,2025-03-18,3,3,45.02,0.0,2025-03-29,2025-12-11,True,False
CUST-100805,Sponsored Ads,US-West,0.483,2025-03-16,3,3,58.22,0.0,2025-03-23,2025-06-09,True,True
CUST-100806,Organic Search,US-West,0.819,2025-03-02,3,3,62.91,0.0,2025-03-06,2025-06-04,True,True
CUST-100807,Sponsored Ads,US-South,0.411,2025-01-17,3,3,66.83,0.0,2025-01-18,2025-06-24,True,True
CUST-100808,Organic Search,US-West,0.406,2025-07-22,2,2,40.0,0.0,2025-07-26,2025-09-07,True,True
CUST-100809,Referral,US-West,0.159,2025-10-16,1,1,11.82,0.0,2025-11-24,2025-11-24,False,False
CUST-100810,Sponsored Ads,US-West,0.492,2025-07-04,1,1,28.94,0.0,2025-07-21,2025-07-21,False,True
CUST-100811,Sponsored Ads,US-South,0.631,2025-01-19,2,2,50.55,0.0,2025-01-23,2025-03-21,True,True
CUST-100812,Referral,US-South,0.667,2025-04-20,3,3,68.11,0.0,2025-04-22,2025-11-30,True,False
CUST-100813,Organic Search,US-Midwest,0.522,2025-09-28,2,2,47.74,0.0,2025-11-12,2025-12-17,True,False
CUST-100814,Sponsored Ads,US-West,0.691,2025-01-16,4,4,71.92,0.0,2025-01-19,2025-03-06,True,True
CUST-100815,External Traffic,US-West,0.646,2025-07-03,4,4,53.66,13.11,2025-07-21,2025-11-02,True,False
CUST-100816,External Traffic,US-East,0.723,2025-05-13,3,3,57.54,16.48,2025-06-19,2025-08-29,True,True
CUST-100817,Organic Search,US-South,0.697,2025-10-03,1,1,21.63,0.0,2025-10-24,2025-10-24,False,False
CUST-100818,Organic Search,US-West,0.814,2025-06-03,3,3,59.6,0.0,2025-06-07,2025-11-03,True,False
CUST-100819,Sponsored Ads,US-West,0.466,2025-06-19,2,2,38.52,0.0,2025-08-08,2025-08-31,True,True
CUST-100820,Sponsored Ads,US-East,0.235,2025-08-05,1,1,16.02,0.0,2025-08-15,2025-08-15,False,True
CUST-100821,Organic Search,US-West,0.633,2025-09-04,1,1,24.22,0.0,2025-10-20,2025-10-20,False,False
CUST-100822,Sponsored Ads,US-East,0.656,2025-06-04,2,2,48.59,0.0,2025-06-08,2025-11-09,True,False
CUST-100823,Organic Search,US-Midwest,0.814,2025-08-05,2,2,41.92,0.0,2025-08-11,2025-10-01,True,True
CUST-100824,External Traffic,US-South,0.756,2025-08-30,1,1,28.58,0.0,2025-09-10,2025-09-10,False,True
CUST-100825,Sponsored Ads,US-East,0.889,2025-06-07,2,2,46.0,0.0,2025-08-07,2025-12-27,True,False
CUST-100826,Organic Search,US-East,0.624,2025-08-03,2,2,49.56,0.0,2025-09-02,2025-12-03,True,False
CUST-100827,Sponsored Ads,US-Midwest,0.546,2025-04-19,1,1,21.64,0.0,2025-04-21,2025-04-21,False,True
CUST-100828,External Traffic,US-South,0.223,2025-04-17,1,1,34.63,0.0,2025-05-17,2025-05-17,False,True
CUST-100829,Sponsored Ads,US-South,0.562,2025-01-01,5,5,97.63,0.0,2025-01-01,2025-02-02,True,True
CUST-100830,Organic Search,US-Midwest,0.389,2025-07-20,1,1,16.72,0.0,2025-08-05,2025-08-05,False,True
CUST-100831,Organic Search,US-West,0.542,2025-03-17,2,2,42.85,0.0,2025-03-22,2025-12-11,True,False
CUST-100832,Sponsored Ads,US-West,0.511,2025-09-02,1,1,15.26,0.0,2025-09-18,2025-09-18,False,True
CUST-100833,Organic Search,US-East,0.594,2025-10-13,2,2,64.14,0.0,2025-11-08,2025-11-23,True,False
CUST-100834,Organic Search,US-East,0.481,2025-09-20,1,1,15.14,0.0,2025-10-11,2025-10-11,False,False
CUST-100835,Organic Search,US-West,0.687,2025-03-24,8,8,154.26,0.0,2025-04-15,2025-12-29,True,False
CUST-100836,External Traffic,US-West,0.02,2025-07-15,1,1,30.02,0.0,2025-07-15,2025-07-15,False,True
CUST-100837,Referral,US-Midwest,0.538,2025-08-14,1,1,20.87,0.0,2025-10-22,2025-10-22,False,False
CUST-100838,Organic Search,US-South,0.74,2025-06-01,1,1,15.98,0.0,2025-06-10,2025-06-10,False,True
CUST-100839,Organic Search,US-South,0.874,2025-06-02,3,3,62.14,0.0,2025-06-09,2025-12-25,True,False
CUST-100840,Sponsored Ads,US-West,0.646,2025-05-12,2,2,45.02,0.0,2025-05-14,2025-05-29,True,True
CUST-100841,External Traffic,US-East,0.837,2025-04-03,4,4,81.92,0.0,2025-04-03,2025-10-12,True,False
CUST-100842,Organic Search,US-South,0.534,2025-06-21,2,2,53.67,0.0,2025-07-07,2025-11-11,True,False
CUST-100843,Organic Search,US-South,0.501,2025-10-25,4,4,79.77,0.0,2025-11-08,2025-12-19,True,False
CUST-100844,Sponsored Ads,US-South,0.606,2025-03-07,2,2,38.45,0.0,2025-03-16,2025-06-22,True,True
CUST-100845,External Traffic,US-South,0.499,2025-01-15,4,4,94.75,0.0,2025-01-15,2025-02-19,True,True
CUST-100846,Sponsored Ads,US-East,0.344,2025-01-17,2,38,709.01,0.0,2025-01-17,2025-01-18,True,True
CUST-100847,Organic Search,US-Midwest,0.397,2025-06-24,1,1,14.88,14.88,2025-09-03,2025-09-03,False,True
CUST-100848,Sponsored Ads,US-East,0.278,2025-03-22,3,3,71.15,0.0,2025-03-26,2025-12-09,True,False
CUST-100849,Referral,US-West,0.606,2025-05-19,2,2,37.09,0.0,2025-06-02,2025-11-17,True,False
CUST-100850,Sponsored Ads,US-Midwest,0.502,2025-10-13,2,2,40.85,0.0,2025-10-16,2025-11-26,True,False
CUST-100851,Sponsored Ads,US-West,0.428,2025-01-23,2,2,41.62,21.25,2025-01-26,2025-12-15,True,False
CUST-100852,External Traffic,US-East,0.387,2025-02-22,2,2,26.51,0.0,2025-03-31,2025-05-19,True,True
CUST-100853,Referral,US-West,0.601,2025-03-06,2,2,34.64,0.0,2025-03-07,2025-12-06,True,False
CUST-100854,Sponsored Ads,US-West,0.656,2025-05-18,4,4,79.91,0.0,2025-05-19,2025-08-23,True,True
CUST-100855,Organic Search,US-East,0.274,2025-07-28,2,2,49.98,0.0,2025-09-12,2025-11-08,True,False
CUST-100856,Organic Search,US-West,0.242,2025-02-24,1,1,33.81,0.0,2025-03-10,2025-03-10,False,True
CUST-100857,External Traffic,US-East,0.691,2025-02-02,5,5,99.1,0.0,2025-02-08,2025-09-17,True,True
CUST-100858,Sponsored Ads,US-Midwest,0.225,2025-01-26,3,3,41.02,0.0,2025-01-27,2025-03-16,True,True
CUST-100859,Organic Search,US-West,0.609,2025-08-29,1,20,611.21,0.0,2025-09-04,2025-09-04,False,True
CUST-100860,Organic Search,US-Midwest,0.823,2025-01-09,13,13,288.72,50.22,2025-01-09,2025-10-14,True,False
CUST-100861,Organic Search,US-East,0.824,2025-07-07,2,2,37.55,0.0,2025-07-18,2025-09-19,True,True
CUST-100862,External Traffic,US-South,0.648,2025-06-23,2,2,52.74,0.0,2025-07-21,2025-09-01,True,True
CUST-100863,Organic Search,US-East,0.642,2025-01-31,5,5,105.23,39.07,2025-01-31,2025-11-04,True,False
CUST-100864,Sponsored Ads,US-East,0.95,2025-06-15,3,3,73.99,0.0,2025-07-14,2025-11-22,True,False
CUST-100865,Referral,US-West,0.033,2025-03-28,1,1,24.59,0.0,2025-04-04,2025-04-04,False,True
CUST-100866,External Traffic,US-South,0.407,2025-06-04,5,5,100.57,14.2,2025-06-04,2025-09-23,True,True
CUST-100867,External Traffic,US-Midwest,0.67,2025-02-11,4,4,70.9,0.0,2025-02-26,2025-10-19,True,False
CUST-100868,Sponsored Ads,US-South,0.433,2025-07-20,2,2,43.17,0.0,2025-08-08,2025-08-09,True,True
CUST-100869,Sponsored Ads,US-South,0.748,2025-08-28,2,2,39.41,0.0,2025-09-08,2025-12-14,True,False
CUST-100870,Organic Search,US-South,0.492,2025-01-01,10,10,204.27,18.81,2025-01-04,2025-12-15,True,False
CUST-100871,Sponsored Ads,US-East,0.526,2025-06-09,1,1,23.25,0.0,2025-07-20,2025-07-20,False,True
CUST-100872,Referral,US-West,0.445,2025-07-14,2,2,39.59,0.0,2025-08-07,2025-11-08,True,False
CUST-100873,Sponsored Ads,US-South,0.395,2025-01-01,3,3,78.23,0.0,2025-01-03,2025-01-07,True,True
CUST-100874,Organic Search,US-Midwest,0.391,2025-08-06,1,1,30.91,0.0,2025-08-10,2025-08-10,False,True
CUST-100875,External Traffic,US-East,0.554,2025-06-12,4,4,111.08,0.0,2025-07-01,2025-09-05,True,True
CUST-100876,Sponsored Ads,US-Midwest,0.345,2025-04-02,3,3,57.13,0.0,2025-05-10,2025-12-13,True,False
CUST-100877,Sponsored Ads,US-Midwest,0.691,2025-05-25,4,4,107.73,25.11,2025-05-27,2025-10-15,True,False
CUST-100878,Organic Search,US-West,0.631,2025-07-24,2,2,45.81,0.0,2025-08-18,2025-12-01,True,False
CUST-100879,Organic Search,US-South,0.72,2025-07-12,4,4,87.95,0.0,2025-07-16,2025-11-21,True,False
CUST-100880,Organic Search,US-South,0.274,2025-08-21,1,1,18.89,0.0,2025-09-05,2025-09-05,False,True
CUST-100881,Organic Search,US-East,0.16,2025-01-11,2,2,34.96,0.0,2025-01-15,2025-01-20,True,True
CUST-100882,Referral,US-South,0.499,2025-08-25,3,3,59.56,19.32,2025-09-01,2025-12-31,True,False
CUST-100883,Organic Search,US-Midwest,0.95,2025-01-11,11,11,221.2,0.0,2025-01-11,2025-07-14,True,True
CUST-100884,Sponsored Ads,US-South,0.753,2025-07-15,3,3,46.59,0.0,2025-07-23,2025-09-08,True,True
CUST-100885,Sponsored Ads,US-Midwest,0.389,2025-04-15,2,2,51.72,0.0,2025-04-15,2025-08-30,True,True
CUST-100886,Sponsored Ads,US-Midwest,0.585,2025-01-20,5,5,110.88,0.0,2025-01-22,2025-07-28,True,True
CUST-100887,Sponsored Ads,US-Midwest,0.646,2025-07-26,1,1,19.2,0.0,2025-07-31,2025-07-31,False,True
CUST-100888,Sponsored Ads,US-Midwest,0.226,2025-06-15,1,1,30.78,0.0,2025-07-10,2025-07-10,False,True
CUST-100889,Organic Search,US-West,0.774,2025-07-19,2,2,51.92,0.0,2025-07-19,2025-12-01,True,False
CUST-100890,Sponsored Ads,US-West,0.467,2025-04-23,2,2,31.0,0.0,2025-05-04,2025-10-26,True,False
CUST-100891,Referral,US-West,0.482,2025-03-25,6,6,130.05,0.0,2025-04-12,2025-12-09,True,False
CUST-100892,Sponsored Ads,US-West,0.505,2025-07-07,1,1,17.88,0.0,2025-07-28,2025-07-28,False,True
CUST-100893,Sponsored Ads,US-South,0.729,2025-03-06,3,3,47.77,0.0,2025-03-12,2025-04-17,True,True
CUST-100894,External Traffic,US-South,0.349,2025-09-01,1,1,28.42,0.0,2025-10-02,2025-10-02,False,False
CUST-100895,External Traffic,US-East,0.159,2025-07-24,1,1,12.39,0.0,2025-07-24,2025-07-24,False,True
CUST-100896,Sponsored Ads,US-West,0.565,2025-10-27,2,2,31.54,0.0,2025-11-22,2025-12-04,True,False
CUST-100897,Sponsored Ads,US-South,0.091,2025-01-09,2,2,37.95,24.95,2025-01-09,2025-03-17,True,True
CUST-100898,Sponsored Ads,US-East,0.44,2025-06-25,1,1,16.59,0.0,2025-06-28,2025-06-28,False,True
CUST-100899,Organic Search,US-Midwest,0.737,2025-06-17,3,3,70.42,16.18,2025-07-02,2025-09-28,True,True
CUST-100900,Organic Search,US-West,0.616,2025-09-15,2,2,38.18,0.0,2025-10-07,2025-12-02,True,False
CUST-100901,Sponsored Ads,US-East,0.708,2025-05-08,4,4,115.31,0.0,2025-05-14,2025-12-24,True,False
CUST-100902,Sponsored Ads,US-West,0.624,2025-10-08,1,1,16.27,0.0,2025-11-14,2025-11-14,False,False
CUST-100903,Organic Search,US-East,0.95,2025-03-13,6,37,739.51,0.0,2025-03-15,2025-09-15,True,True
CUST-100904,Referral,US-Midwest,0.382,2025-09-14,1,1,25.82,0.0,2025-11-13,2025-11-13,False,False
CUST-100905,Organic Search,US-East,0.58,2025-06-06,2,2,49.97,0.0,2025-07-17,2025-07-22,True,True
CUST-100906,Organic Search,US-East,0.412,2025-10-11,1,1,18.68,0.0,2025-10-14,2025-10-14,False,False
CUST-100907,Sponsored Ads,US-East,0.691,2025-03-07,5,5,113.0,0.0,2025-03-09,2025-12-27,True,False
CUST-100908,Sponsored Ads,US-East,0.488,2025-03-20,4,4,65.84,0.0,2025-04-01,2025-12-21,True,False
CUST-100909,Sponsored Ads,US-South,0.844,2025-06-19,2,2,55.6,33.49,2025-07-10,2025-12-16,True,False
CUST-100910,External Traffic,US-Midwest,0.394,2025-06-15,3,3,83.15,0.0,2025-06-19,2025-12-16,True,False
CUST-100911,External Traffic,US-South,0.781,2025-02-14,8,8,150.1,0.0,2025-02-20,2025-12-12,True,False
CUST-100912,Referral,US-South,0.619,2025-07-15,2,2,46.43,0.0,2025-07-19,2025-10-02,True,False
CUST-100913,Referral,US-East,0.494,2025-05-02,4,4,70.46,0.0,2025-05-04,2025-10-03,True,False
CUST-100914,Referral,US-West,0.608,2025-02-15,2,2,40.3,0.0,2025-02-17,2025-03-13,True,True
CUST-100915,Referral,US-South,0.552,2025-06-03,1,1,22.46,0.0,2025-07-13,2025-07-13,False,True
CUST-100916,Sponsored Ads,US-Midwest,0.571,2025-07-29,2,2,38.76,0.0,2025-11-06,2025-12-09,True,False
CUST-100917,Sponsored Ads,US-South,0.459,2025-01-10,3,3,61.67,0.0,2025-01-10,2025-04-13,True,True
CUST-100918,Sponsored Ads,US-West,0.36,2025-10-04,1,1,23.48,0.0,2025-11-14,2025-11-14,False,False
CUST-100919,Organic Search,US-South,0.433,2025-07-03,1,1,20.71,0.0,2025-08-01,2025-08-01,False,True
CUST-100920,Sponsored Ads,US-Midwest,0.163,2025-03-20,2,2,28.54,0.0,2025-03-27,2025-06-09,True,True
CUST-100921,External Traffic,US-West,0.668,2025-08-14,2,2,46.0,0.0,2025-11-15,2025-11-30,True,False
CUST-100922,Organic Search,US-West,0.253,2025-09-11,1,1,18.03,0.0,2025-10-03,2025-10-03,False,False
CUST-100923,Organic Search,US-South,0.456,2025-10-14,2,2,55.13,25.53,2025-10-27,2025-12-02,True,False
CUST-100924,Sponsored Ads,US-East,0.63,2025-08-26,2,2,42.44,0.0,2025-09-07,2025-12-31,True,False
CUST-100925,Sponsored Ads,US-South,0.668,2025-03-02,1,1,22.39,0.0,2025-03-16,2025-03-16,False,True
CUST-100926,Sponsored Ads,US-South,0.145,2025-02-19,1,1,19.7,0.0,2025-02-23,2025-02-23,False,True
CUST-100927,External Traffic,US-East,0.482,2025-03-04,3,3,54.3,0.0,2025-04-10,2025-09-03,True,True
CUST-100928,Organic Search,US-West,0.592,2025-09-20,3,3,63.77,0.0,2025-10-01,2025-12-09,True,False
CUST-100929,Organic Search,US-South,0.51,2025-04-02,3,3,70.94,0.0,2025-04-04,2025-10-10,True,False
CUST-100930,Sponsored Ads,US-East,0.769,2025-04-10,6,6,115.63,15.03,2025-04-11,2025-12-05,True,False
CUST-100931,Sponsored Ads,US-Midwest,0.336,2025-09-25,2,2,33.21,0.0,2025-11-12,2025-12-11,True,False
CUST-100932,Organic Search,US-East,0.09,2025-03-03,1,1,13.17,0.0,2025-03-17,2025-03-17,False,True
CUST-100933,External Traffic,US-West,0.662,2025-05-03,3,3,66.52,0.0,2025-06-07,2025-09-06,True,True
CUST-100934,External Traffic,US-Midwest,0.393,2025-03-30,1,1,16.06,0.0,2025-04-10,2025-04-10,False,True
CUST-100935,Sponsored Ads,US-South,0.148,2025-04-01,1,1,12.3,0.0,2025-04-04,2025-04-04,False,True
CUST-100936,Referral,US-South,0.468,2025-06-28,2,2,31.76,0.0,2025-08-25,2025-12-02,True,False
CUST-100937,Sponsored Ads,US-Midwest,0.746,2025-08-11,1,1,12.72,0.0,2025-10-06,2025-10-06,False,False
CUST-100938,External Traffic,US-Midwest,0.247,2025-03-21,3,49,1094.69,0.0,2025-03-22,2025-05-20,True,True
CUST-100939,Sponsored Ads,US-Midwest,0.95,2025-01-12,6,45,711.73,0.0,2025-01-12,2025-05-07,True,True
CUST-100940,Sponsored Ads,US-Midwest,0.332,2025-07-11,1,1,12.64,0.0,2025-07-12,2025-07-12,False,True
CUST-100941,External Traffic,US-East,0.517,2025-06-14,2,2,40.58,0.0,2025-06-18,2025-12-21,True,False
CUST-100942,Sponsored Ads,US-West,0.256,2025-07-17,1,1,14.73,0.0,2025-08-05,2025-08-05,False,True
CUST-100943,Organic Search,US-South,0.508,2025-05-16,3,3,47.07,0.0,2025-05-24,2025-12-26,True,False
CUST-100944,Organic Search,US-Midwest,0.473,2025-08-22,1,1,22.09,0.0,2025-10-02,2025-10-02,False,False
CUST-100945,Sponsored Ads,US-Midwest,0.202,2025-07-07,1,1,11.61,0.0,2025-07-12,2025-07-12,False,True
CUST-100946,Organic Search,US-South,0.95,2025-08-16,3,3,62.78,0.0,2025-09-10,2025-10-29,True,False
CUST-100947,External Traffic,US-South,0.401,2025-08-08,1,1,15.36,0.0,2025-08-19,2025-08-19,False,True
CUST-100948,External Traffic,US-South,0.401,2025-05-30,3,3,65.71,0.0,2025-06-18,2025-06-24,True,True
CUST-100949,Sponsored Ads,US-West,0.694,2025-04-08,2,2,27.26,0.0,2025-04-14,2025-08-17,True,True
CUST-100950,Organic Search,US-West,0.863,2025-06-24,4,4,83.45,0.0,2025-06-24,2025-11-01,True,False
CUST-100951,Sponsored Ads,US-West,0.725,2025-07-10,2,2,44.67,0.0,2025-07-26,2025-11-24,True,False
CUST-100952,Sponsored Ads,US-Midwest,0.26,2025-06-21,1,1,17.93,0.0,2025-07-10,2025-07-10,False,True
CUST-100953,Sponsored Ads,US-Midwest,0.543,2025-06-07,3,3,74.54,0.0,2025-08-18,2025-12-29,True,False
CUST-100954,Referral,US-East,0.124,2025-04-13,2,2,34.95,0.0,2025-04-17,2025-12-05,True,False
CUST-100955,External Traffic,US-East,0.68,2025-02-10,3,3,83.28,32.48,2025-02-19,2025-05-05,True,True
CUST-100956,External Traffic,US-East,0.173,2025-05-09,3,3,73.17,33.35,2025-05-17,2025-07-12,True,True
CUST-100957,Organic Search,US-West,0.339,2025-09-22,1,1,34.09,0.0,2025-11-05,2025-11-05,False,False
CUST-100958,Organic Search,US-East,0.499,2025-08-04,1,1,33.54,0.0,2025-08-09,2025-08-09,False,True
CUST-100959,Organic Search,US-East,0.589,2025-08-15,1,1,32.17,0.0,2025-08-17,2025-08-17,False,True
CUST-100960,Organic Search,US-South,0.448,2025-08-10,1,1,20.32,0.0,2025-08-31,2025-08-31,False,True
CUST-100961,Organic Search,US-Midwest,0.804,2025-10-04,1,1,26.2,0.0,2025-11-25,2025-11-25,False,False
CUST-100962,Sponsored Ads,US-West,0.645,2025-03-09,3,3,69.22,0.0,2025-03-16,2025-07-28,True,True
CUST-100963,Sponsored Ads,US-East,0.629,2025-08-05,1,1,20.74,0.0,2025-08-29,2025-08-29,False,True
CUST-100964,Referral,US-Midwest,0.254,2025-01-21,2,2,41.28,0.0,2025-01-21,2025-05-09,True,True
CUST-100965,Organic Search,US-Midwest,0.84,2025-03-15,6,6,94.13,0.0,2025-03-19,2025-12-30,True,False
CUST-100966,Referral,US-Midwest,0.339,2025-01-09,4,4,84.71,0.0,2025-01-09,2025-09-10,True,True
CUST-100967,Sponsored Ads,US-South,0.848,2025-05-10,3,3,51.38,19.8,2025-05-30,2025-08-26,True,True
CUST-100968,Organic Search,US-West,0.904,2025-02-12,7,7,124.63,0.0,2025-02-14,2025-12-13,True,False
CUST-100969,Sponsored Ads,US-Midwest,0.603,2025-04-27,2,2,46.94,0.0,2025-05-21,2025-06-11,True,True
CUST-100970,Sponsored Ads,US-South,0.706,2025-02-10,8,8,167.9,0.0,2025-02-11,2025-09-15,True,True
CUST-100971,Sponsored Ads,US-Midwest,0.02,2025-01-11,1,1,29.71,0.0,2025-01-11,2025-01-11,False,True
CUST-100972,Sponsored Ads,US-Midwest,0.461,2025-05-24,1,1,19.05,0.0,2025-06-10,2025-06-10,False,True
CUST-100973,Referral,US-East,0.72,2025-05-04,4,4,80.01,25.73,2025-05-05,2025-12-31,True,False
CUST-100974,Sponsored Ads,US-West,0.685,2025-05-06,3,3,74.54,0.0,2025-05-09,2025-10-03,True,False
CUST-100975,Organic Search,US-South,0.256,2025-04-14,5,5,89.24,0.0,2025-05-16,2025-12-15,True,False
CUST-100976,Organic Search,US-East,0.441,2025-05-03,2,2,42.49,0.0,2025-05-21,2025-12-19,True,False
CUST-100977,Organic Search,US-West,0.02,2025-01-02,2,2,53.09,30.45,2025-01-04,2025-01-05,True,True
CUST-100978,Organic Search,US-East,0.583,2025-05-24,2,2,42.58,0.0,2025-06-29,2025-07-04,True,True
CUST-100979,Sponsored Ads,US-Midwest,0.123,2025-09-12,1,1,16.17,0.0,2025-11-10,2025-11-10,False,False
CUST-100980,Referral,US-East,0.726,2025-02-11,4,4,88.13,0.0,2025-03-14,2025-12-22,True,False
CUST-100981,External Traffic,US-East,0.737,2025-02-13,4,4,71.85,0.0,2025-03-02,2025-11-07,True,False
CUST-100982,Organic Search,US-South,0.405,2025-08-23,1,58,693.7,0.0,2025-10-06,2025-10-06,False,False
CUST-100983,Organic Search,US-South,0.604,2025-05-31,2,2,57.04,0.0,2025-07-02,2025-12-08,True,False
CUST-100984,Sponsored Ads,US-East,0.457,2025-03-19,7,7,156.62,0.0,2025-04-08,2025-11-25,True,False
CUST-100985,Referral,US-Midwest,0.548,2025-08-24,1,1,15.78,0.0,2025-08-24,2025-08-24,False,True
CUST-100986,Sponsored Ads,US-South,0.271,2025-04-08,3,3,72.42,0.0,2025-05-03,2025-12-16,True,False
CUST-100987,Sponsored Ads,US-West,0.624,2025-07-01,2,2,36.86,0.0,2025-07-02,2025-12-10,True,False
CUST-100988,Sponsored Ads,US-East,0.172,2025-06-16,1,1,32.86,0.0,2025-07-01,2025-07-01,False,True
CUST-100989,External Traffic,US-Midwest,0.134,2025-02-20,3,3,58.44,21.86,2025-03-04,2025-11-07,True,False
CUST-100990,Organic Search,US-West,0.476,2025-08-15,2,2,32.31,19.4,2025-08-30,2025-12-11,True,False
CUST-100991,External Traffic,US-West,0.458,2025-07-05,1,1,15.17,0.0,2025-07-10,2025-07-10,False,True
CUST-100992,External Traffic,US-South,0.554,2025-03-04,3,3,62.63,19.82,2025-03-04,2025-05-06,True,True
CUST-100993,Sponsored Ads,US-East,0.37,2025-08-16,1,1,29.72,0.0,2025-09-10,2025-09-10,False,True
CUST-100994,Referral,US-East,0.877,2025-07-06,6,6,101.68,0.0,2025-08-19,2025-12-06,True,False
CUST-100995,Organic Search,US-East,0.532,2025-09-14,2,2,36.64,0.0,2025-11-08,2025-12-23,True,False
CUST-100996,Organic Search,US-West,0.547,2025-09-04,1,1,15.47,0.0,2025-10-10,2025-10-10,False,False
CUST-100997,Sponsored Ads,US-East,0.539,2025-04-06,3,18,250.69,0.0,2025-04-10,2025-11-13,True,False
CUST-100998,Referral,US-West,0.701,2025-10-09,1,1,27.63,0.0,2025-11-10,2025-11-10,False,False
CUST-100999,Sponsored Ads,US-South,0.615,2025-01-11,6,6,146.08,0.0,2025-01-13,2025-11-07,True,False
CUST-101000,Sponsored Ads,US-South,0.588,2025-04-11,2,2,45.01,0.0,2025-06-25,2025-12-04,True,False
CUST-101001,Organic Search,US-Midwest,0.647,2025-07-02,1,1,18.65,0.0,2025-07-21,2025-07-21,False,True
CUST-101002,Sponsored Ads,US-West,0.135,2025-06-10,1,1,21.45,0.0,2025-06-13,2025-06-13,False,True
CUST-101003,Sponsored Ads,US-East,0.143,2025-03-09,2,2,36.16,0.0,2025-03-23,2025-12-22,True,False
CUST-101004,Organic Search,US-East,0.485,2025-03-01,1,1,21.47,0.0,2025-03-10,2025-03-10,False,True
CUST-101005,Sponsored Ads,US-South,0.46,2025-08-23,1,1,23.2,0.0,2025-09-28,2025-09-28,False,True
CUST-101006,Referral,US-South,0.616,2025-09-20,2,2,40.25,0.0,2025-11-02,2025-11-13,True,False
CUST-101007,Sponsored Ads,US-Midwest,0.504,2025-07-23,3,3,51.42,0.0,2025-07-24,2025-10-16,True,False
CUST-101008,Organic Search,US-Midwest,0.616,2025-06-09,1,1,16.54,0.0,2025-11-03,2025-11-03,False,False
CUST-101009,Organic Search,US-Midwest,0.251,2025-08-20,1,1,30.18,0.0,2025-09-22,2025-09-22,False,True
CUST-101010,Organic Search,US-West,0.498,2025-03-14,2,2,43.41,0.0,2025-03-22,2025-05-21,True,True
CUST-101011,Organic Search,US-West,0.232,2025-10-18,2,2,32.65,0.0,2025-11-22,2025-11-23,True,False
CUST-101012,Organic Search,US-Midwest,0.577,2025-02-07,5,5,101.96,0.0,2025-02-07,2025-12-27,True,False
CUST-101013,Referral,US-Midwest,0.124,2025-06-25,1,1,30.24,0.0,2025-07-15,2025-07-15,False,True
CUST-101014,Sponsored Ads,US-East,0.57,2025-04-13,3,3,44.84,0.0,2025-04-14,2025-12-14,True,False
CUST-101015,Sponsored Ads,US-West,0.206,2025-09-29,1,1,20.43,0.0,2025-10-04,2025-10-04,False,False
CUST-101016,Organic Search,US-South,0.423,2025-03-15,3,3,63.97,0.0,2025-06-13,2025-12-05,True,False
CUST-101017,External Traffic,US-South,0.679,2025-07-12,2,2,44.98,0.0,2025-08-05,2025-09-25,True,True
CUST-101018,Sponsored Ads,US-Midwest,0.545,2025-02-16,4,4,81.48,0.0,2025-02-19,2025-06-06,True,True
CUST-101019,Organic Search,US-South,0.171,2025-02-24,3,3,69.5,0.0,2025-02-26,2025-12-27,True,False
CUST-101020,External Traffic,US-Midwest,0.366,2025-05-05,4,4,101.48,0.0,2025-05-06,2025-12-18,True,False
CUST-101021,Organic Search,US-Midwest,0.2,2025-08-28,2,2,46.59,0.0,2025-08-29,2025-12-10,True,False
CUST-101022,Referral,US-West,0.161,2025-03-25,1,1,12.63,0.0,2025-03-26,2025-03-26,False,True
CUST-101023,Organic Search,US-West,0.524,2025-07-28,3,3,48.32,0.0,2025-08-03,2025-09-30,True,True
CUST-101024,Organic Search,US-Midwest,0.612,2025-06-21,3,3,60.16,0.0,2025-07-02,2025-11-13,True,False
CUST-101025,Sponsored Ads,US-West,0.588,2025-10-21,2,2,38.28,19.34,2025-11-04,2025-12-20,True,False
CUST-101026,Referral,US-West,0.621,2025-04-01,3,3,61.03,0.0,2025-04-07,2025-12-21,True,False
CUST-101027,Sponsored Ads,US-Midwest,0.498,2025-03-15,5,5,141.05,42.59,2025-04-01,2025-07-25,True,True
CUST-101028,Organic Search,US-West,0.445,2025-09-28,1,1,20.53,0.0,2025-10-06,2025-10-06,False,False
CUST-101029,Organic Search,US-West,0.285,2025-04-10,4,4,86.06,11.54,2025-04-27,2025-12-04,True,False
CUST-101030,Organic Search,US-West,0.412,2025-03-06,4,52,848.17,0.0,2025-03-15,2025-12-12,True,False
CUST-101031,Organic Search,US-East,0.236,2025-09-04,1,1,20.52,0.0,2025-09-16,2025-09-16,False,True
CUST-101032,Organic Search,US-South,0.331,2025-09-01,1,1,15.91,0.0,2025-09-14,2025-09-14,False,True
CUST-101033,Referral,US-South,0.518,2025-01-19,3,3,56.45,0.0,2025-01-22,2025-12-04,True,False
CUST-101034,Organic Search,US-Midwest,0.476,2025-09-14,2,2,42.44,0.0,2025-10-14,2025-11-17,True,False
CUST-101035,Organic Search,US-South,0.95,2025-07-09,2,2,46.67,0.0,2025-07-10,2025-12-11,True,False
CUST-101036,Sponsored Ads,US-Midwest,0.231,2025-03-25,2,2,36.9,0.0,2025-03-31,2025-09-06,True,True
CUST-101037,Organic Search,US-West,0.475,2025-06-10,5,5,94.04,0.0,2025-06-26,2025-12-22,True,False
CUST-101038,Organic Search,US-East,0.215,2025-03-13,2,2,54.19,0.0,2025-03-17,2025-07-27,True,True
CUST-101039,Sponsored Ads,US-East,0.422,2025-02-20,4,4,105.88,0.0,2025-03-02,2025-07-14,True,True
CUST-101040,Sponsored Ads,US-West,0.431,2025-02-09,1,1,32.08,0.0,2025-02-11,2025-02-11,False,True
CUST-101041,Organic Search,US-Midwest,0.669,2025-02-19,3,3,63.33,0.0,2025-02-20,2025-07-26,True,True
CUST-101042,Organic Search,US-West,0.41,2025-06-24,4,4,98.07,21.66,2025-07-11,2025-12-11,True,False
CUST-101043,Organic Search,US-East,0.462,2025-09-01,1,1,13.47,0.0,2025-10-02,2025-10-02,False,False
CUST-101044,Sponsored Ads,US-East,0.414,2025-05-26,1,1,24.8,0.0,2025-06-21,2025-06-21,False,True
CUST-101045,Sponsored Ads,US-West,0.22,2025-01-05,3,3,88.28,29.99,2025-01-05,2025-12-17,True,False
CUST-101046,Sponsored Ads,US-Midwest,0.37,2025-05-09,2,2,52.59,0.0,2025-05-29,2025-08-11,True,True
CUST-101047,External Traffic,US-West,0.424,2025-08-13,1,1,18.99,0.0,2025-10-08,2025-10-08,False,False
CUST-101048,External Traffic,US-West,0.515,2025-09-08,1,1,20.18,0.0,2025-11-22,2025-11-22,False,False
CUST-101049,Sponsored Ads,US-East,0.612,2025-08-08,1,1,29.98,0.0,2025-08-19,2025-08-19,False,True
CUST-101050,Organic Search,US-West,0.453,2025-04-21,2,2,37.67,0.0,2025-05-23,2025-12-18,True,False
CUST-101051,Sponsored Ads,US-Midwest,0.45,2025-07-14,1,1,13.56,0.0,2025-07-24,2025-07-24,False,True
CUST-101052,Sponsored Ads,US-West,0.156,2025-01-21,1,1,11.64,0.0,2025-01-22,2025-01-22,False,True
CUST-101053,Sponsored Ads,US-East,0.608,2025-05-03,6,6,135.8,0.0,2025-05-18,2025-12-22,True,False
CUST-101054,Sponsored Ads,US-East,0.361,2025-06-11,2,2,50.89,0.0,2025-06-16,2025-12-08,True,False
CUST-101055,Organic Search,US-West,0.649,2025-01-09,7,7,148.25,0.0,2025-01-09,2025-12-10,True,False
CUST-101056,Referral,US-West,0.763,2025-01-05,10,56,791.56,21.45,2025-01-08,2025-12-24,True,False
CUST-101057,Sponsored Ads,US-South,0.462,2025-08-29,2,45,936.93,0.0,2025-09-04,2025-12-14,True,False
CUST-101058,Organic Search,US-West,0.295,2025-03-08,1,1,19.58,0.0,2025-03-11,2025-03-11,False,True
CUST-101059,Organic Search,US-West,0.497,2025-02-07,6,6,141.51,0.0,2025-02-07,2025-10-22,True,False
CUST-101060,Referral,US-East,0.57,2025-06-27,3,3,63.59,0.0,2025-07-12,2025-12-28,True,False
CUST-101061,Organic Search,US-East,0.437,2025-03-26,2,2,36.04,0.0,2025-04-15,2025-06-19,True,True
CUST-101062,Sponsored Ads,US-East,0.387,2025-10-21,2,2,63.31,33.2,2025-11-10,2025-12-27,True,False
CUST-101063,Organic Search,US-Midwest,0.613,2025-10-12,1,1,19.0,0.0,2025-11-14,2025-11-14,False,False
CUST-101064,Sponsored Ads,US-East,0.6,2025-09-05,3,50,1255.88,0.0,2025-10-10,2025-12-14,True,False
CUST-101065,Referral,US-South,0.431,2025-04-01,3,3,73.67,0.0,2025-04-03,2025-10-11,True,False
CUST-101066,Sponsored Ads,US-Midwest,0.169,2025-09-20,1,1,16.07,0.0,2025-10-06,2025-10-06,False,False
CUST-101067,Organic Search,US-West,0.591,2025-03-18,6,6,127.17,0.0,2025-05-06,2025-12-19,True,False
CUST-101068,Sponsored Ads,US-South,0.347,2025-03-13,1,1,19.52,0.0,2025-03-19,2025-03-19,False,True
CUST-101069,Organic Search,US-East,0.543,2025-10-20,1,1,11.99,0.0,2025-11-11,2025-11-11,False,False
CUST-101070,External Traffic,US-South,0.53,2025-07-22,1,1,12.72,0.0,2025-09-03,2025-09-03,False,True
CUST-101071,Organic Search,US-West,0.122,2025-01-26,3,3,71.9,0.0,2025-01-27,2025-10-29,True,False
CUST-101072,Organic Search,US-East,0.516,2025-09-23,3,3,71.3,0.0,2025-09-30,2025-12-27,True,False
CUST-101073,Referral,US-West,0.603,2025-02-18,4,73,1733.27,20.26,2025-03-06,2025-10-04,True,False
CUST-101074,External Traffic,US-Midwest,0.627,2025-07-24,3,3,64.77,19.25,2025-07-24,2025-09-26,True,True
CUST-101075,Sponsored Ads,US-South,0.523,2025-05-12,2,2,45.74,0.0,2025-05-16,2025-11-20,True,False
CUST-101076,Organic Search,US-West,0.105,2025-01-06,1,1,29.81,0.0,2025-01-06,2025-01-06,False,True
CUST-101077,Organic Search,US-South,0.755,2025-08-25,1,1,13.07,0.0,2025-09-03,2025-09-03,False,True
CUST-101078,Organic Search,US-Midwest,0.582,2025-07-25,3,3,64.62,0.0,2025-08-07,2025-11-17,True,False
CUST-101079,Sponsored Ads,US-South,0.259,2025-09-23,2,2,52.29,0.0,2025-10-06,2025-11-10,True,False
CUST-101080,Sponsored Ads,US-East,0.342,2025-07-03,2,2,45.81,0.0,2025-09-03,2025-09-12,True,True
CUST-101081,Referral,US-Midwest,0.546,2025-08-15,3,3,45.24,0.0,2025-09-04,2025-12-25,True,False
CUST-101082,Referral,US-West,0.636,2025-09-29,1,1,20.8,0.0,2025-11-05,2025-11-05,False,False
CUST-101083,External Traffic,US-West,0.402,2025-10-20,1,1,15.16,0.0,2025-11-17,2025-11-17,False,False
CUST-101084,Referral,US-West,0.665,2025-06-18,2,2,46.69,0.0,2025-06-27,2025-12-26,True,False
CUST-101085,Organic Search,US-Midwest,0.141,2025-01-06,1,1,20.94,0.0,2025-01-06,2025-01-06,False,True
CUST-101086,External Traffic,US-South,0.292,2025-04-14,1,1,19.63,0.0,2025-05-18,2025-05-18,False,True
CUST-101087,External Traffic,US-South,0.087,2025-07-05,1,1,31.97,0.0,2025-07-10,2025-07-10,False,True
CUST-101088,Organic Search,US-South,0.321,2025-02-02,2,2,52.61,0.0,2025-02-06,2025-03-31,True,True
CUST-101089,Organic Search,US-East,0.802,2025-02-04,4,4,83.57,0.0,2025-02-10,2025-06-17,True,True
CUST-101090,Sponsored Ads,US-West,0.912,2025-04-29,3,3,58.94,0.0,2025-04-29,2025-11-10,True,False
CUST-101091,Organic Search,US-Midwest,0.547,2025-10-01,1,1,28.87,0.0,2025-11-06,2025-11-06,False,False
CUST-101092,Sponsored Ads,US-Midwest,0.372,2025-04-07,3,3,53.78,0.0,2025-04-18,2025-10-05,True,False
CUST-101093,Sponsored Ads,US-West,0.456,2025-10-08,1,1,31.34,0.0,2025-10-17,2025-10-17,False,False
CUST-101094,Organic Search,US-West,0.595,2025-08-29,2,2,33.34,0.0,2025-11-10,2025-12-06,True,False
CUST-101095,Organic Search,US-South,0.187,2025-04-01,2,2,55.42,0.0,2025-04-07,2025-05-20,True,True
CUST-101096,Sponsored Ads,US-West,0.386,2025-03-11,4,4,53.39,0.0,2025-03-16,2025-08-30,True,True
CUST-101097,External Traffic,US-South,0.787,2025-09-06,1,1,12.85,0.0,2025-09-13,2025-09-13,False,True
CUST-101098,External Traffic,US-Midwest,0.291,2025-08-15,1,1,14.43,0.0,2025-10-03,2025-10-03,False,False
CUST-101099,Sponsored Ads,US-East,0.35,2025-07-09,2,2,31.32,0.0,2025-09-24,2025-11-13,True,False
CUST-101100,Sponsored Ads,US-East,0.503,2025-10-21,1,1,21.54,0.0,2025-11-20,2025-11-20,False,False
CUST-101101,Sponsored Ads,US-Midwest,0.557,2025-01-31,5,5,97.61,0.0,2025-01-31,2025-05-06,True,True
CUST-101102,External Traffic,US-East,0.375,2025-04-26,3,3,51.58,0.0,2025-05-01,2025-11-14,True,False
CUST-101103,External Traffic,US-West,0.515,2025-06-30,1,1,21.07,0.0,2025-09-09,2025-09-09,False,True
CUST-101104,Sponsored Ads,US-West,0.622,2025-01-22,5,5,93.63,0.0,2025-01-22,2025-12-22,True,False
CUST-101105,External Traffic,US-Midwest,0.892,2025-10-20,1,1,13.11,0.0,2025-11-25,2025-11-25,False,False
CUST-101106,Sponsored Ads,US-Midwest,0.475,2025-06-21,3,3,63.37,0.0,2025-06-24,2025-10-18,True,False
CUST-101107,Sponsored Ads,US-West,0.492,2025-04-03,2,2,51.71,0.0,2025-04-16,2025-09-01,True,True
CUST-101108,Referral,US-Midwest,0.805,2025-03-13,5,5,117.41,0.0,2025-03-14,2025-10-15,True,False
CUST-101109,Sponsored Ads,US-West,0.39,2025-01-01,5,5,102.77,0.0,2025-01-07,2025-12-21,True,False
CUST-101110,Sponsored Ads,US-West,0.235,2025-06-27,1,1,16.21,0.0,2025-11-22,2025-11-22,False,False
CUST-101111,Organic Search,US-East,0.55,2025-10-21,1,1,13.23,0.0,2025-11-18,2025-11-18,False,False
CUST-101112,Organic Search,US-East,0.715,2025-01-11,11,11,252.3,0.0,2025-01-11,2025-11-09,True,False
CUST-101113,Referral,US-Midwest,0.572,2025-05-05,1,1,17.85,0.0,2025-05-14,2025-05-14,False,True
CUST-101114,Referral,US-South,0.481,2025-07-18,1,1,26.89,0.0,2025-08-15,2025-08-15,False,True
CUST-101115,Sponsored Ads,US-West,0.21,2025-05-10,1,1,24.58,0.0,2025-05-14,2025-05-14,False,True
CUST-101116,Sponsored Ads,US-South,0.488,2025-07-15,1,1,12.09,0.0,2025-07-26,2025-07-26,False,True
CUST-101117,External Traffic,US-Midwest,0.747,2025-08-02,1,1,19.73,0.0,2025-08-31,2025-08-31,False,True
CUST-101118,Sponsored Ads,US-South,0.253,2025-10-17,1,1,32.01,0.0,2025-11-28,2025-11-28,False,False
CUST-101119,External Traffic,US-West,0.451,2025-07-01,2,2,40.32,0.0,2025-07-22,2025-09-22,True,True
CUST-101120,Organic Search,US-West,0.423,2025-08-01,2,2,47.9,0.0,2025-08-08,2025-08-18,True,True
CUST-101121,Sponsored Ads,US-East,0.36,2025-04-01,3,3,81.73,0.0,2025-04-16,2025-10-14,True,False
CUST-101122,External Traffic,US-East,0.55,2025-02-15,2,2,62.11,0.0,2025-02-18,2025-03-09,True,True
CUST-101123,Sponsored Ads,US-East,0.589,2025-01-30,8,8,177.78,0.0,2025-02-04,2025-12-15,True,False
CUST-101124,Organic Search,US-West,0.587,2025-02-02,6,6,99.24,0.0,2025-02-14,2025-10-14,True,False
CUST-101125,Organic Search,US-West,0.305,2025-09-06,2,2,39.52,0.0,2025-09-24,2025-12-17,True,False
CUST-101126,Organic Search,US-South,0.171,2025-01-13,1,1,22.56,0.0,2025-01-13,2025-01-13,False,True
CUST-101127,Organic Search,US-Midwest,0.552,2025-05-26,2,2,31.25,0.0,2025-06-13,2025-10-31,True,False
CUST-101128,Organic Search,US-South,0.399,2025-07-04,1,1,18.16,18.16,2025-07-12,2025-07-12,False,True
CUST-101129,Referral,US-East,0.868,2025-07-21,3,3,87.84,0.0,2025-08-22,2025-12-11,True,False
CUST-101130,Referral,US-Midwest,0.877,2025-01-20,6,6,98.37,0.0,2025-01-24,2025-12-01,True,False
CUST-101131,Organic Search,US-South,0.898,2025-09-16,1,1,24.73,0.0,2025-10-22,2025-10-22,False,False
CUST-101132,Sponsored Ads,US-South,0.312,2025-05-12,2,2,32.9,0.0,2025-05-30,2025-12-25,True,False
CUST-101133,Organic Search,US-South,0.614,2025-01-06,11,11,226.08,0.0,2025-01-06,2025-10-22,True,False
CUST-101134,Referral,US-Midwest,0.674,2025-02-09,5,5,109.55,0.0,2025-02-18,2025-07-24,True,True
CUST-101135,Sponsored Ads,US-South,0.652,2025-09-15,3,3,72.14,0.0,2025-10-05,2025-12-31,True,False
CUST-101136,Organic Search,US-South,0.429,2025-10-10,1,1,13.37,0.0,2025-11-07,2025-11-07,False,False
CUST-101137,Organic Search,US-South,0.756,2025-08-14,2,2,50.15,0.0,2025-11-25,2025-12-26,True,False
CUST-101138,Sponsored Ads,US-Midwest,0.5,2025-04-11,5,5,97.67,0.0,2025-04-29,2025-12-29,True,False
CUST-101139,Organic Search,US-Midwest,0.526,2025-10-12,1,1,30.22,0.0,2025-10-23,2025-10-23,False,False
CUST-101140,Sponsored Ads,US-East,0.192,2025-03-24,1,1,19.15,0.0,2025-03-28,2025-03-28,False,True
CUST-101141,External Traffic,US-South,0.629,2025-03-12,3,3,57.04,0.0,2025-04-03,2025-09-01,True,True
CUST-101142,External Traffic,US-West,0.448,2025-08-18,2,2,28.45,0.0,2025-11-13,2025-12-15,True,False
CUST-101143,External Traffic,US-South,0.593,2025-04-07,4,4,98.64,0.0,2025-04-11,2025-12-16,True,False
CUST-101144,Organic Search,US-Midwest,0.547,2025-06-05,2,2,50.99,0.0,2025-06-22,2025-11-16,True,False
CUST-101145,Sponsored Ads,US-South,0.536,2025-07-18,2,29,888.68,0.0,2025-09-28,2025-11-15,True,False
CUST-101146,Organic Search,US-East,0.491,2025-02-19,1,1,15.54,0.0,2025-02-19,2025-02-19,False,True
CUST-101147,External Traffic,US-South,0.657,2025-10-05,2,2,53.12,34.09,2025-10-26,2025-11-02,True,False
CUST-101148,Organic Search,US-East,0.46,2025-02-19,2,2,43.74,0.0,2025-02-28,2025-05-11,True,True
CUST-101149,External Traffic,US-East,0.209,2025-10-25,3,41,1377.36,0.0,2025-11-10,2025-12-20,True,False
CUST-101150,Sponsored Ads,US-West,0.614,2025-03-25,2,2,26.27,0.0,2025-03-31,2025-06-07,True,True
CUST-101151,External Traffic,US-South,0.338,2025-05-06,1,1,19.37,0.0,2025-05-17,2025-05-17,False,True
CUST-101152,Sponsored Ads,US-West,0.235,2025-03-17,2,2,36.51,0.0,2025-04-07,2025-11-18,True,False
CUST-101153,Sponsored Ads,US-East,0.296,2025-06-11,4,4,77.84,0.0,2025-06-25,2025-11-26,True,False
CUST-101154,Organic Search,US-Midwest,0.557,2025-01-01,9,9,195.45,32.79,2025-01-02,2025-10-27,True,False
CUST-101155,Sponsored Ads,US-Midwest,0.481,2025-02-21,4,4,81.27,0.0,2025-02-25,2025-11-12,True,False
CUST-101156,Sponsored Ads,US-East,0.073,2025-06-05,1,1,16.55,0.0,2025-06-14,2025-06-14,False,True
CUST-101157,Sponsored Ads,US-Midwest,0.423,2025-07-28,2,2,43.22,0.0,2025-08-07,2025-09-30,True,True
CUST-101158,Organic Search,US-West,0.734,2025-10-16,2,2,45.03,0.0,2025-10-29,2025-12-12,True,False
CUST-101159,External Traffic,US-Midwest,0.41,2025-09-09,1,1,30.84,0.0,2025-11-11,2025-11-11,False,False
CUST-101160,Sponsored Ads,US-East,0.467,2025-10-04,2,2,59.77,0.0,2025-10-31,2025-12-20,True,False
CUST-101161,Organic Search,US-Midwest,0.709,2025-08-28,1,1,11.58,0.0,2025-09-26,2025-09-26,False,True
CUST-101162,External Traffic,US-Midwest,0.659,2025-08-21,1,1,12.93,0.0,2025-09-06,2025-09-06,False,True
CUST-101163,Sponsored Ads,US-South,0.704,2025-04-14,3,3,56.99,14.76,2025-04-17,2025-12-22,True,False
CUST-101164,Sponsored Ads,US-South,0.02,2025-09-29,1,1,31.02,0.0,2025-10-21,2025-10-21,False,False
CUST-101165,External Traffic,US-South,0.847,2025-10-16,2,2,36.72,21.41,2025-11-23,2025-12-19,True,False
CUST-101166,External Traffic,US-West,0.627,2025-06-04,3,3,63.73,0.0,2025-06-23,2025-11-28,True,False
CUST-101167,Organic Search,US-West,0.95,2025-02-06,6,6,128.75,0.0,2025-02-07,2025-11-21,True,False
CUST-101168,External Traffic,US-East,0.344,2025-01-13,3,3,48.94,0.0,2025-01-27,2025-04-19,True,True
CUST-101169,Sponsored Ads,US-East,0.147,2025-05-29,3,3,75.45,0.0,2025-05-30,2025-10-15,True,False
CUST-101170,Sponsored Ads,US-South,0.501,2025-07-10,2,2,50.73,0.0,2025-08-15,2025-11-30,True,False
CUST-101171,Organic Search,US-East,0.445,2025-06-16,1,1,25.09,0.0,2025-06-18,2025-06-18,False,True
CUST-101172,Sponsored Ads,US-South,0.631,2025-09-26,2,2,42.98,0.0,2025-10-01,2025-12-07,True,False
CUST-101173,External Traffic,US-West,0.715,2025-06-10,1,1,22.32,0.0,2025-06-11,2025-06-11,False,True
CUST-101174,Organic Search,US-West,0.483,2025-07-18,4,4,86.7,0.0,2025-08-10,2025-12-21,True,False
CUST-101175,External Traffic,US-Midwest,0.452,2025-08-16,1,1,20.43,20.43,2025-08-27,2025-08-27,False,True
CUST-101176,Organic Search,US-Midwest,0.605,2025-09-26,1,1,12.02,0.0,2025-09-28,2025-09-28,False,True
CUST-101177,Sponsored Ads,US-Midwest,0.449,2025-07-02,2,2,43.73,0.0,2025-08-30,2025-10-12,True,False
CUST-101178,Sponsored Ads,US-East,0.432,2025-06-17,1,1,14.93,0.0,2025-06-28,2025-06-28,False,True
CUST-101179,Sponsored Ads,US-South,0.707,2025-01-24,2,25,457.97,445.31,2025-01-30,2025-04-14,True,True
CUST-101180,External Traffic,US-South,0.752,2025-07-12,1,1,29.65,0.0,2025-07-30,2025-07-30,False,True
CUST-101181,Sponsored Ads,US-East,0.717,2025-02-23,5,5,97.13,0.0,2025-02-24,2025-11-10,True,False
CUST-101182,Sponsored Ads,US-South,0.466,2025-04-21,2,2,54.7,0.0,2025-05-16,2025-12-10,True,False
CUST-101183,Sponsored Ads,US-South,0.072,2025-06-09,3,3,46.35,0.0,2025-06-26,2025-11-06,True,False
CUST-101184,Sponsored Ads,US-East,0.47,2025-01-25,5,5,96.67,0.0,2025-01-25,2025-11-24,True,False
CUST-101185,External Traffic,US-East,0.348,2025-07-28,1,1,15.49,0.0,2025-08-20,2025-08-20,False,True
CUST-101186,Sponsored Ads,US-East,0.474,2025-03-26,3,31,628.94,15.32,2025-04-02,2025-07-21,True,True
CUST-101187,Referral,US-Midwest,0.366,2025-06-04,2,2,49.23,0.0,2025-06-10,2025-09-28,True,True
CUST-101188,Sponsored Ads,US-Midwest,0.496,2025-04-16,3,3,60.52,0.0,2025-04-27,2025-10-06,True,False
CUST-101189,Organic Search,US-Midwest,0.292,2025-04-17,2,2,59.62,0.0,2025-04-24,2025-08-18,True,True
CUST-101190,Organic Search,US-Midwest,0.244,2025-04-29,3,3,85.2,0.0,2025-05-11,2025-07-17,True,True
CUST-101191,Sponsored Ads,US-East,0.745,2025-01-16,10,54,1535.05,78.42,2025-01-17,2025-12-27,True,False
CUST-101192,External Traffic,US-Midwest,0.306,2025-02-28,1,1,30.98,0.0,2025-03-15,2025-03-15,False,True
CUST-101193,Referral,US-West,0.5,2025-08-24,2,2,44.6,0.0,2025-10-07,2025-11-05,True,False
CUST-101194,External Traffic,US-Midwest,0.691,2025-02-06,5,5,113.31,0.0,2025-02-06,2025-09-01,True,True
CUST-101195,Sponsored Ads,US-East,0.683,2025-05-30,3,3,86.71,0.0,2025-06-02,2025-09-28,True,True
CUST-101196,Sponsored Ads,US-East,0.659,2025-02-12,6,6,111.91,0.0,2025-02-16,2025-04-29,True,True
CUST-101197,Organic Search,US-West,0.561,2025-06-11,1,1,20.87,0.0,2025-08-24,2025-08-24,False,True
CUST-101198,Sponsored Ads,US-West,0.645,2025-07-13,2,2,42.79,0.0,2025-08-06,2025-08-13,True,True
CUST-101199,Organic Search,US-East,0.775,2025-05-21,4,4,88.79,28.9,2025-05-29,2025-07-03,True,True
CUST-101200,Organic Search,US-South,0.585,2025-08-20,2,2,27.69,0.0,2025-09-30,2025-12-04,True,False
CUST-101201,Organic Search,US-West,0.133,2025-03-21,1,1,29.95,0.0,2025-04-04,2025-04-04,False,True
CUST-101202,External Traffic,US-Midwest,0.394,2025-06-17,1,1,25.69,0.0,2025-06-20,2025-06-20,False,True
CUST-101203,Organic Search,US-West,0.639,2025-03-24,4,4,99.71,0.0,2025-04-25,2025-12-23,True,False
CUST-101204,Sponsored Ads,US-Midwest,0.375,2025-06-02,1,1,17.9,17.9,2025-08-02,2025-08-02,False,True
CUST-101205,Sponsored Ads,US-East,0.824,2025-01-20,7,43,709.6,0.0,2025-01-26,2025-12-30,True,False
CUST-101206,Organic Search,US-East,0.487,2025-03-22,1,1,20.74,0.0,2025-03-29,2025-03-29,False,True
CUST-101207,Organic Search,US-West,0.517,2025-08-01,1,1,32.34,0.0,2025-08-08,2025-08-08,False,True
CUST-101208,Sponsored Ads,US-Midwest,0.725,2025-08-22,2,43,821.9,0.0,2025-11-15,2025-12-26,True,False
CUST-101209,Organic Search,US-South,0.463,2025-03-23,2,2,24.81,0.0,2025-04-09,2025-09-24,True,True
CUST-101210,External Traffic,US-West,0.535,2025-03-19,4,4,101.55,0.0,2025-03-19,2025-05-20,True,True
CUST-101211,External Traffic,US-West,0.68,2025-03-31,6,6,151.25,24.85,2025-04-06,2025-11-30,True,False
CUST-101212,Organic Search,US-South,0.206,2025-03-25,2,2,38.64,0.0,2025-04-04,2025-06-28,True,True
CUST-101213,Sponsored Ads,US-Midwest,0.443,2025-10-26,1,1,15.28,0.0,2025-11-14,2025-11-14,False,False
CUST-101214,Sponsored Ads,US-West,0.666,2025-07-15,4,4,90.32,42.1,2025-07-22,2025-12-23,True,False
CUST-101215,Organic Search,US-West,0.513,2025-04-26,5,5,85.18,12.58,2025-04-28,2025-12-08,True,False
CUST-101216,Sponsored Ads,US-South,0.793,2025-05-19,4,4,66.37,0.0,2025-05-21,2025-11-03,True,False
CUST-101217,Organic Search,US-West,0.185,2025-06-03,2,2,64.51,0.0,2025-06-06,2025-12-10,True,False
CUST-101218,Organic Search,US-East,0.162,2025-06-15,3,3,66.79,0.0,2025-06-30,2025-07-18,True,True
CUST-101219,Sponsored Ads,US-West,0.654,2025-04-26,3,3,64.84,0.0,2025-04-28,2025-10-18,True,False
CUST-101220,Sponsored Ads,US-East,0.673,2025-10-20,1,1,22.74,0.0,2025-10-26,2025-10-26,False,False
CUST-101221,Sponsored Ads,US-South,0.461,2025-03-29,6,61,801.04,0.0,2025-04-01,2025-11-02,True,False
CUST-101222,External Traffic,US-East,0.58,2025-05-09,2,2,51.58,0.0,2025-05-19,2025-07-03,True,True
CUST-101223,Organic Search,US-East,0.649,2025-01-02,10,10,236.37,42.3,2025-01-02,2025-10-01,True,True
CUST-101224,Sponsored Ads,US-East,0.337,2025-05-28,2,2,26.24,0.0,2025-06-14,2025-12-03,True,False
CUST-101225,External Traffic,US-South,0.359,2025-09-14,1,1,30.64,0.0,2025-10-01,2025-10-01,False,True
CUST-101226,Organic Search,US-West,0.538,2025-10-27,2,2,39.4,0.0,2025-11-06,2025-12-19,True,False
CUST-101227,Organic Search,US-West,0.681,2025-05-22,6,6,136.29,20.15,2025-05-22,2025-11-22,True,False
CUST-101228,Referral,US-West,0.267,2025-02-11,4,4,62.44,0.0,2025-02-28,2025-07-05,True,True
CUST-101229,Sponsored Ads,US-Midwest,0.46,2025-08-04,4,4,99.26,0.0,2025-08-06,2025-12-27,True,False
CUST-101230,Sponsored Ads,US-South,0.451,2025-07-12,1,1,11.41,0.0,2025-08-12,2025-08-12,False,True
CUST-101231,Organic Search,US-West,0.584,2025-10-15,1,1,14.89,0.0,2025-11-29,2025-11-29,False,False
CUST-101232,Sponsored Ads,US-East,0.498,2025-06-01,1,1,20.44,0.0,2025-08-07,2025-08-07,False,True
CUST-101233,Organic Search,US-East,0.391,2025-01-01,3,3,81.98,0.0,2025-01-01,2025-04-02,True,True
CUST-101234,Sponsored Ads,US-West,0.75,2025-09-28,3,3,75.96,0.0,2025-11-01,2025-12-13,True,False
CUST-101235,Sponsored Ads,US-Midwest,0.392,2025-07-22,2,2,42.42,0.0,2025-11-06,2025-11-29,True,False
CUST-101236,Sponsored Ads,US-Midwest,0.442,2025-08-29,2,2,51.81,30.78,2025-09-27,2025-12-09,True,False
CUST-101237,Organic Search,US-West,0.182,2025-02-05,1,1,33.97,0.0,2025-02-05,2025-02-05,False,True
CUST-101238,Sponsored Ads,US-West,0.357,2025-05-18,2,2,37.04,0.0,2025-05-19,2025-09-11,True,True
CUST-101239,Sponsored Ads,US-East,0.603,2025-05-18,1,1,13.46,0.0,2025-05-26,2025-05-26,False,True
CUST-101240,External Traffic,US-South,0.564,2025-03-22,5,5,107.95,0.0,2025-03-30,2025-10-05,True,False
CUST-101241,Sponsored Ads,US-Midwest,0.62,2025-09-12,1,1,19.45,0.0,2025-11-03,2025-11-03,False,False
CUST-101242,Sponsored Ads,US-East,0.61,2025-02-26,6,6,126.02,0.0,2025-02-28,2025-08-01,True,True
CUST-101243,Sponsored Ads,US-East,0.918,2025-01-22,7,57,1147.98,15.41,2025-01-26,2025-12-09,True,False
CUST-101244,Sponsored Ads,US-West,0.35,2025-03-12,2,2,43.81,0.0,2025-03-26,2025-09-23,True,True
CUST-101245,Sponsored Ads,US-West,0.176,2025-10-24,2,2,46.63,0.0,2025-11-13,2025-11-17,True,False
CUST-101246,Organic Search,US-West,0.29,2025-02-04,3,3,49.92,0.0,2025-02-12,2025-11-26,True,False
CUST-101247,Sponsored Ads,US-East,0.359,2025-06-24,2,2,37.66,0.0,2025-06-27,2025-07-21,True,True
CUST-101248,External Traffic,US-South,0.305,2025-02-24,3,44,550.38,0.0,2025-03-02,2025-12-20,True,False
CUST-101249,Referral,US-West,0.519,2025-04-29,2,2,44.42,0.0,2025-04-29,2025-06-04,True,True
CUST-101250,Sponsored Ads,US-West,0.751,2025-06-15,1,1,21.47,0.0,2025-09-24,2025-09-24,False,True
CUST-101251,Sponsored Ads,US-Midwest,0.808,2025-01-06,7,7,128.89,0.0,2025-01-08,2025-05-03,True,True
CUST-101252,Sponsored Ads,US-Midwest,0.601,2025-03-14,4,4,70.93,0.0,2025-04-14,2025-10-16,True,False
CUST-101253,Organic Search,US-South,0.928,2025-06-26,3,3,49.73,0.0,2025-06-29,2025-10-20,True,False
CUST-101254,Sponsored Ads,US-South,0.429,2025-01-05,4,4,66.26,0.0,2025-01-05,2025-11-21,True,False
CUST-101255,External Traffic,US-South,0.173,2025-05-29,1,1,30.41,0.0,2025-05-30,2025-05-30,False,True
CUST-101256,External Traffic,US-East,0.711,2025-07-01,3,3,51.38,0.0,2025-07-10,2025-12-14,True,False
CUST-101257,External Traffic,US-West,0.132,2025-03-06,1,1,19.66,0.0,2025-04-08,2025-04-08,False,True
CUST-101258,Organic Search,US-East,0.349,2025-02-18,2,2,42.88,0.0,2025-02-25,2025-06-03,True,True
CUST-101259,Referral,US-South,0.604,2025-05-28,1,1,32.69,0.0,2025-08-28,2025-08-28,False,True
CUST-101260,Sponsored Ads,US-South,0.48,2025-08-04,1,1,21.88,0.0,2025-08-08,2025-08-08,False,True
CUST-101261,Organic Search,US-South,0.462,2025-01-04,7,7,168.49,0.0,2025-01-04,2025-12-17,True,False
CUST-101262,Sponsored Ads,US-South,0.264,2025-04-12,1,1,33.94,0.0,2025-05-10,2025-05-10,False,True
CUST-101263,Referral,US-West,0.498,2025-10-27,3,3,62.47,0.0,2025-11-14,2025-12-26,True,False
CUST-101264,Organic Search,US-South,0.701,2025-04-11,4,4,88.37,0.0,2025-04-11,2025-11-05,True,False
CUST-101265,External Traffic,US-Midwest,0.504,2025-04-10,5,5,98.75,0.0,2025-04-16,2025-12-31,True,False
CUST-101266,Sponsored Ads,US-South,0.334,2025-08-10,2,2,43.46,0.0,2025-08-12,2025-10-08,True,False
CUST-101267,Referral,US-South,0.25,2025-05-25,1,1,19.59,0.0,2025-06-27,2025-06-27,False,True
CUST-101268,Organic Search,US-West,0.338,2025-04-28,2,2,44.08,0.0,2025-05-07,2025-11-01,True,False
CUST-101269,Organic Search,US-Midwest,0.578,2025-08-24,3,3,74.41,13.62,2025-09-15,2025-12-03,True,False
CUST-101270,Referral,US-East,0.569,2025-01-10,5,5,81.56,20.34,2025-01-10,2025-12-24,True,False
CUST-101271,Sponsored Ads,US-East,0.34,2025-08-02,2,2,60.04,0.0,2025-08-11,2025-09-08,True,True
CUST-101272,Sponsored Ads,US-East,0.058,2025-04-25,1,1,29.52,0.0,2025-05-24,2025-05-24,False,True
CUST-101273,Organic Search,US-West,0.584,2025-09-24,1,1,19.62,0.0,2025-10-14,2025-10-14,False,False
CUST-101274,Sponsored Ads,US-Midwest,0.32,2025-08-06,2,45,644.98,0.0,2025-10-04,2025-12-14,True,False
CUST-101275,Sponsored Ads,US-South,0.638,2025-10-10,1,1,15.81,0.0,2025-10-22,2025-10-22,False,False
CUST-101276,Sponsored Ads,US-East,0.349,2025-02-08,3,3,57.87,0.0,2025-02-11,2025-09-20,True,True
CUST-101277,Sponsored Ads,US-Midwest,0.302,2025-02-26,2,2,45.65,0.0,2025-02-26,2025-10-05,True,False
CUST-101278,External Traffic,US-West,0.531,2025-09-28,2,2,40.23,0.0,2025-11-01,2025-11-16,True,False
CUST-101279,Organic Search,US-East,0.95,2025-04-28,4,4,105.83,0.0,2025-05-13,2025-05-25,True,True
CUST-101280,Sponsored Ads,US-South,0.65,2025-09-02,2,2,62.84,0.0,2025-10-31,2025-12-21,True,False
CUST-101281,Organic Search,US-West,0.527,2025-07-26,1,1,31.09,0.0,2025-10-21,2025-10-21,False,False
CUST-101282,Organic Search,US-South,0.572,2025-05-30,1,1,19.47,0.0,2025-06-02,2025-06-02,False,True
CUST-101283,Organic Search,US-Midwest,0.15,2025-01-14,2,2,47.38,0.0,2025-01-14,2025-03-30,True,True
CUST-101284,Referral,US-South,0.276,2025-01-23,4,4,75.62,0.0,2025-01-25,2025-06-14,True,True
CUST-101285,Referral,US-West,0.02,2025-08-04,1,1,20.35,0.0,2025-08-14,2025-08-14,False,True
CUST-101286,Sponsored Ads,US-South,0.846,2025-01-30,5,43,1042.26,989.24,2025-02-13,2025-12-31,True,False
CUST-101287,Sponsored Ads,US-East,0.805,2025-01-02,11,11,249.47,0.0,2025-01-02,2025-08-04,True,True
CUST-101288,Organic Search,US-South,0.579,2025-03-07,1,1,28.7,0.0,2025-03-11,2025-03-11,False,True
CUST-101289,Organic Search,US-South,0.527,2025-10-02,1,1,28.99,0.0,2025-10-11,2025-10-11,False,False
CUST-101290,Organic Search,US-West,0.19,2025-07-07,3,3,57.17,0.0,2025-07-29,2025-12-26,True,False
CUST-101291,Organic Search,US-West,0.456,2025-08-04,1,1,13.83,0.0,2025-08-26,2025-08-26,False,True
CUST-101292,Organic Search,US-West,0.858,2025-07-15,1,1,19.7,0.0,2025-09-03,2025-09-03,False,True
CUST-101293,Sponsored Ads,US-West,0.526,2025-06-19,1,1,21.89,0.0,2025-07-29,2025-07-29,False,True
CUST-101294,Sponsored Ads,US-East,0.387,2025-03-18,3,3,59.19,0.0,2025-03-21,2025-11-17,True,False
CUST-101295,Sponsored Ads,US-West,0.148,2025-05-09,1,1,12.69,0.0,2025-05-15,2025-05-15,False,True
CUST-101296,Sponsored Ads,US-Midwest,0.776,2025-06-13,5,5,117.12,0.0,2025-06-17,2025-12-08,True,False
CUST-101297,Sponsored Ads,US-Midwest,0.486,2025-10-24,1,1,21.67,0.0,2025-11-05,2025-11-05,False,False
CUST-101298,Organic Search,US-West,0.149,2025-09-27,1,1,22.5,0.0,2025-10-09,2025-10-09,False,False
CUST-101299,Sponsored Ads,US-East,0.315,2025-08-09,1,1,24.69,0.0,2025-10-31,2025-10-31,False,False
CUST-101300,Sponsored Ads,US-South,0.244,2025-09-01,1,1,12.32,0.0,2025-09-15,2025-09-15,False,True
CUST-101301,Organic Search,US-South,0.474,2025-08-31,1,1,32.28,0.0,2025-11-07,2025-11-07,False,False
CUST-101302,External Traffic,US-South,0.541,2025-07-20,2,2,52.21,0.0,2025-09-02,2025-12-03,True,False
CUST-101303,Sponsored Ads,US-Midwest,0.399,2025-09-05,1,1,20.57,0.0,2025-09-16,2025-09-16,False,True
CUST-101304,External Traffic,US-South,0.655,2025-01-22,9,9,232.07,24.82,2025-01-22,2025-12-01,True,False
CUST-101305,Referral,US-South,0.516,2025-01-07,8,8,165.37,30.82,2025-01-07,2025-11-19,True,False
CUST-101306,Organic Search,US-South,0.712,2025-05-14,2,2,54.45,0.0,2025-05-24,2025-11-19,True,False
CUST-101307,Organic Search,US-South,0.429,2025-01-17,4,4,72.61,0.0,2025-01-26,2025-03-24,True,True
CUST-101308,Sponsored Ads,US-East,0.95,2025-04-12,3,3,45.26,0.0,2025-04-18,2025-12-05,True,False
CUST-101309,Referral,US-South,0.387,2025-03-01,2,2,24.87,0.0,2025-03-18,2025-10-13,True,False
CUST-101310,Sponsored Ads,US-Midwest,0.319,2025-10-15,1,1,18.2,0.0,2025-10-17,2025-10-17,False,False
CUST-101311,Referral,US-East,0.295,2025-07-16,3,3,76.68,28.43,2025-07-17,2025-08-12,True,True
CUST-101312,Organic Search,US-West,0.458,2025-01-13,5,28,869.55,33.63,2025-01-16,2025-11-22,True,False
CUST-101313,Sponsored Ads,US-South,0.156,2025-07-07,2,2,48.45,0.0,2025-07-08,2025-11-13,True,False
CUST-101314,Sponsored Ads,US-Midwest,0.559,2025-08-08,1,1,16.47,0.0,2025-09-30,2025-09-30,False,True
CUST-101315,Organic Search,US-Midwest,0.119,2025-04-08,2,2,54.89,0.0,2025-04-18,2025-09-19,True,True
CUST-101316,Organic Search,US-South,0.532,2025-09-22,1,1,13.48,0.0,2025-09-28,2025-09-28,False,True
CUST-101317,Sponsored Ads,US-Midwest,0.23,2025-10-19,1,1,20.66,0.0,2025-11-07,2025-11-07,False,False
CUST-101318,Organic Search,US-East,0.424,2025-10-22,1,1,24.66,0.0,2025-10-27,2025-10-27,False,False
CUST-101319,External Traffic,US-East,0.621,2025-01-28,6,6,109.35,0.0,2025-01-29,2025-12-31,True,False
CUST-101320,Organic Search,US-East,0.95,2025-05-15,2,2,53.22,0.0,2025-05-25,2025-07-01,True,True
CUST-101321,Organic Search,US-East,0.284,2025-08-22,1,1,15.96,0.0,2025-11-19,2025-11-19,False,False
CUST-101322,Sponsored Ads,US-South,0.47,2025-05-13,3,3,63.31,0.0,2025-05-17,2025-12-28,True,False
CUST-101323,External Traffic,US-Midwest,0.355,2025-05-25,2,2,25.03,11.79,2025-05-30,2025-11-08,True,False
CUST-101324,Sponsored Ads,US-East,0.326,2025-04-09,2,2,45.45,0.0,2025-04-11,2025-12-31,True,False
CUST-101325,External Traffic,US-West,0.357,2025-05-06,2,2,48.53,0.0,2025-05-24,2025-11-29,True,False
CUST-101326,Sponsored Ads,US-Midwest,0.665,2025-07-28,4,4,93.64,0.0,2025-08-13,2025-12-31,True,False
CUST-101327,Organic Search,US-Midwest,0.402,2025-01-08,4,4,88.74,0.0,2025-01-08,2025-12-11,True,False
CUST-101328,Sponsored Ads,US-Midwest,0.95,2025-08-28,3,42,1276.93,0.0,2025-09-10,2025-12-20,True,False
CUST-101329,Sponsored Ads,US-East,0.583,2025-08-07,2,2,38.99,0.0,2025-08-22,2025-12-09,True,False
CUST-101330,External Traffic,US-South,0.298,2025-02-11,2,2,29.01,0.0,2025-02-13,2025-08-13,True,True
CUST-101331,Organic Search,US-South,0.427,2025-08-20,2,2,33.27,0.0,2025-08-24,2025-12-26,True,False
CUST-101332,Organic Search,US-Midwest,0.34,2025-06-06,2,2,41.15,0.0,2025-06-12,2025-12-13,True,False
CUST-101333,Referral,US-Midwest,0.66,2025-04-06,1,1,15.92,0.0,2025-04-22,2025-04-22,False,True
CUST-101334,Referral,US-Midwest,0.172,2025-05-17,1,1,13.35,0.0,2025-05-18,2025-05-18,False,True
CUST-101335,External Traffic,US-East,0.232,2025-06-05,1,1,21.21,0.0,2025-06-08,2025-06-08,False,True
CUST-101336,Sponsored Ads,US-West,0.382,2025-03-05,2,2,43.95,0.0,2025-03-19,2025-05-23,True,True
CUST-101337,Organic Search,US-West,0.637,2025-07-01,1,1,17.96,0.0,2025-07-01,2025-07-01,False,True
CUST-101338,External Traffic,US-Midwest,0.747,2025-07-08,3,18,455.95,0.0,2025-07-08,2025-12-21,True,False
CUST-101339,Sponsored Ads,US-Midwest,0.776,2025-04-21,2,2,54.64,25.54,2025-04-25,2025-05-20,True,True
CUST-101340,Sponsored Ads,US-West,0.606,2025-05-19,4,4,94.53,20.37,2025-06-22,2025-12-12,True,False
CUST-101341,External Traffic,US-East,0.483,2025-07-04,4,4,61.99,0.0,2025-07-10,2025-12-11,True,False
CUST-101342,Organic Search,US-West,0.659,2025-06-01,3,3,88.89,34.05,2025-06-29,2025-12-20,True,False
CUST-101343,Organic Search,US-East,0.271,2025-05-11,3,3,81.07,0.0,2025-05-31,2025-12-02,True,False
CUST-101344,Referral,US-South,0.131,2025-10-14,1,1,15.74,0.0,2025-10-26,2025-10-26,False,False
CUST-101345,Organic Search,US-South,0.587,2025-09-21,2,2,34.59,0.0,2025-10-23,2025-12-10,True,False
CUST-101346,Organic Search,US-East,0.299,2025-04-24,3,32,489.41,0.0,2025-05-08,2025-11-19,True,False
CUST-101347,Sponsored Ads,US-East,0.487,2025-08-04,2,2,45.51,0.0,2025-08-31,2025-12-11,True,False
CUST-101348,Organic Search,US-South,0.524,2025-09-01,1,1,19.17,0.0,2025-09-14,2025-09-14,False,True
CUST-101349,Sponsored Ads,US-South,0.55,2025-02-03,12,12,236.34,13.43,2025-02-03,2025-12-14,True,False
CUST-101350,External Traffic,US-West,0.688,2025-06-27,3,3,64.6,20.44,2025-06-27,2025-11-09,True,False
CUST-101351,External Traffic,US-West,0.666,2025-08-28,1,1,20.94,0.0,2025-10-03,2025-10-03,False,False
CUST-101352,Sponsored Ads,US-East,0.539,2025-01-18,5,5,112.0,30.25,2025-01-20,2025-04-02,True,True
CUST-101353,Sponsored Ads,US-East,0.412,2025-04-12,4,4,74.64,17.84,2025-04-17,2025-12-17,True,False
CUST-101354,External Traffic,US-Midwest,0.522,2025-08-28,2,2,41.16,0.0,2025-09-06,2025-12-06,True,False
CUST-101355,Sponsored Ads,US-Midwest,0.381,2025-10-08,1,1,25.76,0.0,2025-10-18,2025-10-18,False,False
CUST-101356,Organic Search,US-South,0.461,2025-10-25,1,1,23.98,0.0,2025-10-28,2025-10-28,False,False
CUST-101357,Organic Search,US-West,0.95,2025-07-01,5,5,118.03,0.0,2025-09-20,2025-12-26,True,False
CUST-101358,Organic Search,US-West,0.536,2025-01-13,5,5,142.39,0.0,2025-01-13,2025-07-19,True,True
CUST-101359,Sponsored Ads,US-East,0.59,2025-01-09,3,3,59.83,13.09,2025-01-09,2025-08-30,True,True
CUST-101360,Organic Search,US-South,0.359,2025-09-01,2,2,31.95,0.0,2025-09-24,2025-12-06,True,False
CUST-101361,Sponsored Ads,US-South,0.704,2025-08-09,4,4,93.83,13.47,2025-08-12,2025-12-25,True,False
CUST-101362,Organic Search,US-West,0.652,2025-02-28,4,4,79.35,23.82,2025-03-08,2025-09-20,True,True
CUST-101363,Sponsored Ads,US-Midwest,0.653,2025-02-09,6,6,144.21,20.01,2025-02-18,2025-12-12,True,False
CUST-101364,Organic Search,US-East,0.543,2025-02-13,9,9,167.18,18.53,2025-02-18,2025-11-17,True,False
CUST-101365,Organic Search,US-South,0.707,2025-09-21,2,2,48.25,0.0,2025-10-01,2025-12-18,True,False
CUST-101366,Sponsored Ads,US-West,0.754,2025-08-18,1,1,12.71,0.0,2025-09-23,2025-09-23,False,True
CUST-101367,Sponsored Ads,US-Midwest,0.557,2025-10-12,1,1,18.74,0.0,2025-10-13,2025-10-13,False,False
CUST-101368,Sponsored Ads,US-South,0.477,2025-02-04,4,4,87.64,0.0,2025-02-08,2025-05-23,True,True
CUST-101369,Sponsored Ads,US-West,0.679,2025-07-28,2,2,52.96,0.0,2025-08-22,2025-10-25,True,False
CUST-101370,Sponsored Ads,US-East,0.319,2025-10-05,2,2,48.54,0.0,2025-10-08,2025-10-16,True,False
CUST-101371,Referral,US-East,0.356,2025-06-09,1,1,12.67,0.0,2025-06-23,2025-06-23,False,True
CUST-101372,Organic Search,US-West,0.489,2025-08-21,1,1,12.9,0.0,2025-09-25,2025-09-25,False,True
CUST-101373,External Traffic,US-Midwest,0.152,2025-06-30,3,3,74.82,0.0,2025-07-07,2025-12-31,True,False
CUST-101374,Referral,US-Midwest,0.666,2025-01-03,12,12,252.04,0.0,2025-01-04,2025-12-21,True,False
CUST-101375,Sponsored Ads,US-Midwest,0.307,2025-05-09,3,3,61.2,0.0,2025-05-14,2025-08-14,True,True
CUST-101376,Organic Search,US-East,0.406,2025-03-20,4,4,80.13,0.0,2025-04-18,2025-11-23,True,False
CUST-101377,External Traffic,US-South,0.457,2025-01-26,5,5,113.95,0.0,2025-01-26,2025-12-27,True,False
CUST-101378,Organic Search,US-East,0.508,2025-06-28,2,2,39.45,0.0,2025-07-04,2025-08-03,True,True
CUST-101379,Organic Search,US-East,0.431,2025-10-06,1,1,21.03,0.0,2025-10-15,2025-10-15,False,False
CUST-101380,Organic Search,US-South,0.487,2025-01-17,7,7,154.1,19.42,2025-01-18,2025-10-06,True,False
CUST-101381,Sponsored Ads,US-East,0.488,2025-04-09,2,2,50.68,0.0,2025-04-11,2025-05-25,True,True
CUST-101382,Organic Search,US-Midwest,0.411,2025-07-20,1,1,30.5,0.0,2025-10-20,2025-10-20,False,False
CUST-101383,Referral,US-West,0.345,2025-04-04,4,4,87.83,11.26,2025-04-09,2025-11-08,True,False
CUST-101384,Referral,US-West,0.716,2025-02-04,10,52,811.15,19.28,2025-02-05,2025-12-06,True,False
CUST-101385,Sponsored Ads,US-Midwest,0.079,2025-02-27,2,2,26.37,0.0,2025-03-01,2025-12-11,True,False
CUST-101386,Organic Search,US-Midwest,0.459,2025-01-08,5,5,97.53,0.0,2025-01-08,2025-12-09,True,False
CUST-101387,Sponsored Ads,US-Midwest,0.406,2025-10-25,1,1,12.78,0.0,2025-11-24,2025-11-24,False,False
CUST-101388,Referral,US-East,0.584,2025-05-28,3,3,65.46,0.0,2025-05-28,2025-12-27,True,False
CUST-101389,Sponsored Ads,US-East,0.209,2025-10-10,1,1,16.15,0.0,2025-10-25,2025-10-25,False,False
CUST-101390,Referral,US-West,0.4,2025-07-25,2,2,37.71,0.0,2025-08-14,2025-11-16,True,False
CUST-101391,External Traffic,US-East,0.48,2025-04-15,3,3,35.86,0.0,2025-04-22,2025-11-11,True,False
CUST-101392,Sponsored Ads,US-South,0.714,2025-10-10,2,2,53.4,0.0,2025-11-04,2025-11-21,True,False
CUST-101393,Sponsored Ads,US-East,0.566,2025-03-20,4,40,972.54,0.0,2025-04-02,2025-12-12,True,False
CUST-101394,External Traffic,US-East,0.263,2025-02-24,3,3,70.62,0.0,2025-02-26,2025-06-11,True,True
CUST-101395,Sponsored Ads,US-West,0.403,2025-08-30,1,1,30.1,0.0,2025-09-13,2025-09-13,False,True
CUST-101396,Organic Search,US-East,0.677,2025-06-16,3,3,88.35,0.0,2025-06-19,2025-12-10,True,False
CUST-101397,Referral,US-South,0.26,2025-05-07,2,2,52.53,0.0,2025-05-19,2025-10-02,True,False
CUST-101398,Organic Search,US-South,0.484,2025-06-26,1,1,15.86,0.0,2025-06-30,2025-06-30,False,True
CUST-101399,Sponsored Ads,US-South,0.498,2025-10-18,2,2,50.0,0.0,2025-11-08,2025-11-22,True,False
CUST-101400,Organic Search,US-Midwest,0.423,2025-03-26,1,1,30.68,0.0,2025-03-27,2025-03-27,False,True
CUST-101401,Sponsored Ads,US-West,0.95,2025-09-28,4,4,78.46,0.0,2025-10-16,2025-12-29,True,False
CUST-101402,Referral,US-East,0.417,2025-10-01,3,3,98.24,30.08,2025-10-11,2025-12-26,True,False
CUST-101403,Sponsored Ads,US-South,0.59,2025-08-16,3,3,48.43,0.0,2025-08-21,2025-12-19,True,False
CUST-101404,Sponsored Ads,US-East,0.347,2025-02-17,1,1,19.32,0.0,2025-02-17,2025-02-17,False,True
CUST-101405,Sponsored Ads,US-Midwest,0.606,2025-01-27,6,6,127.66,0.0,2025-02-02,2025-11-20,True,False
CUST-101406,Referral,US-West,0.674,2025-02-06,9,9,201.86,0.0,2025-02-08,2025-12-03,True,False
CUST-101407,Sponsored Ads,US-West,0.382,2025-07-30,1,1,23.47,0.0,2025-09-23,2025-09-23,False,True
CUST-101408,External Traffic,US-East,0.489,2025-04-30,2,2,52.4,0.0,2025-05-09,2025-05-20,True,True
CUST-101409,Organic Search,US-East,0.321,2025-10-24,1,1,14.67,0.0,2025-11-13,2025-11-13,False,False
CUST-101410,External Traffic,US-Midwest,0.271,2025-01-02,4,4,94.18,18.61,2025-01-02,2025-01-30,True,True
CUST-101411,Referral,US-East,0.707,2025-04-22,2,2,34.84,0.0,2025-04-29,2025-12-20,True,False
CUST-101412,External Traffic,US-East,0.389,2025-03-21,1,1,11.69,0.0,2025-03-27,2025-03-27,False,True
CUST-101413,Referral,US-West,0.02,2025-09-22,1,1,15.77,0.0,2025-09-27,2025-09-27,False,True
CUST-101414,Sponsored Ads,US-East,0.853,2025-02-06,10,50,865.99,0.0,2025-02-08,2025-10-01,True,True
CUST-101415,External Traffic,US-South,0.34,2025-05-03,1,1,35.58,0.0,2025-05-06,2025-05-06,False,True
CUST-101416,Organic Search,US-South,0.451,2025-09-18,1,17,318.47,0.0,2025-11-20,2025-11-20,False,False
CUST-101417,Organic Search,US-South,0.828,2025-10-19,2,2,50.43,0.0,2025-11-03,2025-12-20,True,False
CUST-101418,External Traffic,US-East,0.472,2025-10-02,1,1,23.2,0.0,2025-11-21,2025-11-21,False,False
CUST-101419,Referral,US-West,0.467,2025-07-16,2,2,40.58,0.0,2025-07-18,2025-12-02,True,False
CUST-101420,Organic Search,US-West,0.254,2025-02-18,2,2,46.82,0.0,2025-03-24,2025-12-21,True,False
CUST-101421,Organic Search,US-West,0.173,2025-01-29,3,3,63.08,0.0,2025-02-15,2025-05-15,True,True
CUST-101422,Organic Search,US-South,0.467,2025-05-04,3,3,70.87,0.0,2025-05-21,2025-09-24,True,True
CUST-101423,Sponsored Ads,US-Midwest,0.573,2025-05-24,3,3,61.25,0.0,2025-06-02,2025-09-24,True,True
CUST-101424,Sponsored Ads,US-Midwest,0.561,2025-06-04,1,1,14.98,0.0,2025-06-07,2025-06-07,False,True
CUST-101425,Sponsored Ads,US-East,0.404,2025-01-15,5,5,106.47,21.74,2025-01-16,2025-12-18,True,False
CUST-101426,Sponsored Ads,US-West,0.504,2025-07-22,1,1,15.21,0.0,2025-09-27,2025-09-27,False,True
CUST-101427,Sponsored Ads,US-South,0.133,2025-04-29,1,1,21.7,0.0,2025-05-01,2025-05-01,False,True
CUST-101428,External Traffic,US-West,0.592,2025-02-02,1,1,12.03,0.0,2025-02-02,2025-02-02,False,True
CUST-101429,Organic Search,US-South,0.532,2025-10-02,3,3,76.3,0.0,2025-10-02,2025-12-22,True,False
CUST-101430,Referral,US-East,0.895,2025-04-18,3,3,50.97,0.0,2025-05-02,2025-12-08,True,False
CUST-101431,Organic Search,US-Midwest,0.501,2025-03-11,5,5,151.8,30.8,2025-04-07,2025-12-19,True,False
CUST-101432,Sponsored Ads,US-South,0.311,2025-05-28,1,1,24.56,0.0,2025-06-22,2025-06-22,False,True
CUST-101433,Sponsored Ads,US-South,0.49,2025-10-13,1,1,20.85,0.0,2025-10-24,2025-10-24,False,False
CUST-101434,Sponsored Ads,US-East,0.434,2025-09-05,1,1,18.18,0.0,2025-11-19,2025-11-19,False,False
CUST-101435,Referral,US-Midwest,0.587,2025-01-30,6,6,133.39,0.0,2025-01-31,2025-12-16,True,False
CUST-101436,Sponsored Ads,US-South,0.505,2025-07-26,1,1,12.16,0.0,2025-08-01,2025-08-01,False,True
CUST-101437,Organic Search,US-South,0.248,2025-07-19,2,2,57.59,0.0,2025-09-08,2025-12-23,True,False
CUST-101438,Referral,US-East,0.173,2025-09-23,1,1,22.93,0.0,2025-10-20,2025-10-20,False,False
CUST-101439,Referral,US-East,0.553,2025-10-17,1,1,21.28,0.0,2025-11-20,2025-11-20,False,False
CUST-101440,Sponsored Ads,US-Midwest,0.777,2025-08-12,2,2,57.54,0.0,2025-09-24,2025-12-15,True,False
CUST-101441,Sponsored Ads,US-East,0.516,2025-07-16,2,2,35.7,0.0,2025-07-20,2025-11-12,True,False
CUST-101442,Sponsored Ads,US-West,0.663,2025-04-17,3,3,74.35,26.72,2025-05-18,2025-11-15,True,False
CUST-101443,Sponsored Ads,US-East,0.703,2025-09-27,2,2,31.79,0.0,2025-10-29,2025-11-14,True,False
CUST-101444,Sponsored Ads,US-East,0.553,2025-10-10,1,1,15.19,0.0,2025-10-17,2025-10-17,False,False
CUST-101445,Organic Search,US-East,0.337,2025-10-25,1,1,25.15,0.0,2025-11-09,2025-11-09,False,False
CUST-101446,Referral,US-West,0.539,2025-10-14,2,2,34.22,0.0,2025-11-06,2025-11-28,True,False
CUST-101447,Organic Search,US-West,0.741,2025-07-12,4,4,72.67,0.0,2025-07-31,2025-11-10,True,False
CUST-101448,Organic Search,US-East,0.606,2025-10-14,4,4,78.74,0.0,2025-10-14,2025-12-09,True,False
CUST-101449,Sponsored Ads,US-East,0.65,2025-08-23,4,4,85.94,30.67,2025-08-29,2025-12-13,True,False
CUST-101450,External Traffic,US-West,0.407,2025-03-14,3,3,59.3,0.0,2025-03-23,2025-10-21,True,False
CUST-101451,Organic Search,US-East,0.46,2025-01-10,2,2,65.13,0.0,2025-01-10,2025-03-22,True,True
CUST-101452,External Traffic,US-East,0.476,2025-10-22,1,1,15.63,0.0,2025-11-17,2025-11-17,False,False
CUST-101453,Referral,US-West,0.49,2025-05-09,2,2,37.14,0.0,2025-05-16,2025-10-21,True,False
CUST-101454,Sponsored Ads,US-East,0.734,2025-09-20,1,1,28.97,0.0,2025-11-11,2025-11-11,False,False
CUST-101455,Sponsored Ads,US-East,0.031,2025-03-28,1,1,18.76,0.0,2025-03-30,2025-03-30,False,True
CUST-101456,Sponsored Ads,US-West,0.506,2025-04-19,1,1,30.1,0.0,2025-05-02,2025-05-02,False,True
CUST-101457,Organic Search,US-Midwest,0.484,2025-09-05,1,1,12.05,0.0,2025-09-14,2025-09-14,False,True
CUST-101458,Referral,US-West,0.226,2025-06-07,1,1,12.11,0.0,2025-08-05,2025-08-05,False,True
CUST-101459,Sponsored Ads,US-South,0.634,2025-07-23,3,3,68.68,0.0,2025-07-28,2025-10-27,True,False
CUST-101460,External Traffic,US-South,0.355,2025-04-07,2,2,37.39,0.0,2025-05-17,2025-10-27,True,False
CUST-101461,Organic Search,US-Midwest,0.429,2025-07-04,3,3,65.39,0.0,2025-07-04,2025-10-28,True,False
CUST-101462,Sponsored Ads,US-South,0.87,2025-05-27,2,2,49.85,0.0,2025-06-02,2025-06-17,True,True
CUST-101463,Sponsored Ads,US-South,0.702,2025-10-07,2,2,43.42,0.0,2025-11-01,2025-12-24,True,False
CUST-101464,Organic Search,US-Midwest,0.615,2025-05-28,4,4,68.64,0.0,2025-06-13,2025-11-07,True,False
CUST-101465,Organic Search,US-Midwest,0.576,2025-01-27,3,3,72.58,0.0,2025-01-27,2025-08-12,True,True
CUST-101466,Organic Search,US-West,0.467,2025-08-09,1,1,13.02,0.0,2025-08-27,2025-08-27,False,True
CUST-101467,Sponsored Ads,US-Midwest,0.9,2025-10-14,1,1,25.24,0.0,2025-11-30,2025-11-30,False,False
CUST-101468,Organic Search,US-East,0.66,2025-09-22,3,3,66.59,0.0,2025-10-09,2025-11-21,True,False
CUST-101469,Sponsored Ads,US-West,0.35,2025-01-31,3,3,63.44,0.0,2025-02-17,2025-10-30,True,False
CUST-101470,Referral,US-South,0.22,2025-10-27,1,1,15.34,0.0,2025-11-13,2025-11-13,False,False
CUST-101471,Sponsored Ads,US-Midwest,0.613,2025-04-15,6,6,118.63,0.0,2025-05-03,2025-12-20,True,False
CUST-101472,Sponsored Ads,US-West,0.489,2025-09-08,1,1,33.93,0.0,2025-11-09,2025-11-09,False,False
CUST-101473,Organic Search,US-West,0.214,2025-07-09,1,1,12.83,0.0,2025-08-04,2025-08-04,False,True
CUST-101474,Organic Search,US-Midwest,0.586,2025-10-19,2,2,41.06,0.0,2025-11-14,2025-12-13,True,False
CUST-101475,Organic Search,US-South,0.446,2025-04-13,2,2,55.43,0.0,2025-05-12,2025-08-27,True,True
CUST-101476,Organic Search,US-West,0.606,2025-07-02,2,2,49.96,0.0,2025-07-11,2025-08-01,True,True
CUST-101477,Referral,US-Midwest,0.588,2025-07-24,1,1,15.09,0.0,2025-07-27,2025-07-27,False,True
CUST-101478,Organic Search,US-East,0.378,2025-02-16,6,6,133.09,0.0,2025-02-16,2025-12-08,True,False
CUST-101479,Organic Search,US-East,0.627,2025-08-21,2,2,44.51,0.0,2025-10-19,2025-11-04,True,False
CUST-101480,Organic Search,US-East,0.4,2025-02-13,6,64,1630.64,0.0,2025-02-15,2025-12-17,True,False
CUST-101481,Sponsored Ads,US-South,0.413,2025-09-06,2,2,37.75,0.0,2025-09-07,2025-10-13,True,False
CUST-101482,Organic Search,US-West,0.394,2025-02-07,4,22,640.92,0.0,2025-02-13,2025-04-27,True,True
CUST-101483,Sponsored Ads,US-East,0.726,2025-02-23,7,7,169.68,0.0,2025-02-24,2025-11-18,True,False
CUST-101484,Organic Search,US-East,0.444,2025-05-29,4,4,75.94,0.0,2025-05-29,2025-11-03,True,False
CUST-101485,Sponsored Ads,US-West,0.774,2025-02-24,6,6,134.81,32.0,2025-02-26,2025-05-28,True,True
CUST-101486,Referral,US-Midwest,0.857,2025-01-24,8,38,915.02,0.0,2025-01-29,2025-12-07,True,False
CUST-101487,Organic Search,US-West,0.352,2025-01-16,9,9,201.78,28.16,2025-01-17,2025-11-26,True,False
CUST-101488,External Traffic,US-Midwest,0.02,2025-03-27,1,1,19.38,0.0,2025-04-16,2025-04-16,False,True
CUST-101489,Organic Search,US-West,0.709,2025-05-28,2,2,51.47,0.0,2025-06-03,2025-09-16,True,True
CUST-101490,Sponsored Ads,US-East,0.432,2025-01-14,4,4,71.93,0.0,2025-01-20,2025-12-24,True,False
CUST-101491,External Traffic,US-West,0.327,2025-02-11,3,3,75.91,0.0,2025-02-20,2025-06-29,True,True
CUST-101492,Organic Search,US-East,0.382,2025-07-03,2,2,45.54,0.0,2025-08-07,2025-12-15,True,False
CUST-101493,External Traffic,US-South,0.417,2025-04-06,1,1,19.07,0.0,2025-04-09,2025-04-09,False,True
CUST-101494,Organic Search,US-West,0.759,2025-08-16,2,2,36.05,0.0,2025-09-09,2025-12-21,True,False
CUST-101495,Organic Search,US-South,0.532,2025-09-10,2,2,38.73,0.0,2025-09-14,2025-11-30,True,False
CUST-101496,External Traffic,US-Midwest,0.757,2025-01-10,8,8,199.35,0.0,2025-01-10,2025-09-11,True,True
CUST-101497,Organic Search,US-East,0.599,2025-10-12,1,1,24.64,0.0,2025-10-27,2025-10-27,False,False
CUST-101498,Sponsored Ads,US-West,0.438,2025-07-25,2,2,37.18,0.0,2025-11-18,2025-12-06,True,False
CUST-101499,Organic Search,US-South,0.422,2025-09-04,1,1,19.68,0.0,2025-10-13,2025-10-13,False,False
CUST-101500,Organic Search,US-West,0.612,2025-05-24,4,4,90.87,0.0,2025-05-29,2025-11-07,True,False
CUST-101501,Referral,US-West,0.664,2025-01-01,14,14,302.59,57.61,2025-01-01,2025-11-02,True,False
CUST-101502,Sponsored Ads,US-East,0.699,2025-09-23,1,1,11.88,0.0,2025-11-07,2025-11-07,False,False
CUST-101503,Organic Search,US-East,0.448,2025-06-20,1,1,18.84,0.0,2025-06-22,2025-06-22,False,True
CUST-101504,External Traffic,US-West,0.535,2025-01-12,4,4,82.05,0.0,2025-01-12,2025-05-20,True,True
CUST-101505,Organic Search,US-Midwest,0.617,2025-02-19,6,6,131.13,0.0,2025-02-19,2025-10-06,True,False
CUST-101506,Organic Search,US-South,0.423,2025-03-03,1,1,19.09,0.0,2025-03-10,2025-03-10,False,True
CUST-101507,Organic Search,US-Midwest,0.273,2025-04-23,3,3,76.17,0.0,2025-05-01,2025-06-28,True,True
CUST-101508,Sponsored Ads,US-East,0.339,2025-05-13,1,1,14.92,0.0,2025-06-02,2025-06-02,False,True
CUST-101509,Organic Search,US-East,0.452,2025-05-09,3,3,80.33,0.0,2025-05-09,2025-12-27,True,False
CUST-101510,Sponsored Ads,US-Midwest,0.632,2025-09-18,2,2,32.3,0.0,2025-09-23,2025-11-19,True,False
CUST-101511,Sponsored Ads,US-West,0.752,2025-10-10,1,1,12.69,0.0,2025-10-12,2025-10-12,False,False
CUST-101512,Organic Search,US-East,0.229,2025-07-23,2,2,33.72,0.0,2025-09-01,2025-12-09,True,False
CUST-101513,Organic Search,US-Midwest,0.381,2025-07-10,1,1,15.79,0.0,2025-07-19,2025-07-19,False,True
CUST-101514,External Traffic,US-East,0.428,2025-09-17,3,44,1019.38,18.24,2025-10-04,2025-12-29,True,False
CUST-101515,Sponsored Ads,US-Midwest,0.659,2025-03-22,3,3,58.99,0.0,2025-04-11,2025-08-08,True,True
CUST-101516,Sponsored Ads,US-East,0.394,2025-06-17,2,2,36.62,0.0,2025-08-13,2025-09-02,True,True
CUST-101517,Referral,US-East,0.414,2025-07-12,2,2,45.34,0.0,2025-09-07,2025-10-13,True,False
CUST-101518,Sponsored Ads,US-Midwest,0.218,2025-03-27,2,2,25.58,0.0,2025-03-30,2025-06-24,True,True
CUST-101519,Sponsored Ads,US-West,0.597,2025-10-13,2,2,37.86,0.0,2025-11-20,2025-12-07,True,False
CUST-101520,Sponsored Ads,US-Midwest,0.468,2025-03-12,3,3,50.06,0.0,2025-03-31,2025-11-19,True,False
CUST-101521,Organic Search,US-West,0.369,2025-01-18,3,3,72.26,0.0,2025-01-24,2025-07-10,True,True
CUST-101522,External Traffic,US-East,0.448,2025-04-08,5,5,105.97,0.0,2025-05-03,2025-11-01,True,False
CUST-101523,External Traffic,US-South,0.725,2025-09-02,3,3,63.57,0.0,2025-10-20,2025-12-31,True,False
CUST-101524,Organic Search,US-South,0.299,2025-04-23,1,1,15.02,15.02,2025-05-17,2025-05-17,False,True
CUST-101525,Sponsored Ads,US-Midwest,0.332,2025-03-07,2,2,52.75,0.0,2025-03-08,2025-04-30,True,True
CUST-101526,Sponsored Ads,US-Midwest,0.75,2025-09-19,3,3,52.89,0.0,2025-09-30,2025-12-17,True,False
CUST-101527,Organic Search,US-South,0.515,2025-02-15,1,1,24.83,0.0,2025-03-14,2025-03-14,False,True
CUST-101528,Sponsored Ads,US-South,0.634,2025-02-17,5,5,113.78,0.0,2025-02-25,2025-11-28,True,False
CUST-101529,Sponsored Ads,US-East,0.58,2025-09-27,1,1,24.29,0.0,2025-11-30,2025-11-30,False,False
CUST-101530,Sponsored Ads,US-Midwest,0.493,2025-04-07,3,3,83.54,0.0,2025-04-12,2025-06-19,True,True
CUST-101531,Sponsored Ads,US-South,0.43,2025-01-01,11,11,302.15,25.1,2025-01-01,2025-08-16,True,True
CUST-101532,Organic Search,US-West,0.666,2025-05-11,2,2,33.93,0.0,2025-06-26,2025-07-22,True,True
CUST-101533,Organic Search,US-Midwest,0.732,2025-08-11,1,1,13.15,0.0,2025-10-04,2025-10-04,False,False
CUST-101534,Sponsored Ads,US-East,0.717,2025-08-16,1,1,13.48,0.0,2025-09-03,2025-09-03,False,True
CUST-101535,Organic Search,US-East,0.263,2025-01-27,3,3,65.51,0.0,2025-02-01,2025-08-02,True,True
CUST-101536,External Traffic,US-East,0.761,2025-03-26,3,3,60.39,0.0,2025-04-22,2025-12-05,True,False
CUST-101537,Organic Search,US-Midwest,0.428,2025-07-05,1,1,12.69,0.0,2025-07-30,2025-07-30,False,True
CUST-101538,External Traffic,US-East,0.349,2025-07-18,1,1,19.88,0.0,2025-08-10,2025-08-10,False,True
CUST-101539,Organic Search,US-East,0.466,2025-07-06,2,2,43.16,0.0,2025-07-28,2025-11-30,True,False
CUST-101540,External Traffic,US-West,0.666,2025-04-12,2,2,45.98,0.0,2025-05-16,2025-11-22,True,False
CUST-101541,Sponsored Ads,US-East,0.608,2025-09-16,3,3,55.61,0.0,2025-09-19,2025-12-26,True,False
CUST-101542,Sponsored Ads,US-West,0.449,2025-01-24,5,5,105.09,0.0,2025-02-07,2025-12-17,True,False
CUST-101543,Sponsored Ads,US-South,0.668,2025-09-04,3,3,59.8,0.0,2025-10-18,2025-12-31,True,False
CUST-101544,Organic Search,US-Midwest,0.528,2025-10-09,1,1,21.57,0.0,2025-11-12,2025-11-12,False,False
CUST-101545,Sponsored Ads,US-East,0.385,2025-07-25,2,2,51.88,0.0,2025-07-25,2025-11-30,True,False
CUST-101546,Sponsored Ads,US-Midwest,0.358,2025-05-09,1,1,30.69,0.0,2025-05-17,2025-05-17,False,True
CUST-101547,External Traffic,US-Midwest,0.582,2025-04-25,2,2,46.63,0.0,2025-04-27,2025-05-27,True,True
CUST-101548,Sponsored Ads,US-West,0.483,2025-05-11,2,2,48.32,22.44,2025-05-12,2025-06-21,True,True
CUST-101549,Sponsored Ads,US-South,0.225,2025-02-19,2,2,44.29,0.0,2025-02-19,2025-03-04,True,True
CUST-101550,Sponsored Ads,US-South,0.669,2025-03-08,5,5,95.87,0.0,2025-03-08,2025-07-04,True,True
CUST-101551,Organic Search,US-East,0.404,2025-07-10,3,3,85.9,0.0,2025-07-14,2025-12-18,True,False
CUST-101552,Sponsored Ads,US-Midwest,0.818,2025-06-15,1,1,30.0,0.0,2025-06-27,2025-06-27,False,True
CUST-101553,Sponsored Ads,US-East,0.219,2025-05-30,1,49,808.78,0.0,2025-05-30,2025-05-30,False,True
CUST-101554,Sponsored Ads,US-West,0.464,2025-05-23,2,2,46.35,0.0,2025-05-29,2025-10-08,True,False
CUST-101555,External Traffic,US-South,0.36,2025-01-24,3,3,72.33,0.0,2025-02-09,2025-12-09,True,False
CUST-101556,Referral,US-West,0.305,2025-09-18,2,2,42.17,0.0,2025-10-06,2025-12-28,True,False
CUST-101557,Organic Search,US-East,0.403,2025-10-14,2,2,60.63,0.0,2025-10-14,2025-12-27,True,False
CUST-101558,Organic Search,US-South,0.854,2025-03-15,5,46,1420.62,0.0,2025-03-20,2025-11-14,True,False
CUST-101559,External Traffic,US-South,0.529,2025-04-05,4,4,94.02,0.0,2025-04-07,2025-12-26,True,False
CUST-101560,Referral,US-East,0.342,2025-07-09,1,1,12.72,0.0,2025-11-13,2025-11-13,False,False
CUST-101561,Organic Search,US-East,0.134,2025-01-01,2,2,45.5,0.0,2025-01-02,2025-02-09,True,True
CUST-101562,External Traffic,US-West,0.156,2025-01-31,3,3,68.08,13.37,2025-02-01,2025-07-10,True,True
CUST-101563,Referral,US-East,0.393,2025-09-28,1,1,16.02,0.0,2025-11-15,2025-11-15,False,False
CUST-101564,External Traffic,US-South,0.373,2025-02-21,2,2,53.84,0.0,2025-02-24,2025-03-11,True,True
CUST-101565,Organic Search,US-South,0.455,2025-06-23,3,3,76.71,0.0,2025-08-30,2025-12-28,True,False
CUST-101566,Sponsored Ads,US-East,0.046,2025-09-22,1,1,15.44,0.0,2025-10-11,2025-10-11,False,False
CUST-101567,Sponsored Ads,US-West,0.482,2025-08-08,3,3,84.63,0.0,2025-08-14,2025-12-26,True,False
CUST-101568,Organic Search,US-South,0.706,2025-03-23,4,45,1375.66,0.0,2025-04-05,2025-12-13,True,False
CUST-101569,Organic Search,US-South,0.825,2025-02-15,10,10,220.96,0.0,2025-03-10,2025-10-01,True,True
CUST-101570,Organic Search,US-West,0.121,2025-08-04,2,2,43.01,0.0,2025-10-24,2025-12-19,True,False
CUST-101571,Organic Search,US-South,0.34,2025-05-02,1,1,20.21,0.0,2025-05-03,2025-05-03,False,True
CUST-101572,Organic Search,US-West,0.329,2025-10-18,1,1,32.4,0.0,2025-11-09,2025-11-09,False,False
CUST-101573,External Traffic,US-East,0.529,2025-07-13,1,1,11.57,0.0,2025-07-27,2025-07-27,False,True
CUST-101574,Sponsored Ads,US-South,0.256,2025-01-04,4,4,64.07,0.0,2025-01-04,2025-01-26,True,True
CUST-101575,Sponsored Ads,US-South,0.836,2025-03-17,2,2,52.16,0.0,2025-04-18,2025-12-02,True,False
CUST-101576,External Traffic,US-South,0.509,2025-08-12,2,2,32.32,0.0,2025-09-02,2025-12-01,True,False
CUST-101577,External Traffic,US-Midwest,0.475,2025-07-30,1,1,31.41,0.0,2025-08-25,2025-08-25,False,True
CUST-101578,Referral,US-West,0.819,2025-08-11,1,1,25.05,0.0,2025-11-08,2025-11-08,False,False
CUST-101579,External Traffic,US-Midwest,0.497,2025-03-12,4,4,86.74,0.0,2025-03-13,2025-12-16,True,False
CUST-101580,External Traffic,US-East,0.58,2025-03-16,2,2,50.16,0.0,2025-04-19,2025-10-19,True,False
CUST-101581,Sponsored Ads,US-East,0.35,2025-03-04,1,1,19.25,0.0,2025-03-27,2025-03-27,False,True
CUST-101582,Organic Search,US-Midwest,0.226,2025-07-28,1,1,18.63,0.0,2025-08-01,2025-08-01,False,True
CUST-101583,Sponsored Ads,US-East,0.378,2025-01-04,11,44,911.57,0.0,2025-01-04,2025-12-13,True,False
CUST-101584,Organic Search,US-West,0.937,2025-09-02,1,1,34.61,0.0,2025-10-02,2025-10-02,False,False
CUST-101585,Referral,US-South,0.627,2025-03-26,2,2,46.83,0.0,2025-03-31,2025-10-20,True,False
CUST-101586,Sponsored Ads,US-South,0.555,2025-05-27,3,3,51.63,0.0,2025-05-27,2025-10-30,True,False
CUST-101587,Organic Search,US-South,0.305,2025-03-16,3,3,39.44,0.0,2025-03-27,2025-08-12,True,True
CUST-101588,Sponsored Ads,US-West,0.682,2025-05-08,3,3,60.01,24.9,2025-05-12,2025-12-17,True,False
CUST-101589,Sponsored Ads,US-South,0.228,2025-08-18,1,1,33.0,0.0,2025-09-11,2025-09-11,False,True
CUST-101590,Sponsored Ads,US-West,0.187,2025-03-01,2,2,41.75,0.0,2025-03-10,2025-08-11,True,True
CUST-101591,Sponsored Ads,US-South,0.388,2025-06-20,1,1,15.93,0.0,2025-06-20,2025-06-20,False,True
CUST-101592,Referral,US-South,0.891,2025-01-18,12,12,269.94,0.0,2025-01-21,2025-12-21,True,False
CUST-101593,Organic Search,US-Midwest,0.88,2025-02-23,7,40,498.06,16.57,2025-02-27,2025-05-05,True,True
CUST-101594,External Traffic,US-Midwest,0.41,2025-07-25,2,2,25.75,0.0,2025-09-16,2025-12-17,True,False
CUST-101595,Organic Search,US-West,0.365,2025-06-20,3,3,84.18,19.24,2025-07-12,2025-12-09,True,False
CUST-101596,Sponsored Ads,US-West,0.172,2025-07-03,1,1,13.18,0.0,2025-07-16,2025-07-16,False,True
CUST-101597,Sponsored Ads,US-South,0.516,2025-03-09,2,2,45.79,0.0,2025-03-13,2025-07-19,True,True
CUST-101598,External Traffic,US-Midwest,0.532,2025-03-03,5,5,102.49,0.0,2025-03-12,2025-04-21,True,True
CUST-101599,Sponsored Ads,US-West,0.658,2025-05-08,4,4,84.51,0.0,2025-07-14,2025-12-12,True,False
CUST-101600,Referral,US-East,0.682,2025-02-08,4,4,104.17,0.0,2025-02-09,2025-08-30,True,True
CUST-101601,Sponsored Ads,US-East,0.461,2025-09-24,2,2,51.55,0.0,2025-09-24,2025-10-28,True,False
CUST-101602,Organic Search,US-East,0.611,2025-03-22,2,2,31.33,0.0,2025-05-21,2025-09-15,True,True
CUST-101603,External Traffic,US-South,0.36,2025-08-04,1,1,12.48,0.0,2025-08-05,2025-08-05,False,True
CUST-101604,Sponsored Ads,US-East,0.607,2025-02-17,7,7,151.74,0.0,2025-02-22,2025-10-18,True,False
CUST-101605,Sponsored Ads,US-East,0.399,2025-07-15,1,1,18.26,0.0,2025-08-23,2025-08-23,False,True
CUST-101606,Referral,US-Midwest,0.592,2025-03-03,2,2,62.88,0.0,2025-03-09,2025-05-01,True,True
CUST-101607,Sponsored Ads,US-East,0.576,2025-03-26,3,3,46.55,13.29,2025-03-27,2025-12-25,True,False
CUST-101608,Organic Search,US-West,0.514,2025-05-04,2,2,45.02,0.0,2025-06-14,2025-11-05,True,False
CUST-101609,Organic Search,US-Midwest,0.659,2025-02-07,3,3,75.36,0.0,2025-02-11,2025-09-15,True,True
CUST-101610,Sponsored Ads,US-East,0.186,2025-02-07,2,2,50.61,24.98,2025-02-11,2025-03-30,True,True
CUST-101611,External Traffic,US-Midwest,0.287,2025-08-14,1,1,21.18,0.0,2025-10-24,2025-10-24,False,False
CUST-101612,External Traffic,US-Midwest,0.446,2025-04-14,3,3,93.89,0.0,2025-04-15,2025-08-12,True,True
CUST-101613,Sponsored Ads,US-South,0.211,2025-06-20,2,2,31.56,0.0,2025-07-12,2025-11-13,True,False
CUST-101614,External Traffic,US-West,0.419,2025-07-13,1,1,21.28,0.0,2025-08-16,2025-08-16,False,True
CUST-101615,Sponsored Ads,US-Midwest,0.425,2025-07-06,1,1,23.92,0.0,2025-11-30,2025-11-30,False,False
CUST-101616,Sponsored Ads,US-South,0.762,2025-07-08,2,2,42.53,0.0,2025-07-14,2025-09-04,True,True
CUST-101617,Organic Search,US-East,0.529,2025-10-20,2,2,42.3,0.0,2025-11-06,2025-12-31,True,False
CUST-101618,Referral,US-Midwest,0.706,2025-07-09,1,1,13.26,0.0,2025-11-11,2025-11-11,False,False
CUST-101619,Sponsored Ads,US-Midwest,0.56,2025-04-15,4,4,69.48,0.0,2025-04-18,2025-11-23,True,False
CUST-101620,Sponsored Ads,US-Midwest,0.393,2025-03-27,1,1,13.08,0.0,2025-04-08,2025-04-08,False,True
CUST-101621,Organic Search,US-West,0.527,2025-08-29,1,1,25.38,0.0,2025-09-08,2025-09-08,False,True
CUST-101622,External Traffic,US-South,0.646,2025-05-07,6,6,144.57,0.0,2025-06-03,2025-11-19,True,False
CUST-101623,Sponsored Ads,US-East,0.739,2025-06-17,2,2,32.77,0.0,2025-07-04,2025-11-15,True,False
CUST-101624,Sponsored Ads,US-West,0.474,2025-09-02,1,1,18.83,0.0,2025-09-03,2025-09-03,False,True
CUST-101625,Organic Search,US-East,0.17,2025-03-12,3,3,81.92,0.0,2025-03-30,2025-11-12,True,False
CUST-101626,Sponsored Ads,US-West,0.156,2025-03-08,3,3,50.76,0.0,2025-03-08,2025-06-21,True,True
CUST-101627,Sponsored Ads,US-West,0.435,2025-01-16,3,3,49.44,22.32,2025-01-18,2025-11-20,True,False
CUST-101628,Sponsored Ads,US-South,0.032,2025-01-22,1,1,15.69,0.0,2025-01-23,2025-01-23,False,True
CUST-101629,Organic Search,US-South,0.859,2025-07-04,4,4,94.33,0.0,2025-07-06,2025-12-26,True,False
CUST-101630,Organic Search,US-East,0.619,2025-06-01,2,2,49.59,0.0,2025-06-09,2025-12-13,True,False
CUST-101631,External Traffic,US-West,0.373,2025-03-31,4,4,90.47,0.0,2025-04-02,2025-11-11,True,False
CUST-101632,Organic Search,US-Midwest,0.278,2025-03-05,2,2,47.9,30.33,2025-03-22,2025-07-09,True,True
CUST-101633,Organic Search,US-South,0.706,2025-07-28,3,3,72.02,19.69,2025-08-04,2025-12-29,True,False
CUST-101634,Referral,US-South,0.277,2025-01-26,2,2,30.12,0.0,2025-01-28,2025-11-03,True,False
CUST-101635,Organic Search,US-West,0.296,2025-07-30,1,1,18.83,0.0,2025-11-19,2025-11-19,False,False
CUST-101636,Organic Search,US-West,0.347,2025-09-29,1,26,813.44,0.0,2025-10-13,2025-10-13,False,False
CUST-101637,Referral,US-West,0.523,2025-05-17,3,3,64.84,0.0,2025-05-22,2025-12-10,True,False
CUST-101638,Sponsored Ads,US-West,0.624,2025-05-29,2,2,49.43,0.0,2025-06-15,2025-06-29,True,True
CUST-101639,Organic Search,US-Midwest,0.739,2025-06-10,2,2,28.0,0.0,2025-08-05,2025-08-12,True,True
CUST-101640,External Traffic,US-East,0.709,2025-01-29,4,4,60.46,0.0,2025-01-30,2025-02-09,True,True
CUST-101641,Sponsored Ads,US-South,0.5,2025-07-07,5,5,105.12,0.0,2025-07-13,2025-12-26,True,False
CUST-101642,Organic Search,US-Midwest,0.704,2025-04-20,2,2,49.78,0.0,2025-05-02,2025-06-09,True,True
CUST-101643,Sponsored Ads,US-Midwest,0.366,2025-05-21,2,2,42.94,0.0,2025-05-22,2025-06-28,True,True
CUST-101644,Sponsored Ads,US-East,0.136,2025-01-07,2,2,42.94,0.0,2025-01-07,2025-11-07,True,False
CUST-101645,Organic Search,US-East,0.366,2025-09-21,1,1,30.0,0.0,2025-09-22,2025-09-22,False,True
CUST-101646,Sponsored Ads,US-East,0.339,2025-04-11,1,1,33.7,0.0,2025-04-24,2025-04-24,False,True
CUST-101647,External Traffic,US-West,0.374,2025-01-23,4,4,85.69,19.18,2025-01-24,2025-04-10,True,True
CUST-101648,Referral,US-Midwest,0.308,2025-08-23,3,3,61.67,32.75,2025-09-04,2025-12-22,True,False
CUST-101649,External Traffic,US-South,0.408,2025-10-21,1,1,19.36,0.0,2025-11-01,2025-11-01,False,False
CUST-101650,Sponsored Ads,US-East,0.624,2025-06-05,1,1,12.6,0.0,2025-06-05,2025-06-05,False,True
CUST-101651,Sponsored Ads,US-South,0.843,2025-01-11,4,4,88.07,0.0,2025-01-11,2025-12-21,True,False
CUST-101652,Sponsored Ads,US-South,0.155,2025-10-25,2,2,53.02,0.0,2025-11-07,2025-12-18,True,False
CUST-101653,Sponsored Ads,US-West,0.242,2025-03-04,2,2,27.97,0.0,2025-03-15,2025-03-17,True,True
CUST-101654,Referral,US-South,0.342,2025-03-14,3,3,68.77,0.0,2025-03-16,2025-12-12,True,False
CUST-101655,Organic Search,US-Midwest,0.653,2025-08-01,3,3,58.0,0.0,2025-09-08,2025-12-30,True,False
CUST-101656,Sponsored Ads,US-South,0.459,2025-04-10,5,53,1719.8,1630.68,2025-04-16,2025-12-05,True,False
CUST-101657,External Traffic,US-South,0.355,2025-01-26,2,2,51.09,0.0,2025-01-29,2025-09-13,True,True
CUST-101658,Sponsored Ads,US-West,0.643,2025-07-24,1,1,21.78,0.0,2025-07-29,2025-07-29,False,True
CUST-101659,Sponsored Ads,US-South,0.691,2025-03-20,4,4,85.94,0.0,2025-05-03,2025-12-08,True,False
CUST-101660,Sponsored Ads,US-Midwest,0.496,2025-09-16,1,1,13.29,0.0,2025-11-01,2025-11-01,False,False
CUST-101661,Organic Search,US-East,0.337,2025-02-16,2,2,31.42,15.48,2025-02-16,2025-10-17,True,False
CUST-101662,External Traffic,US-South,0.554,2025-09-29,4,4,88.57,20.02,2025-11-10,2025-12-22,True,False
CUST-101663,Sponsored Ads,US-South,0.453,2025-08-06,2,2,51.88,0.0,2025-08-22,2025-12-30,True,False
CUST-101664,Referral,US-West,0.452,2025-03-13,2,2,27.21,0.0,2025-03-15,2025-07-31,True,True
CUST-101665,External Traffic,US-East,0.398,2025-06-23,2,2,34.45,21.6,2025-06-29,2025-12-01,True,False
CUST-101666,External Traffic,US-Midwest,0.685,2025-10-09,1,1,18.69,0.0,2025-11-03,2025-11-03,False,False
CUST-101667,Sponsored Ads,US-Midwest,0.55,2025-01-20,9,9,198.87,0.0,2025-01-21,2025-10-24,True,False
CUST-101668,Sponsored Ads,US-East,0.707,2025-09-03,2,25,548.7,0.0,2025-09-11,2025-11-07,True,False
CUST-101669,External Traffic,US-East,0.767,2025-05-19,3,3,68.88,0.0,2025-05-23,2025-06-04,True,True
CUST-101670,Sponsored Ads,US-Midwest,0.592,2025-10-12,2,2,50.62,0.0,2025-10-14,2025-12-03,True,False
CUST-101671,Organic Search,US-West,0.399,2025-03-04,4,4,62.29,0.0,2025-03-04,2025-09-13,True,True
CUST-101672,External Traffic,US-East,0.708,2025-08-04,1,1,19.67,0.0,2025-09-10,2025-09-10,False,True
CUST-101673,Sponsored Ads,US-West,0.593,2025-10-18,1,1,29.44,0.0,2025-11-16,2025-11-16,False,False
CUST-101674,External Traffic,US-West,0.95,2025-04-14,4,4,118.35,0.0,2025-05-10,2025-12-27,True,False
CUST-101675,Referral,US-South,0.562,2025-02-02,1,1,12.84,0.0,2025-02-06,2025-02-06,False,True
CUST-101676,Organic Search,US-East,0.64,2025-04-28,4,4,77.21,0.0,2025-05-05,2025-10-16,True,False
CUST-101677,Organic Search,US-Midwest,0.558,2025-06-29,1,1,18.79,0.0,2025-07-13,2025-07-13,False,True
CUST-101678,External Traffic,US-Midwest,0.48,2025-07-09,1,1,15.62,0.0,2025-07-10,2025-07-10,False,True
CUST-101679,Organic Search,US-Midwest,0.448,2025-05-25,1,1,13.03,0.0,2025-05-29,2025-05-29,False,True
CUST-101680,Organic Search,US-South,0.559,2025-10-07,1,1,29.74,0.0,2025-10-17,2025-10-17,False,False
CUST-101681,External Traffic,US-South,0.604,2025-06-23,2,2,43.99,0.0,2025-07-11,2025-12-30,True,False
CUST-101682,Organic Search,US-South,0.731,2025-07-12,1,1,19.5,0.0,2025-07-13,2025-07-13,False,True
CUST-101683,Sponsored Ads,US-Midwest,0.562,2025-10-14,2,2,34.95,0.0,2025-11-11,2025-12-24,True,False
CUST-101684,Sponsored Ads,US-West,0.407,2025-10-09,1,1,14.54,0.0,2025-11-24,2025-11-24,False,False
CUST-101685,Sponsored Ads,US-South,0.435,2025-04-13,8,8,159.42,22.32,2025-04-15,2025-12-11,True,False
CUST-101686,Organic Search,US-West,0.235,2025-03-27,1,1,33.79,0.0,2025-03-27,2025-03-27,False,True
CUST-101687,Organic Search,US-East,0.832,2025-08-13,3,3,52.46,20.15,2025-09-26,2025-12-03,True,False
CUST-101688,Organic Search,US-East,0.392,2025-06-07,3,3,71.49,0.0,2025-06-22,2025-11-06,True,False
CUST-101689,Sponsored Ads,US-South,0.693,2025-05-15,1,1,19.02,0.0,2025-05-18,2025-05-18,False,True
CUST-101690,External Traffic,US-Midwest,0.555,2025-07-29,1,1,19.9,0.0,2025-11-20,2025-11-20,False,False
CUST-101691,Referral,US-West,0.561,2025-07-18,1,1,21.86,0.0,2025-08-10,2025-08-10,False,True
CUST-101692,Sponsored Ads,US-South,0.477,2025-10-02,1,1,21.3,0.0,2025-11-12,2025-11-12,False,False
CUST-101693,Organic Search,US-West,0.342,2025-04-20,1,1,19.08,0.0,2025-04-22,2025-04-22,False,True
CUST-101694,Organic Search,US-West,0.306,2025-08-15,1,1,19.93,19.93,2025-11-17,2025-11-17,False,False
CUST-101695,Organic Search,US-East,0.846,2025-03-10,4,4,91.62,0.0,2025-03-12,2025-12-15,True,False
CUST-101696,Sponsored Ads,US-South,0.523,2025-10-09,1,1,21.56,0.0,2025-11-03,2025-11-03,False,False
CUST-101697,External Traffic,US-West,0.725,2025-01-26,7,7,149.61,32.8,2025-01-29,2025-12-16,True,False
CUST-101698,Referral,US-East,0.777,2025-08-14,2,2,45.49,0.0,2025-08-16,2025-12-22,True,False
CUST-101699,Organic Search,US-Midwest,0.418,2025-01-31,2,2,35.71,0.0,2025-02-11,2025-06-20,True,True
CUST-101700,Referral,US-East,0.585,2025-09-22,2,2,49.67,0.0,2025-11-26,2025-12-31,True,False
CUST-101701,Referral,US-Midwest,0.509,2025-10-15,3,3,47.96,0.0,2025-10-22,2025-11-30,True,False
CUST-101702,Sponsored Ads,US-Midwest,0.269,2025-09-03,1,1,14.39,0.0,2025-09-20,2025-09-20,False,True
CUST-101703,Organic Search,US-East,0.463,2025-08-25,1,1,30.31,0.0,2025-11-02,2025-11-02,False,False
CUST-101704,Organic Search,US-South,0.618,2025-05-24,6,6,111.58,0.0,2025-06-12,2025-11-07,True,False
CUST-101705,Referral,US-South,0.4,2025-03-15,5,5,98.46,15.99,2025-03-20,2025-12-23,True,False
CUST-101706,Sponsored Ads,US-East,0.435,2025-10-23,1,1,31.82,0.0,2025-11-29,2025-11-29,False,False
CUST-101707,Organic Search,US-East,0.465,2025-06-08,3,3,55.53,19.55,2025-08-16,2025-12-23,True,False
CUST-101708,External Traffic,US-East,0.922,2025-09-02,1,1,18.61,0.0,2025-09-24,2025-09-24,False,True
CUST-101709,Sponsored Ads,US-West,0.133,2025-08-03,3,3,80.07,0.0,2025-08-05,2025-11-04,True,False
CUST-101710,External Traffic,US-West,0.6,2025-07-30,2,2,25.63,13.5,2025-08-08,2025-09-23,True,True
CUST-101711,Sponsored Ads,US-East,0.449,2025-04-16,1,1,29.98,0.0,2025-04-16,2025-04-16,False,True
CUST-101712,Referral,US-Midwest,0.372,2025-05-09,2,2,29.65,0.0,2025-05-23,2025-12-23,True,False
CUST-101713,External Traffic,US-West,0.444,2025-05-12,4,4,93.92,0.0,2025-06-02,2025-11-21,True,False
CUST-101714,Sponsored Ads,US-West,0.633,2025-06-30,2,33,433.69,0.0,2025-09-14,2025-12-24,True,False
CUST-101715,External Traffic,US-East,0.645,2025-08-04,4,4,74.79,0.0,2025-08-12,2025-12-16,True,False
CUST-101716,Sponsored Ads,US-South,0.537,2025-03-01,4,4,72.79,14.72,2025-03-03,2025-12-20,True,False
CUST-101717,Organic Search,US-West,0.719,2025-03-10,2,2,42.01,0.0,2025-03-12,2025-12-07,True,False
CUST-101718,Organic Search,US-West,0.754,2025-01-15,7,30,653.36,0.0,2025-01-16,2025-09-22,True,True
CUST-101719,External Traffic,US-West,0.663,2025-06-07,1,1,20.59,0.0,2025-11-13,2025-11-13,False,False
CUST-101720,Sponsored Ads,US-East,0.391,2025-07-20,1,1,24.88,0.0,2025-08-12,2025-08-12,False,True
CUST-101721,Sponsored Ads,US-West,0.599,2025-03-05,4,4,100.04,0.0,2025-03-05,2025-12-27,True,False
CUST-101722,Organic Search,US-Midwest,0.6,2025-08-02,3,3,65.4,0.0,2025-11-05,2025-12-25,True,False
CUST-101723,Organic Search,US-Midwest,0.337,2025-01-01,7,7,155.11,13.41,2025-01-01,2025-07-15,True,True
CUST-101724,Organic Search,US-East,0.186,2025-09-17,2,2,51.77,0.0,2025-09-20,2025-12-30,True,False
CUST-101725,Sponsored Ads,US-West,0.095,2025-07-27,2,2,34.02,0.0,2025-08-10,2025-12-02,True,False
CUST-101726,Sponsored Ads,US-West,0.514,2025-07-24,4,4,93.73,0.0,2025-08-07,2025-12-17,True,False
CUST-101727,External Traffic,US-East,0.56,2025-08-01,1,1,16.51,0.0,2025-08-23,2025-08-23,False,True
CUST-101728,Sponsored Ads,US-East,0.264,2025-04-18,1,1,18.85,0.0,2025-04-27,2025-04-27,False,True
CUST-101729,Sponsored Ads,US-South,0.709,2025-10-26,1,1,20.18,0.0,2025-11-06,2025-11-06,False,False
CUST-101730,Referral,US-East,0.53,2025-08-12,1,1,13.1,0.0,2025-11-28,2025-11-28,False,False
CUST-101731,Sponsored Ads,US-East,0.77,2025-02-24,4,4,82.99,0.0,2025-02-26,2025-05-14,True,True
CUST-101732,Organic Search,US-East,0.574,2025-10-04,2,49,1424.28,0.0,2025-10-18,2025-12-21,True,False
CUST-101733,Sponsored Ads,US-South,0.287,2025-08-10,2,2,36.44,0.0,2025-09-13,2025-10-08,True,False
CUST-101734,External Traffic,US-South,0.592,2025-04-04,5,5,134.45,0.0,2025-04-08,2025-09-16,True,True
CUST-101735,Organic Search,US-West,0.634,2025-10-12,1,1,25.12,0.0,2025-11-29,2025-11-29,False,False
CUST-101736,External Traffic,US-East,0.39,2025-03-16,2,2,42.29,0.0,2025-03-16,2025-09-08,True,True
CUST-101737,Sponsored Ads,US-South,0.212,2025-07-13,1,1,31.04,0.0,2025-11-20,2025-11-20,False,False
CUST-101738,Organic Search,US-South,0.52,2025-07-21,2,2,58.58,0.0,2025-09-17,2025-10-16,True,False
CUST-101739,External Traffic,US-South,0.3,2025-10-16,2,2,55.5,0.0,2025-11-04,2025-11-27,True,False
CUST-101740,Sponsored Ads,US-South,0.724,2025-06-21,2,2,34.75,0.0,2025-08-25,2025-12-17,True,False
CUST-101741,Sponsored Ads,US-South,0.419,2025-10-26,1,1,11.93,0.0,2025-11-18,2025-11-18,False,False
CUST-101742,Sponsored Ads,US-East,0.845,2025-03-27,5,5,106.23,0.0,2025-03-28,2025-07-13,True,True
CUST-101743,Referral,US-South,0.075,2025-08-29,1,1,33.69,0.0,2025-11-22,2025-11-22,False,False
CUST-101744,Organic Search,US-East,0.527,2025-03-15,2,2,50.86,0.0,2025-04-16,2025-07-11,True,True
CUST-101745,Organic Search,US-East,0.786,2025-10-27,1,1,31.24,0.0,2025-11-27,2025-11-27,False,False
CUST-101746,Organic Search,US-West,0.322,2025-08-18,1,1,21.76,0.0,2025-09-03,2025-09-03,False,True
CUST-101747,Organic Search,US-East,0.468,2025-07-07,1,1,21.17,0.0,2025-07-08,2025-07-08,False,True
CUST-101748,Organic Search,US-West,0.419,2025-01-20,5,5,103.29,0.0,2025-01-20,2025-07-19,True,True
CUST-101749,Organic Search,US-West,0.363,2025-05-30,1,1,24.32,0.0,2025-06-26,2025-06-26,False,True
CUST-101750,Organic Search,US-East,0.549,2025-02-13,6,6,103.71,0.0,2025-02-17,2025-08-09,True,True
CUST-101751,Sponsored Ads,US-South,0.241,2025-10-03,1,1,12.7,0.0,2025-10-15,2025-10-15,False,False
CUST-101752,External Traffic,US-Midwest,0.478,2025-04-24,2,2,43.12,0.0,2025-04-25,2025-05-08,True,True
CUST-101753,External Traffic,US-West,0.603,2025-09-07,2,2,43.93,15.82,2025-10-01,2025-11-10,True,False
CUST-101754,Sponsored Ads,US-Midwest,0.457,2025-09-29,1,1,30.35,0.0,2025-10-20,2025-10-20,False,False
CUST-101755,Organic Search,US-East,0.3,2025-02-03,1,1,34.52,0.0,2025-02-03,2025-02-03,False,True
CUST-101756,Sponsored Ads,US-South,0.706,2025-08-16,3,3,53.04,0.0,2025-08-27,2025-12-18,True,False
CUST-101757,Referral,US-South,0.646,2025-04-01,5,60,1213.7,13.2,2025-04-26,2025-11-02,True,False
CUST-101758,Referral,US-Midwest,0.292,2025-02-02,1,1,22.25,0.0,2025-02-06,2025-02-06,False,True
CUST-101759,Referral,US-West,0.241,2025-03-20,1,1,16.36,0.0,2025-04-04,2025-04-04,False,True
CUST-101760,Sponsored Ads,US-Midwest,0.31,2025-06-14,1,1,29.81,0.0,2025-07-05,2025-07-05,False,True
CUST-101761,Sponsored Ads,US-West,0.609,2025-09-14,1,1,12.46,0.0,2025-11-25,2025-11-25,False,False
CUST-101762,Sponsored Ads,US-Midwest,0.555,2025-07-27,3,3,75.62,0.0,2025-07-28,2025-12-12,True,False
CUST-101763,Sponsored Ads,US-South,0.658,2025-03-11,3,3,67.41,0.0,2025-03-20,2025-11-08,True,False
CUST-101764,Sponsored Ads,US-East,0.435,2025-03-30,3,3,68.68,0.0,2025-04-18,2025-04-24,True,True
CUST-101765,Sponsored Ads,US-East,0.315,2025-04-02,2,2,41.26,11.63,2025-04-07,2025-11-14,True,False
CUST-101766,Referral,US-West,0.684,2025-08-09,3,3,66.3,0.0,2025-08-26,2025-12-25,True,False
CUST-101767,Sponsored Ads,US-Midwest,0.389,2025-06-05,2,2,55.25,0.0,2025-07-10,2025-10-19,True,False
CUST-101768,Sponsored Ads,US-South,0.537,2025-01-08,4,4,67.02,0.0,2025-01-08,2025-07-29,True,True
CUST-101769,External Traffic,US-Midwest,0.19,2025-01-23,1,1,20.07,0.0,2025-01-26,2025-01-26,False,True
CUST-101770,Organic Search,US-South,0.386,2025-01-23,5,5,117.54,0.0,2025-01-23,2025-12-03,True,False
CUST-101771,External Traffic,US-Midwest,0.702,2025-10-16,1,1,11.88,0.0,2025-11-23,2025-11-23,False,False
CUST-101772,Organic Search,US-Midwest,0.357,2025-06-01,2,2,62.98,0.0,2025-06-08,2025-12-11,True,False
CUST-101773,External Traffic,US-East,0.663,2025-05-28,4,4,64.92,0.0,2025-06-05,2025-12-14,True,False
CUST-101774,Organic Search,US-South,0.034,2025-08-17,3,3,72.79,0.0,2025-09-04,2025-12-24,True,False
CUST-101775,Organic Search,US-East,0.388,2025-02-27,2,2,36.16,0.0,2025-03-06,2025-03-10,True,True
CUST-101776,Organic Search,US-Midwest,0.466,2025-01-10,8,8,174.57,0.0,2025-01-10,2025-12-14,True,False
CUST-101777,Organic Search,US-South,0.849,2025-03-23,2,2,33.04,0.0,2025-04-14,2025-07-22,True,True
CUST-101778,Sponsored Ads,US-East,0.266,2025-03-04,1,1,29.21,0.0,2025-04-28,2025-04-28,False,True
CUST-101779,Organic Search,US-South,0.634,2025-08-28,2,2,48.68,0.0,2025-09-24,2025-10-03,True,False
CUST-101780,Sponsored Ads,US-East,0.711,2025-09-03,3,3,40.64,0.0,2025-09-20,2025-12-14,True,False
CUST-101781,External Traffic,US-South,0.356,2025-07-10,1,1,19.4,0.0,2025-07-14,2025-07-14,False,True
CUST-101782,Sponsored Ads,US-East,0.425,2025-09-30,1,1,19.79,0.0,2025-10-07,2025-10-07,False,False
CUST-101783,Sponsored Ads,US-East,0.528,2025-05-20,3,3,63.91,0.0,2025-06-12,2025-12-09,True,False
CUST-101784,Sponsored Ads,US-Midwest,0.204,2025-03-14,1,1,26.19,0.0,2025-04-01,2025-04-01,False,True
CUST-101785,External Traffic,US-West,0.409,2025-04-10,2,2,55.47,0.0,2025-04-13,2025-12-28,True,False
CUST-101786,Sponsored Ads,US-Midwest,0.755,2025-02-12,4,4,101.78,0.0,2025-02-20,2025-12-21,True,False
CUST-101787,Organic Search,US-West,0.605,2025-09-28,1,1,12.19,0.0,2025-11-25,2025-11-25,False,False
CUST-101788,External Traffic,US-West,0.469,2025-07-01,2,2,43.99,0.0,2025-07-13,2025-10-07,True,False
CUST-101789,Sponsored Ads,US-West,0.523,2025-08-20,2,2,59.68,0.0,2025-10-02,2025-12-02,True,False
CUST-101790,External Traffic,US-West,0.616,2025-03-26,4,4,84.49,0.0,2025-03-26,2025-07-23,True,True
CUST-101791,Sponsored Ads,US-West,0.654,2025-08-04,2,2,31.13,0.0,2025-09-01,2025-10-22,True,False
CUST-101792,Sponsored Ads,US-Midwest,0.389,2025-04-10,1,1,33.86,0.0,2025-05-03,2025-05-03,False,True
CUST-101793,Organic Search,US-Midwest,0.807,2025-05-14,3,3,56.9,0.0,2025-05-14,2025-11-21,True,False
CUST-101794,Referral,US-South,0.763,2025-07-15,2,2,34.77,0.0,2025-09-03,2025-12-05,True,False
CUST-101795,Sponsored Ads,US-West,0.635,2025-10-22,1,1,18.29,0.0,2025-11-24,2025-11-24,False,False
CUST-101796,Organic Search,US-Midwest,0.331,2025-06-17,3,3,54.44,0.0,2025-06-24,2025-12-17,True,False
CUST-101797,Sponsored Ads,US-South,0.296,2025-08-02,2,2,55.17,22.1,2025-08-19,2025-12-13,True,False
CUST-101798,Organic Search,US-South,0.435,2025-06-28,4,4,102.69,0.0,2025-07-07,2025-12-13,True,False
CUST-101799,Organic Search,US-Midwest,0.512,2025-05-08,1,1,15.54,0.0,2025-05-22,2025-05-22,False,True
CUST-101800,Organic Search,US-East,0.146,2025-10-07,1,1,15.52,0.0,2025-11-15,2025-11-15,False,False
CUST-101801,Organic Search,US-East,0.599,2025-10-16,2,2,45.04,15.11,2025-11-24,2025-12-12,True,False
CUST-101802,Sponsored Ads,US-Midwest,0.757,2025-04-04,2,2,44.2,30.79,2025-04-14,2025-05-04,True,True
CUST-101803,Organic Search,US-South,0.615,2025-09-26,1,1,13.23,0.0,2025-10-13,2025-10-13,False,False
CUST-101804,Organic Search,US-South,0.365,2025-05-16,3,3,85.5,0.0,2025-05-27,2025-11-13,True,False
CUST-101805,Organic Search,US-South,0.341,2025-08-10,1,1,30.26,0.0,2025-10-12,2025-10-12,False,False
CUST-101806,Sponsored Ads,US-Midwest,0.56,2025-06-05,1,1,21.59,0.0,2025-06-30,2025-06-30,False,True
CUST-101807,Organic Search,US-East,0.469,2025-08-19,1,1,13.01,0.0,2025-10-28,2025-10-28,False,False
CUST-101808,Organic Search,US-West,0.589,2025-09-19,1,1,12.78,0.0,2025-11-12,2025-11-12,False,False
CUST-101809,Sponsored Ads,US-East,0.62,2025-05-08,5,5,105.1,0.0,2025-05-24,2025-10-08,True,False
CUST-101810,Sponsored Ads,US-South,0.718,2025-07-30,3,3,79.51,0.0,2025-08-11,2025-09-27,True,True
CUST-101811,Organic Search,US-Midwest,0.274,2025-06-02,3,3,70.54,0.0,2025-06-09,2025-12-14,True,False
CUST-101812,Organic Search,US-East,0.544,2025-08-28,1,1,27.04,0.0,2025-11-22,2025-11-22,False,False
CUST-101813,Sponsored Ads,US-South,0.427,2025-02-27,4,4,81.64,0.0,2025-03-03,2025-11-05,True,False
CUST-101814,External Traffic,US-Midwest,0.48,2025-08-07,2,2,56.03,0.0,2025-08-09,2025-12-02,True,False
CUST-101815,Organic Search,US-Midwest,0.673,2025-06-28,1,1,19.96,0.0,2025-09-22,2025-09-22,False,True
CUST-101816,External Traffic,US-Midwest,0.695,2025-05-16,3,3,66.95,0.0,2025-05-16,2025-11-27,True,False
CUST-101817,Organic Search,US-Midwest,0.78,2025-04-21,2,2,46.34,0.0,2025-06-05,2025-09-29,True,True
CUST-101818,Organic Search,US-South,0.585,2025-07-30,3,50,680.23,0.0,2025-08-19,2025-09-18,True,True
CUST-101819,Organic Search,US-East,0.478,2025-04-15,3,3,75.9,0.0,2025-04-15,2025-05-05,True,True
CUST-101820,Referral,US-East,0.449,2025-01-10,8,8,137.83,0.0,2025-01-10,2025-08-31,True,True
CUST-101821,Organic Search,US-South,0.153,2025-10-12,1,1,19.2,19.2,2025-10-16,2025-10-16,False,False
CUST-101822,Organic Search,US-West,0.768,2025-05-15,4,4,102.62,0.0,2025-06-10,2025-11-23,True,False
CUST-101823,Organic Search,US-South,0.436,2025-02-19,7,7,152.85,0.0,2025-03-05,2025-12-05,True,False
CUST-101824,Organic Search,US-South,0.601,2025-03-09,3,3,57.46,0.0,2025-03-13,2025-12-09,True,False
CUST-101825,Sponsored Ads,US-South,0.636,2025-09-06,1,1,32.17,0.0,2025-09-14,2025-09-14,False,True
CUST-101826,Organic Search,US-East,0.251,2025-04-10,1,1,31.56,0.0,2025-04-14,2025-04-14,False,True
CUST-101827,Organic Search,US-South,0.315,2025-03-26,3,3,85.78,0.0,2025-04-09,2025-12-22,True,False
CUST-101828,Referral,US-West,0.809,2025-05-27,4,4,100.1,0.0,2025-06-23,2025-12-13,True,False
CUST-101829,Organic Search,US-South,0.558,2025-01-09,10,56,1650.52,0.0,2025-01-09,2025-07-07,True,True
CUST-101830,Organic Search,US-Midwest,0.384,2025-06-18,1,1,16.03,0.0,2025-10-25,2025-10-25,False,False
CUST-101831,Referral,US-Midwest,0.475,2025-01-13,6,6,99.89,0.0,2025-01-13,2025-09-17,True,True
CUST-101832,Organic Search,US-Midwest,0.717,2025-09-08,1,1,21.87,21.87,2025-10-06,2025-10-06,False,False
CUST-101833,Sponsored Ads,US-East,0.687,2025-05-09,2,2,26.07,13.69,2025-05-15,2025-06-09,True,True
CUST-101834,Sponsored Ads,US-West,0.207,2025-03-07,1,1,12.17,0.0,2025-04-07,2025-04-07,False,True
CUST-101835,Sponsored Ads,US-South,0.827,2025-05-17,1,1,32.98,0.0,2025-06-13,2025-06-13,False,True
CUST-101836,Sponsored Ads,US-West,0.693,2025-02-22,2,2,54.99,0.0,2025-02-23,2025-04-22,True,True
CUST-101837,Organic Search,US-East,0.47,2025-04-07,3,3,78.06,0.0,2025-04-08,2025-11-30,True,False
CUST-101838,External Traffic,US-South,0.262,2025-02-09,1,1,24.72,0.0,2025-02-09,2025-02-09,False,True
CUST-101839,Organic Search,US-South,0.711,2025-07-20,1,1,11.8,0.0,2025-08-12,2025-08-12,False,True
CUST-101840,Sponsored Ads,US-South,0.595,2025-10-20,1,1,21.04,0.0,2025-10-20,2025-10-20,False,False
CUST-101841,Organic Search,US-Midwest,0.208,2025-05-26,2,2,35.02,0.0,2025-06-08,2025-09-14,True,True
CUST-101842,Sponsored Ads,US-West,0.454,2025-01-30,4,36,812.18,0.0,2025-01-31,2025-07-08,True,True
CUST-101843,Referral,US-Midwest,0.95,2025-01-23,7,7,147.6,0.0,2025-01-25,2025-07-28,True,True
CUST-101844,Sponsored Ads,US-South,0.503,2025-09-07,1,1,23.84,0.0,2025-10-28,2025-10-28,False,False
CUST-101845,Organic Search,US-East,0.352,2025-04-15,2,2,45.53,0.0,2025-04-27,2025-12-03,True,False
CUST-101846,Sponsored Ads,US-East,0.298,2025-03-30,1,1,30.6,0.0,2025-05-24,2025-05-24,False,True
CUST-101847,Organic Search,US-South,0.854,2025-01-31,5,5,98.99,0.0,2025-02-03,2025-10-07,True,False
CUST-101848,Organic Search,US-South,0.67,2025-07-19,1,1,25.42,0.0,2025-08-31,2025-08-31,False,True
CUST-101849,External Traffic,US-East,0.781,2025-01-19,9,9,217.31,0.0,2025-01-19,2025-11-08,True,False
CUST-101850,Sponsored Ads,US-West,0.55,2025-09-29,1,1,32.86,0.0,2025-11-06,2025-11-06,False,False
CUST-101851,Referral,US-West,0.751,2025-03-04,2,2,28.99,0.0,2025-03-06,2025-09-12,True,True
CUST-101852,Organic Search,US-East,0.33,2025-01-21,4,4,64.35,0.0,2025-01-21,2025-04-26,True,True
CUST-101853,External Traffic,US-East,0.533,2025-07-30,1,1,11.96,0.0,2025-08-21,2025-08-21,False,True
CUST-101854,External Traffic,US-South,0.557,2025-04-17,5,5,93.03,0.0,2025-04-24,2025-12-25,True,False
CUST-101855,Referral,US-Midwest,0.776,2025-07-28,2,2,48.14,0.0,2025-08-09,2025-12-19,True,False
CUST-101856,Sponsored Ads,US-West,0.564,2025-01-12,3,3,80.15,0.0,2025-01-13,2025-02-01,True,True
CUST-101857,Sponsored Ads,US-East,0.375,2025-09-16,3,3,79.48,0.0,2025-11-27,2025-12-20,True,False
CUST-101858,Sponsored Ads,US-West,0.513,2025-04-03,2,2,34.61,11.66,2025-04-08,2025-11-30,True,False
CUST-101859,Sponsored Ads,US-Midwest,0.165,2025-08-15,2,2,46.48,0.0,2025-08-22,2025-10-29,True,False
CUST-101860,Organic Search,US-South,0.036,2025-10-08,1,1,21.28,0.0,2025-11-17,2025-11-17,False,False
CUST-101861,Referral,US-West,0.666,2025-06-10,1,1,17.65,0.0,2025-08-25,2025-08-25,False,True
CUST-101862,Referral,US-East,0.425,2025-04-11,2,2,47.79,0.0,2025-04-23,2025-06-12,True,True
CUST-101863,Organic Search,US-South,0.448,2025-04-04,1,1,16.12,0.0,2025-04-20,2025-04-20,False,True
CUST-101864,Organic Search,US-Midwest,0.666,2025-07-25,3,37,432.75,0.0,2025-08-08,2025-12-30,True,False
CUST-101865,External Traffic,US-South,0.779,2025-01-02,12,12,268.0,58.26,2025-01-02,2025-10-16,True,False
CUST-101866,Referral,US-East,0.607,2025-02-14,1,1,13.22,0.0,2025-02-14,2025-02-14,False,True
CUST-101867,Sponsored Ads,US-South,0.886,2025-07-14,3,3,44.31,0.0,2025-08-05,2025-12-15,True,False
CUST-101868,Organic Search,US-South,0.601,2025-01-08,7,7,131.04,12.56,2025-01-08,2025-10-31,True,False
CUST-101869,External Traffic,US-South,0.56,2025-03-28,3,3,52.01,0.0,2025-04-24,2025-11-26,True,False
CUST-101870,Sponsored Ads,US-West,0.548,2025-07-14,1,1,15.89,0.0,2025-07-22,2025-07-22,False,True
CUST-101871,Organic Search,US-South,0.243,2025-03-17,1,1,22.83,0.0,2025-03-17,2025-03-17,False,True
CUST-101872,Referral,US-West,0.691,2025-10-07,1,1,11.53,0.0,2025-10-08,2025-10-08,False,False
CUST-101873,Referral,US-Midwest,0.02,2025-10-20,1,1,33.01,0.0,2025-10-24,2025-10-24,False,False
CUST-101874,Referral,US-Midwest,0.383,2025-01-11,3,3,75.8,0.0,2025-01-11,2025-03-15,True,True
CUST-101875,External Traffic,US-South,0.505,2025-02-22,5,5,125.19,0.0,2025-02-23,2025-11-18,True,False
CUST-101876,Sponsored Ads,US-South,0.342,2025-09-30,1,1,31.16,0.0,2025-11-05,2025-11-05,False,False
CUST-101877,Sponsored Ads,US-West,0.41,2025-01-10,8,8,174.86,0.0,2025-01-10,2025-08-02,True,True
CUST-101878,Organic Search,US-Midwest,0.868,2025-05-26,5,37,741.96,0.0,2025-05-29,2025-12-27,True,False
CUST-101879,Organic Search,US-East,0.721,2025-10-12,1,1,32.95,0.0,2025-11-23,2025-11-23,False,False
CUST-101880,Organic Search,US-East,0.363,2025-06-26,3,3,70.22,0.0,2025-06-27,2025-10-24,True,False
CUST-101881,Organic Search,US-South,0.406,2025-04-02,3,3,35.54,11.62,2025-04-11,2025-12-15,True,False
CUST-101882,Organic Search,US-Midwest,0.245,2025-01-02,6,6,132.38,0.0,2025-01-04,2025-12-04,True,False
CUST-101883,Organic Search,US-East,0.641,2025-04-29,1,1,19.47,0.0,2025-05-07,2025-05-07,False,True
CUST-101884,Sponsored Ads,US-South,0.45,2025-06-12,2,2,48.8,0.0,2025-06-21,2025-12-16,True,False
CUST-101885,Sponsored Ads,US-South,0.107,2025-01-25,2,42,1074.2,0.0,2025-01-28,2025-02-01,True,True
CUST-101886,Sponsored Ads,US-East,0.52,2025-06-08,4,4,90.73,0.0,2025-07-08,2025-12-22,True,False
CUST-101887,Sponsored Ads,US-South,0.588,2025-05-02,2,2,46.37,0.0,2025-05-08,2025-12-16,True,False
CUST-101888,External Traffic,US-Midwest,0.693,2025-04-08,1,1,11.83,0.0,2025-04-15,2025-04-15,False,True
CUST-101889,Organic Search,US-East,0.485,2025-10-19,1,1,15.74,0.0,2025-11-22,2025-11-22,False,False
CUST-101890,Sponsored Ads,US-Midwest,0.425,2025-09-26,1,1,34.07,0.0,2025-11-03,2025-11-03,False,False
CUST-101891,External Traffic,US-Midwest,0.897,2025-07-28,2,2,46.93,0.0,2025-08-12,2025-12-01,True,False
CUST-101892,Organic Search,US-Midwest,0.501,2025-06-27,3,3,83.72,0.0,2025-07-11,2025-12-24,True,False
CUST-101893,Sponsored Ads,US-South,0.644,2025-05-23,3,3,43.85,0.0,2025-06-20,2025-12-20,True,False
CUST-101894,Sponsored Ads,US-Midwest,0.392,2025-01-22,1,1,14.43,0.0,2025-01-25,2025-01-25,False,True
CUST-101895,Sponsored Ads,US-South,0.638,2025-04-03,3,3,58.49,0.0,2025-04-13,2025-09-28,True,True
CUST-101896,Organic Search,US-Midwest,0.209,2025-01-04,3,3,52.43,0.0,2025-01-04,2025-01-30,True,True
CUST-101897,Sponsored Ads,US-South,0.408,2025-04-20,1,1,30.77,0.0,2025-05-10,2025-05-10,False,True
CUST-101898,Sponsored Ads,US-Midwest,0.258,2025-05-23,1,1,30.34,0.0,2025-05-24,2025-05-24,False,True
CUST-101899,Sponsored Ads,US-Midwest,0.379,2025-07-03,2,2,37.51,0.0,2025-07-11,2025-09-14,True,True
CUST-101900,Organic Search,US-Midwest,0.75,2025-04-17,2,2,43.61,0.0,2025-04-27,2025-11-20,True,False
CUST-101901,Sponsored Ads,US-South,0.378,2025-03-18,1,1,25.49,0.0,2025-03-18,2025-03-18,False,True
CUST-101902,External Traffic,US-South,0.644,2025-08-02,2,2,27.81,0.0,2025-08-20,2025-12-17,True,False
CUST-101903,Sponsored Ads,US-Midwest,0.803,2025-02-15,6,6,127.5,0.0,2025-02-18,2025-11-23,True,False
CUST-101904,Organic Search,US-East,0.494,2025-02-07,3,3,71.32,0.0,2025-02-24,2025-11-22,True,False
CUST-101905,Organic Search,US-West,0.699,2025-07-28,1,1,31.75,0.0,2025-08-10,2025-08-10,False,True
CUST-101906,Organic Search,US-Midwest,0.606,2025-06-25,1,1,26.07,0.0,2025-08-13,2025-08-13,False,True
CUST-101907,Sponsored Ads,US-South,0.523,2025-09-18,1,1,23.05,0.0,2025-11-22,2025-11-22,False,False
CUST-101908,External Traffic,US-East,0.65,2025-08-10,1,1,20.11,0.0,2025-11-17,2025-11-17,False,False
CUST-101909,External Traffic,US-South,0.868,2025-09-28,3,3,48.78,0.0,2025-10-05,2025-11-15,True,False
CUST-101910,Sponsored Ads,US-West,0.373,2025-07-19,1,1,20.73,0.0,2025-08-11,2025-08-11,False,True
CUST-101911,Sponsored Ads,US-East,0.308,2025-09-10,3,3,53.18,0.0,2025-10-17,2025-12-29,True,False
CUST-101912,Referral,US-East,0.296,2025-02-20,4,4,95.43,0.0,2025-02-23,2025-12-12,True,False
CUST-101913,Organic Search,US-East,0.699,2025-06-09,2,2,62.68,0.0,2025-06-10,2025-08-13,True,True
CUST-101914,Sponsored Ads,US-Midwest,0.726,2025-10-11,2,2,45.21,0.0,2025-11-19,2025-12-29,True,False
CUST-101915,Sponsored Ads,US-South,0.393,2025-08-25,2,48,1487.92,0.0,2025-09-09,2025-11-12,True,False
CUST-101916,Organic Search,US-West,0.073,2025-05-01,1,1,18.98,0.0,2025-05-13,2025-05-13,False,True
CUST-101917,Organic Search,US-East,0.365,2025-10-05,2,2,33.82,0.0,2025-10-31,2025-12-15,True,False
CUST-101918,Organic Search,US-West,0.61,2025-04-04,6,6,133.4,17.95,2025-04-04,2025-12-15,True,False
CUST-101919,Referral,US-Midwest,0.487,2025-01-08,7,7,135.97,0.0,2025-01-08,2025-08-01,True,True
CUST-101920,Organic Search,US-East,0.536,2025-08-27,1,1,24.28,0.0,2025-09-12,2025-09-12,False,True
CUST-101921,Sponsored Ads,US-East,0.395,2025-05-04,3,3,68.34,0.0,2025-05-05,2025-09-17,True,True
CUST-101922,Organic Search,US-East,0.703,2025-01-11,8,32,537.61,51.6,2025-01-12,2025-06-25,True,True
CUST-101923,Sponsored Ads,US-West,0.569,2025-03-03,1,1,23.75,0.0,2025-03-08,2025-03-08,False,True
CUST-101924,Sponsored Ads,US-Midwest,0.617,2025-01-22,4,4,75.59,0.0,2025-01-24,2025-07-30,True,True
CUST-101925,Sponsored Ads,US-South,0.532,2025-10-27,2,2,43.51,0.0,2025-11-20,2025-12-05,True,False
CUST-101926,Sponsored Ads,US-East,0.605,2025-09-12,1,1,15.93,0.0,2025-10-31,2025-10-31,False,False
CUST-101927,Organic Search,US-East,0.592,2025-10-06,1,1,18.03,0.0,2025-10-23,2025-10-23,False,False
CUST-101928,Sponsored Ads,US-South,0.314,2025-02-24,2,2,51.65,0.0,2025-04-14,2025-08-28,True,True
CUST-101929,Organic Search,US-West,0.575,2025-08-29,1,1,24.12,0.0,2025-08-29,2025-08-29,False,True
CUST-101930,Organic Search,US-Midwest,0.658,2025-06-19,2,2,53.71,0.0,2025-07-20,2025-12-19,True,False
CUST-101931,Organic Search,US-South,0.731,2025-03-30,3,3,82.38,0.0,2025-04-15,2025-12-05,True,False
CUST-101932,External Traffic,US-West,0.583,2025-07-20,1,1,15.76,0.0,2025-07-28,2025-07-28,False,True
CUST-101933,External Traffic,US-South,0.307,2025-10-13,1,1,32.07,0.0,2025-11-27,2025-11-27,False,False
CUST-101934,Organic Search,US-Midwest,0.338,2025-05-19,1,1,21.88,0.0,2025-06-04,2025-06-04,False,True
CUST-101935,Sponsored Ads,US-West,0.413,2025-01-09,4,4,96.73,20.04,2025-01-09,2025-01-15,True,True
CUST-101936,Organic Search,US-South,0.538,2025-09-10,1,1,20.31,20.31,2025-11-26,2025-11-26,False,False
CUST-101937,Organic Search,US-South,0.476,2025-02-26,6,6,115.28,0.0,2025-02-28,2025-07-07,True,True
CUST-101938,Sponsored Ads,US-Midwest,0.275,2025-02-24,1,1,19.33,0.0,2025-03-07,2025-03-07,False,True
CUST-101939,Sponsored Ads,US-South,0.274,2025-07-05,2,2,39.33,24.36,2025-08-03,2025-12-13,True,False
CUST-101940,Sponsored Ads,US-South,0.08,2025-08-28,1,1,15.02,0.0,2025-10-06,2025-10-06,False,False
CUST-101941,Organic Search,US-Midwest,0.02,2025-08-26,1,1,32.31,0.0,2025-10-02,2025-10-02,False,False
CUST-101942,Organic Search,US-Midwest,0.474,2025-09-18,1,1,13.02,0.0,2025-09-20,2025-09-20,False,True
CUST-101943,Sponsored Ads,US-East,0.95,2025-09-23,3,3,63.2,0.0,2025-10-05,2025-12-03,True,False
CUST-101944,External Traffic,US-South,0.859,2025-02-08,6,6,112.62,0.0,2025-02-26,2025-12-30,True,False
CUST-101945,Referral,US-West,0.304,2025-04-01,2,2,48.35,0.0,2025-04-09,2025-06-05,True,True
CUST-101946,Sponsored Ads,US-Midwest,0.53,2025-08-05,1,1,31.66,0.0,2025-09-04,2025-09-04,False,True
CUST-101947,Referral,US-Midwest,0.207,2025-04-28,2,2,57.46,0.0,2025-05-02,2025-06-23,True,True
CUST-101948,Sponsored Ads,US-East,0.238,2025-08-03,2,2,48.38,0.0,2025-11-26,2025-12-15,True,False
CUST-101949,Referral,US-South,0.261,2025-05-17,2,2,44.78,0.0,2025-06-08,2025-11-15,True,False
CUST-101950,Referral,US-Midwest,0.455,2025-05-16,3,3,67.98,0.0,2025-07-05,2025-10-15,True,False
CUST-101951,Sponsored Ads,US-West,0.464,2025-01-09,8,8,169.34,0.0,2025-01-09,2025-10-31,True,False
CUST-101952,External Traffic,US-South,0.551,2025-07-02,1,1,21.96,0.0,2025-07-16,2025-07-16,False,True
CUST-101953,Referral,US-Midwest,0.633,2025-09-17,4,4,88.16,25.61,2025-10-05,2025-12-14,True,False
CUST-101954,Referral,US-Midwest,0.433,2025-09-03,1,1,22.51,0.0,2025-10-06,2025-10-06,False,False
CUST-101955,Referral,US-West,0.507,2025-04-12,1,1,31.4,0.0,2025-04-16,2025-04-16,False,True
CUST-101956,Organic Search,US-Midwest,0.281,2025-07-23,3,3,59.35,0.0,2025-09-10,2025-12-23,True,False
CUST-101957,Sponsored Ads,US-Midwest,0.231,2025-03-01,2,2,45.27,0.0,2025-03-04,2025-12-23,True,False
CUST-101958,External Traffic,US-West,0.2,2025-07-10,2,2,46.62,0.0,2025-07-24,2025-12-10,True,False
CUST-101959,Organic Search,US-South,0.63,2025-05-03,3,3,64.8,0.0,2025-05-05,2025-09-15,True,True
CUST-101960,Organic Search,US-South,0.432,2025-10-06,2,2,42.61,0.0,2025-10-12,2025-12-14,True,False
CUST-101961,Organic Search,US-Midwest,0.126,2025-08-02,1,1,13.31,0.0,2025-08-10,2025-08-10,False,True
CUST-101962,Organic Search,US-West,0.487,2025-01-22,4,4,89.74,0.0,2025-01-24,2025-06-16,True,True
CUST-101963,Sponsored Ads,US-Midwest,0.25,2025-09-19,1,1,16.72,0.0,2025-11-02,2025-11-02,False,False
CUST-101964,Organic Search,US-South,0.832,2025-08-06,2,2,52.63,0.0,2025-08-06,2025-12-19,True,False
CUST-101965,Sponsored Ads,US-East,0.384,2025-03-06,1,1,19.43,0.0,2025-03-14,2025-03-14,False,True
CUST-101966,Organic Search,US-East,0.636,2025-03-26,3,3,73.32,0.0,2025-04-26,2025-09-15,True,True
CUST-101967,External Traffic,US-Midwest,0.718,2025-02-21,4,4,77.45,0.0,2025-03-09,2025-11-02,True,False
CUST-101968,Organic Search,US-Midwest,0.309,2025-04-04,1,1,15.25,0.0,2025-04-17,2025-04-17,False,True
CUST-101969,Organic Search,US-East,0.515,2025-10-11,1,33,654.05,0.0,2025-11-07,2025-11-07,False,False
CUST-101970,Sponsored Ads,US-Midwest,0.611,2025-09-28,1,1,21.77,21.77,2025-10-01,2025-10-01,False,True
CUST-101971,Referral,US-South,0.523,2025-06-15,3,3,57.63,0.0,2025-06-16,2025-08-14,True,True
CUST-101972,Organic Search,US-West,0.572,2025-04-19,3,3,65.1,28.45,2025-04-25,2025-10-02,True,False
CUST-101973,Sponsored Ads,US-South,0.234,2025-04-20,3,3,68.14,0.0,2025-05-17,2025-09-13,True,True
CUST-101974,Sponsored Ads,US-Midwest,0.611,2025-10-15,1,1,11.93,0.0,2025-11-20,2025-11-20,False,False
CUST-101975,Sponsored Ads,US-West,0.403,2025-03-01,3,3,82.46,0.0,2025-03-01,2025-06-05,True,True
CUST-101976,Organic Search,US-West,0.57,2025-08-16,1,1,19.65,0.0,2025-08-20,2025-08-20,False,True
CUST-101977,Referral,US-West,0.684,2025-10-26,1,1,16.29,0.0,2025-11-09,2025-11-09,False,False
CUST-101978,Organic Search,US-South,0.634,2025-09-14,1,1,16.32,0.0,2025-10-12,2025-10-12,False,False
CUST-101979,Sponsored Ads,US-West,0.57,2025-08-04,1,1,11.85,0.0,2025-08-07,2025-08-07,False,True
CUST-101980,External Traffic,US-Midwest,0.628,2025-09-27,3,3,72.09,53.99,2025-10-09,2025-12-04,True,False
CUST-101981,Sponsored Ads,US-West,0.638,2025-03-07,4,4,89.83,0.0,2025-03-12,2025-10-05,True,False
CUST-101982,External Traffic,US-West,0.799,2025-10-23,2,2,37.26,0.0,2025-11-26,2025-12-28,True,False
CUST-101983,Sponsored Ads,US-East,0.493,2025-01-28,6,58,1222.97,0.0,2025-02-05,2025-10-05,True,False
CUST-101984,Organic Search,US-Midwest,0.533,2025-01-05,4,29,632.32,0.0,2025-01-06,2025-01-22,True,True
CUST-101985,Referral,US-Midwest,0.686,2025-03-01,2,2,37.8,0.0,2025-03-03,2025-11-26,True,False
CUST-101986,Sponsored Ads,US-East,0.402,2025-07-02,1,1,11.97,0.0,2025-07-11,2025-07-11,False,True
CUST-101987,Organic Search,US-South,0.233,2025-03-16,2,2,42.84,0.0,2025-03-17,2025-03-24,True,True
CUST-101988,Referral,US-Midwest,0.599,2025-07-10,4,4,89.75,0.0,2025-07-19,2025-12-20,True,False
CUST-101989,Sponsored Ads,US-Midwest,0.459,2025-02-03,2,2,45.24,0.0,2025-02-07,2025-07-10,True,True
CUST-101990,Sponsored Ads,US-West,0.258,2025-07-29,1,1,19.62,0.0,2025-09-19,2025-09-19,False,True
CUST-101991,Organic Search,US-Midwest,0.6,2025-03-10,4,4,86.51,0.0,2025-03-12,2025-10-04,True,False
CUST-101992,Sponsored Ads,US-Midwest,0.786,2025-06-07,5,5,68.6,0.0,2025-06-13,2025-12-21,True,False
CUST-101993,Sponsored Ads,US-South,0.174,2025-02-05,3,3,45.62,0.0,2025-02-05,2025-06-18,True,True
CUST-101994,Organic Search,US-South,0.704,2025-10-19,3,3,70.38,0.0,2025-11-10,2025-12-06,True,False
CUST-101995,External Traffic,US-East,0.02,2025-04-24,1,1,30.28,0.0,2025-05-11,2025-05-11,False,True
CUST-101996,Sponsored Ads,US-Midwest,0.42,2025-07-01,2,2,44.97,0.0,2025-07-13,2025-12-16,True,False
CUST-101997,Sponsored Ads,US-Midwest,0.868,2025-05-26,1,1,25.08,0.0,2025-06-15,2025-06-15,False,True
CUST-101998,External Traffic,US-South,0.434,2025-06-28,2,2,42.71,0.0,2025-07-08,2025-12-26,True,False
CUST-101999,Organic Search,US-South,0.518,2025-05-17,2,2,35.96,0.0,2025-05-19,2025-11-29,True,False
CUST-102000,External Traffic,US-East,0.653,2025-01-22,3,3,72.55,0.0,2025-02-01,2025-04-09,True,True
CUST-102001,Organic Search,US-South,0.157,2025-09-06,1,1,19.16,0.0,2025-11-05,2025-11-05,False,False
CUST-102002,Referral,US-West,0.514,2025-07-12,1,1,22.35,0.0,2025-08-09,2025-08-09,False,True
CUST-102003,Organic Search,US-Midwest,0.513,2025-03-18,1,1,32.87,0.0,2025-04-18,2025-04-18,False,True
CUST-102004,Sponsored Ads,US-South,0.872,2025-01-26,6,6,110.67,0.0,2025-01-26,2025-07-19,True,True
CUST-102005,External Traffic,US-South,0.253,2025-09-24,2,2,33.3,0.0,2025-10-28,2025-12-14,True,False
CUST-102006,Organic Search,US-West,0.424,2025-04-10,1,1,22.33,0.0,2025-04-18,2025-04-18,False,True
CUST-102007,Sponsored Ads,US-South,0.314,2025-09-30,2,2,56.25,0.0,2025-10-06,2025-11-30,True,False
CUST-102008,Sponsored Ads,US-West,0.293,2025-08-18,2,2,49.59,0.0,2025-09-16,2025-11-05,True,False
CUST-102009,Organic Search,US-Midwest,0.725,2025-10-15,1,1,29.44,0.0,2025-11-24,2025-11-24,False,False
CUST-102010,Sponsored Ads,US-South,0.505,2025-07-17,1,1,13.07,0.0,2025-07-18,2025-07-18,False,True
CUST-102011,Sponsored Ads,US-East,0.389,2025-02-24,4,4,76.46,0.0,2025-03-02,2025-08-17,True,True
CUST-102012,Sponsored Ads,US-Midwest,0.396,2025-01-11,3,3,53.43,0.0,2025-01-11,2025-06-30,True,True
CUST-102013,Organic Search,US-Midwest,0.387,2025-03-15,2,2,50.7,0.0,2025-04-07,2025-07-02,True,True
CUST-102014,Organic Search,US-West,0.405,2025-05-12,2,2,41.33,0.0,2025-05-14,2025-07-01,True,True
CUST-102015,Organic Search,US-West,0.247,2025-07-07,1,1,30.09,0.0,2025-07-12,2025-07-12,False,True
CUST-102016,Sponsored Ads,US-East,0.448,2025-09-26,2,2,34.41,0.0,2025-10-22,2025-11-02,True,False
CUST-102017,Sponsored Ads,US-West,0.428,2025-02-12,4,4,98.04,32.23,2025-02-19,2025-05-21,True,True
CUST-102018,Organic Search,US-South,0.348,2025-07-10,2,2,56.77,0.0,2025-08-17,2025-10-27,True,False
CUST-102019,Sponsored Ads,US-South,0.531,2025-01-26,3,3,63.13,0.0,2025-02-01,2025-12-16,True,False
CUST-102020,Organic Search,US-South,0.548,2025-05-25,1,1,20.7,0.0,2025-07-13,2025-07-13,False,True
CUST-102021,Sponsored Ads,US-West,0.389,2025-01-23,4,4,95.98,0.0,2025-01-25,2025-12-13,True,False
CUST-102022,Sponsored Ads,US-Midwest,0.471,2025-04-23,2,2,35.19,0.0,2025-05-17,2025-07-27,True,True
CUST-102023,Sponsored Ads,US-Midwest,0.932,2025-07-01,4,4,90.56,0.0,2025-07-18,2025-12-24,True,False
CUST-102024,Organic Search,US-South,0.924,2025-08-10,1,1,14.85,0.0,2025-08-28,2025-08-28,False,True
CUST-102025,Sponsored Ads,US-West,0.289,2025-08-30,2,2,40.26,0.0,2025-09-06,2025-11-21,True,False
CUST-102026,External Traffic,US-East,0.317,2025-06-07,1,1,20.37,0.0,2025-06-11,2025-06-11,False,True
CUST-102027,Sponsored Ads,US-South,0.288,2025-03-19,3,3,74.57,0.0,2025-03-27,2025-06-29,True,True
CUST-102028,Organic Search,US-South,0.711,2025-10-01,1,1,19.65,0.0,2025-10-21,2025-10-21,False,False
CUST-102029,Organic Search,US-West,0.42,2025-10-08,1,1,13.58,0.0,2025-11-09,2025-11-09,False,False
CUST-102030,Sponsored Ads,US-Midwest,0.548,2025-10-18,1,1,31.8,0.0,2025-11-01,2025-11-01,False,False
CUST-102031,Organic Search,US-Midwest,0.899,2025-08-26,2,2,36.79,0.0,2025-09-09,2025-12-21,True,False
CUST-102032,Sponsored Ads,US-South,0.498,2025-08-22,2,2,34.5,0.0,2025-09-18,2025-10-19,True,False
CUST-102033,Organic Search,US-East,0.641,2025-01-24,5,58,954.3,0.0,2025-01-24,2025-03-24,True,True
CUST-102034,Sponsored Ads,US-South,0.604,2025-06-21,2,2,39.19,0.0,2025-06-23,2025-06-28,True,True
CUST-102035,External Traffic,US-West,0.382,2025-05-03,3,3,66.84,0.0,2025-05-18,2025-09-05,True,True
CUST-102036,Referral,US-South,0.712,2025-03-19,4,4,82.86,14.87,2025-04-03,2025-08-26,True,True
CUST-102037,Sponsored Ads,US-West,0.33,2025-01-21,3,3,62.54,0.0,2025-01-25,2025-04-07,True,True
CUST-102038,Organic Search,US-West,0.768,2025-03-05,6,47,919.14,0.0,2025-03-14,2025-11-15,True,False
CUST-102039,External Traffic,US-South,0.383,2025-10-02,2,2,50.83,0.0,2025-11-04,2025-12-14,True,False
CUST-102040,Sponsored Ads,US-South,0.404,2025-09-30,1,1,12.66,0.0,2025-10-22,2025-10-22,False,False
CUST-102041,External Traffic,US-Midwest,0.282,2025-08-11,3,3,67.09,0.0,2025-11-12,2025-12-14,True,False
CUST-102042,Organic Search,US-South,0.315,2025-01-31,4,45,877.6,0.0,2025-02-03,2025-11-27,True,False
CUST-102043,Referral,US-Midwest,0.415,2025-07-25,3,3,72.15,0.0,2025-08-05,2025-12-29,True,False
CUST-102044,Referral,US-Midwest,0.02,2025-02-08,1,1,19.61,0.0,2025-02-15,2025-02-15,False,True
CUST-102045,Sponsored Ads,US-East,0.453,2025-07-24,1,1,12.98,0.0,2025-07-24,2025-07-24,False,True
CUST-102046,Organic Search,US-Midwest,0.398,2025-01-11,3,3,86.47,0.0,2025-01-11,2025-08-07,True,True
CUST-102047,Organic Search,US-East,0.658,2025-03-27,4,4,81.62,0.0,2025-04-03,2025-12-26,True,False
CUST-102048,Sponsored Ads,US-South,0.585,2025-02-06,5,5,102.77,0.0,2025-02-07,2025-11-28,True,False
CUST-102049,Sponsored Ads,US-West,0.358,2025-10-08,1,1,32.25,0.0,2025-11-01,2025-11-01,False,False
CUST-102050,Referral,US-West,0.408,2025-06-20,2,2,63.55,0.0,2025-06-26,2025-08-05,True,True
CUST-102051,Sponsored Ads,US-South,0.453,2025-10-04,1,1,19.97,0.0,2025-11-08,2025-11-08,False,False
CUST-102052,Organic Search,US-East,0.797,2025-01-07,10,10,237.76,0.0,2025-01-07,2025-12-27,True,False
CUST-102053,External Traffic,US-South,0.336,2025-08-10,1,1,33.34,0.0,2025-08-14,2025-08-14,False,True
CUST-102054,Sponsored Ads,US-West,0.356,2025-05-24,2,2,45.43,24.41,2025-06-10,2025-12-23,True,False
CUST-102055,Organic Search,US-East,0.274,2025-05-21,4,4,94.21,0.0,2025-05-23,2025-12-21,True,False
CUST-102056,Referral,US-South,0.204,2025-09-19,1,1,31.55,0.0,2025-10-12,2025-10-12,False,False
CUST-102057,Organic Search,US-South,0.561,2025-01-15,5,5,106.54,29.63,2025-01-15,2025-11-06,True,False
CUST-102058,Sponsored Ads,US-Midwest,0.541,2025-10-11,1,1,21.39,0.0,2025-11-21,2025-11-21,False,False
CUST-102059,Sponsored Ads,US-Midwest,0.757,2025-01-09,12,12,234.1,30.52,2025-01-09,2025-10-15,True,False
CUST-102060,Referral,US-Midwest,0.708,2025-04-19,7,7,142.71,0.0,2025-04-26,2025-12-10,True,False
CUST-102061,Sponsored Ads,US-West,0.95,2025-02-11,4,4,67.52,0.0,2025-02-16,2025-12-28,True,False
CUST-102062,Organic Search,US-South,0.485,2025-06-06,2,2,31.18,0.0,2025-07-05,2025-12-14,True,False
CUST-102063,Sponsored Ads,US-West,0.448,2025-06-28,3,3,42.49,0.0,2025-08-09,2025-08-20,True,True
CUST-102064,Organic Search,US-East,0.24,2025-07-12,1,1,15.98,0.0,2025-10-22,2025-10-22,False,False
CUST-102065,Referral,US-West,0.639,2025-08-28,2,2,38.03,24.77,2025-09-02,2025-09-24,True,True
CUST-102066,Organic Search,US-East,0.524,2025-08-14,2,2,37.83,0.0,2025-09-03,2025-11-14,True,False
CUST-102067,Referral,US-West,0.63,2025-10-12,1,1,12.88,0.0,2025-10-18,2025-10-18,False,False
CUST-102068,Sponsored Ads,US-South,0.272,2025-05-15,1,1,21.83,0.0,2025-05-30,2025-05-30,False,True
CUST-102069,Organic Search,US-West,0.57,2025-02-22,5,20,459.08,336.11,2025-03-03,2025-11-02,True,False
CUST-102070,External Traffic,US-South,0.541,2025-02-16,1,1,25.04,0.0,2025-03-17,2025-03-17,False,True
CUST-102071,Organic Search,US-South,0.528,2025-03-24,4,4,59.02,0.0,2025-05-11,2025-12-17,True,False
CUST-102072,Sponsored Ads,US-West,0.363,2025-06-30,1,1,18.17,0.0,2025-07-05,2025-07-05,False,True
CUST-102073,External Traffic,US-West,0.738,2025-01-17,6,6,141.8,31.41,2025-01-17,2025-11-20,True,False
CUST-102074,Sponsored Ads,US-Midwest,0.91,2025-10-14,3,3,54.84,22.87,2025-11-06,2025-11-23,True,False
CUST-102075,Organic Search,US-South,0.278,2025-10-24,1,1,30.57,0.0,2025-11-05,2025-11-05,False,False
CUST-102076,Referral,US-East,0.644,2025-02-19,6,6,106.58,0.0,2025-02-22,2025-12-08,True,False
CUST-102077,Sponsored Ads,US-Midwest,0.02,2025-08-23,1,1,12.58,0.0,2025-10-08,2025-10-08,False,False
CUST-102078,Sponsored Ads,US-West,0.634,2025-06-28,4,4,93.57,0.0,2025-07-01,2025-11-25,True,False
CUST-102079,Sponsored Ads,US-Midwest,0.126,2025-05-25,1,1,30.49,0.0,2025-05-28,2025-05-28,False,True
CUST-102080,Sponsored Ads,US-West,0.395,2025-08-09,4,4,78.31,0.0,2025-08-25,2025-12-25,True,False
CUST-102081,Sponsored Ads,US-South,0.237,2025-06-22,2,2,46.13,0.0,2025-07-01,2025-12-20,True,False
CUST-102082,Organic Search,US-West,0.457,2025-04-08,4,4,91.8,0.0,2025-04-10,2025-12-19,True,False
CUST-102083,Sponsored Ads,US-West,0.668,2025-06-18,2,2,49.65,0.0,2025-09-05,2025-12-10,True,False
CUST-102084,Organic Search,US-East,0.129,2025-02-10,1,1,15.27,0.0,2025-02-21,2025-02-21,False,True
CUST-102085,Sponsored Ads,US-West,0.428,2025-03-18,2,2,35.78,0.0,2025-03-25,2025-07-08,True,True
CUST-102086,Sponsored Ads,US-East,0.397,2025-10-19,1,1,32.92,0.0,2025-11-06,2025-11-06,False,False
CUST-102087,Sponsored Ads,US-West,0.816,2025-02-25,4,41,1022.14,0.0,2025-02-28,2025-06-16,True,True
CUST-102088,Organic Search,US-West,0.586,2025-06-29,2,2,66.8,0.0,2025-07-14,2025-12-04,True,False
CUST-102089,Organic Search,US-Midwest,0.265,2025-03-31,1,1,33.07,33.07,2025-04-23,2025-04-23,False,True
CUST-102090,Sponsored Ads,US-Midwest,0.406,2025-05-20,2,2,44.75,0.0,2025-05-20,2025-12-20,True,False
CUST-102091,External Traffic,US-Midwest,0.811,2025-03-16,2,2,51.99,0.0,2025-03-18,2025-07-08,True,True
CUST-102092,Organic Search,US-West,0.643,2025-06-20,2,2,25.61,0.0,2025-06-21,2025-09-09,True,True
CUST-102093,Sponsored Ads,US-East,0.316,2025-06-17,2,2,38.59,0.0,2025-06-30,2025-07-25,True,True
CUST-102094,Referral,US-East,0.447,2025-07-05,2,2,30.69,0.0,2025-07-11,2025-09-21,True,True
CUST-102095,Sponsored Ads,US-East,0.453,2025-04-03,4,4,102.12,0.0,2025-04-10,2025-07-10,True,True
CUST-102096,Sponsored Ads,US-East,0.392,2025-06-23,3,3,77.24,0.0,2025-07-02,2025-11-07,True,False
CUST-102097,Organic Search,US-South,0.158,2025-08-07,2,2,63.44,0.0,2025-08-07,2025-12-22,True,False
CUST-102098,Sponsored Ads,US-East,0.364,2025-08-04,1,1,19.3,0.0,2025-10-13,2025-10-13,False,False
CUST-102099,Sponsored Ads,US-East,0.778,2025-06-20,4,4,73.84,0.0,2025-07-10,2025-12-23,True,False
CUST-102100,Organic Search,US-Midwest,0.424,2025-03-31,5,5,141.17,0.0,2025-04-11,2025-12-02,True,False
CUST-102101,Sponsored Ads,US-Midwest,0.479,2025-06-09,2,2,40.55,0.0,2025-07-22,2025-07-22,True,True
CUST-102102,External Traffic,US-East,0.528,2025-06-11,2,2,40.17,0.0,2025-06-22,2025-12-11,True,False
CUST-102103,Referral,US-West,0.944,2025-10-13,3,3,80.8,0.0,2025-10-22,2025-12-12,True,False
CUST-102104,Organic Search,US-South,0.502,2025-04-24,3,3,58.48,0.0,2025-05-02,2025-08-04,True,True
CUST-102105,Organic Search,US-East,0.719,2025-04-07,6,6,98.67,0.0,2025-04-17,2025-12-26,True,False
CUST-102106,Organic Search,US-Midwest,0.38,2025-08-13,1,1,13.36,0.0,2025-09-16,2025-09-16,False,True
CUST-102107,Referral,US-East,0.448,2025-07-10,3,3,57.15,0.0,2025-07-14,2025-08-26,True,True
CUST-102108,Sponsored Ads,US-West,0.503,2025-05-09,4,4,96.6,0.0,2025-05-18,2025-09-09,True,True
CUST-102109,Sponsored Ads,US-West,0.345,2025-01-01,5,5,127.21,0.0,2025-01-02,2025-05-13,True,True
CUST-102110,Organic Search,US-West,0.459,2025-07-31,2,47,1604.5,0.0,2025-08-06,2025-12-19,True,False
CUST-102111,Organic Search,US-East,0.678,2025-08-10,3,3,82.29,0.0,2025-09-06,2025-12-28,True,False
CUST-102112,Sponsored Ads,US-East,0.34,2025-10-07,2,2,45.06,0.0,2025-11-15,2025-12-17,True,False
CUST-102113,Organic Search,US-Midwest,0.5,2025-05-31,2,2,33.4,0.0,2025-06-22,2025-08-11,True,True
CUST-102114,Sponsored Ads,US-Midwest,0.642,2025-06-04,2,2,31.63,0.0,2025-06-12,2025-12-16,True,False
CUST-102115,Referral,US-West,0.335,2025-03-04,3,3,60.52,18.67,2025-03-06,2025-12-08,True,False
CUST-102116,Sponsored Ads,US-Midwest,0.719,2025-05-18,2,2,35.01,0.0,2025-05-30,2025-07-15,True,True
CUST-102117,Sponsored Ads,US-South,0.515,2025-01-01,8,8,181.94,0.0,2025-01-04,2025-12-30,True,False
CUST-102118,Sponsored Ads,US-East,0.467,2025-05-31,1,1,22.11,0.0,2025-06-12,2025-06-12,False,True
CUST-102119,Sponsored Ads,US-East,0.098,2025-08-01,1,1,33.18,0.0,2025-09-29,2025-09-29,False,True
CUST-102120,Sponsored Ads,US-East,0.425,2025-08-24,2,2,39.36,0.0,2025-08-24,2025-08-27,True,True
CUST-102121,Sponsored Ads,US-West,0.574,2025-07-18,2,2,49.61,0.0,2025-08-11,2025-12-06,True,False
CUST-102122,Sponsored Ads,US-Midwest,0.849,2025-08-30,1,1,19.36,0.0,2025-11-02,2025-11-02,False,False
CUST-102123,Sponsored Ads,US-West,0.614,2025-07-19,1,1,18.42,0.0,2025-07-31,2025-07-31,False,True
CUST-102124,Sponsored Ads,US-West,0.725,2025-08-22,3,3,65.09,0.0,2025-08-29,2025-12-14,True,False
CUST-102125,Sponsored Ads,US-East,0.258,2025-05-12,2,2,34.56,0.0,2025-05-12,2025-11-30,True,False
CUST-102126,Sponsored Ads,US-West,0.475,2025-06-30,1,1,15.44,15.44,2025-10-30,2025-10-30,False,False
CUST-102127,Sponsored Ads,US-West,0.744,2025-07-11,1,29,340.71,0.0,2025-07-28,2025-07-28,False,True
CUST-102128,Sponsored Ads,US-East,0.322,2025-06-21,3,3,70.5,30.19,2025-07-19,2025-12-26,True,False
CUST-102129,Sponsored Ads,US-East,0.693,2025-06-21,3,3,68.69,0.0,2025-06-23,2025-12-14,True,False
CUST-102130,Sponsored Ads,US-West,0.647,2025-08-23,2,2,48.06,33.27,2025-10-13,2025-12-03,True,False
CUST-102131,External Traffic,US-Midwest,0.555,2025-03-13,7,38,646.6,32.71,2025-03-24,2025-12-26,True,False
CUST-102132,Referral,US-Midwest,0.434,2025-04-06,4,4,73.88,0.0,2025-05-05,2025-11-21,True,False
CUST-102133,Referral,US-South,0.303,2025-06-05,2,40,655.49,0.0,2025-06-06,2025-06-23,True,True
CUST-102134,Organic Search,US-South,0.855,2025-07-13,6,6,113.91,15.38,2025-07-19,2025-12-29,True,False
CUST-102135,Organic Search,US-Midwest,0.626,2025-06-04,1,1,11.91,0.0,2025-08-12,2025-08-12,False,True
CUST-102136,Sponsored Ads,US-East,0.568,2025-03-01,5,5,85.99,0.0,2025-03-01,2025-11-06,True,False
CUST-102137,External Traffic,US-East,0.417,2025-09-05,2,2,36.34,0.0,2025-10-17,2025-12-31,True,False
CUST-102138,External Traffic,US-West,0.508,2025-06-13,4,4,82.31,0.0,2025-09-23,2025-12-08,True,False
CUST-102139,External Traffic,US-South,0.533,2025-05-11,2,2,43.85,0.0,2025-05-20,2025-06-02,True,True
CUST-102140,External Traffic,US-West,0.58,2025-09-21,2,2,34.2,0.0,2025-11-14,2025-12-12,True,False
CUST-102141,Organic Search,US-South,0.647,2025-05-11,3,3,55.07,0.0,2025-05-11,2025-07-15,True,True
CUST-102142,External Traffic,US-Midwest,0.344,2025-02-18,2,2,46.43,0.0,2025-02-18,2025-04-20,True,True
CUST-102143,External Traffic,US-West,0.207,2025-10-23,1,1,32.47,0.0,2025-11-07,2025-11-07,False,False
CUST-102144,Sponsored Ads,US-South,0.517,2025-04-25,3,3,65.13,22.45,2025-04-30,2025-11-17,True,False
CUST-102145,Referral,US-East,0.151,2025-09-26,1,1,22.3,0.0,2025-11-13,2025-11-13,False,False
CUST-102146,Sponsored Ads,US-East,0.435,2025-06-05,2,2,43.57,0.0,2025-06-13,2025-11-11,True,False
CUST-102147,Referral,US-South,0.398,2025-03-14,2,2,42.51,13.66,2025-03-24,2025-07-09,True,True
CUST-102148,External Traffic,US-West,0.598,2025-04-23,2,2,41.12,0.0,2025-04-27,2025-11-30,True,False
CUST-102149,Sponsored Ads,US-Midwest,0.897,2025-10-01,1,1,11.21,0.0,2025-11-22,2025-11-22,False,False
CUST-102150,Organic Search,US-East,0.111,2025-10-11,1,1,13.68,0.0,2025-11-19,2025-11-19,False,False
CUST-102151,Sponsored Ads,US-East,0.95,2025-02-11,5,5,95.06,0.0,2025-02-20,2025-09-19,True,True
CUST-102152,External Traffic,US-Midwest,0.453,2025-10-24,1,1,22.13,0.0,2025-10-31,2025-10-31,False,False
CUST-102153,External Traffic,US-West,0.57,2025-09-14,2,2,38.76,0.0,2025-09-15,2025-11-08,True,False
CUST-102154,Organic Search,US-East,0.217,2025-07-14,1,1,12.61,12.61,2025-07-16,2025-07-16,False,True
CUST-102155,External Traffic,US-Midwest,0.699,2025-02-24,5,5,73.82,0.0,2025-02-25,2025-06-17,True,True
CUST-102156,Sponsored Ads,US-East,0.508,2025-06-25,1,1,23.83,0.0,2025-06-26,2025-06-26,False,True
CUST-102157,Sponsored Ads,US-West,0.488,2025-05-08,3,3,79.78,0.0,2025-05-15,2025-07-09,True,True
CUST-102158,Organic Search,US-East,0.113,2025-02-07,1,1,21.77,0.0,2025-02-12,2025-02-12,False,True
CUST-102159,Sponsored Ads,US-Midwest,0.515,2025-10-23,2,2,37.51,0.0,2025-10-26,2025-11-27,True,False
CUST-102160,Organic Search,US-Midwest,0.669,2025-07-01,4,4,81.62,0.0,2025-07-08,2025-12-27,True,False
CUST-102161,Sponsored Ads,US-Midwest,0.453,2025-01-30,4,4,85.95,0.0,2025-02-01,2025-12-13,True,False
CUST-102162,Sponsored Ads,US-East,0.735,2025-04-13,2,2,45.51,0.0,2025-04-26,2025-07-12,True,True
CUST-102163,Organic Search,US-Midwest,0.727,2025-09-09,2,2,40.9,19.6,2025-10-11,2025-12-05,True,False
CUST-102164,External Traffic,US-East,0.372,2025-05-13,3,3,43.37,0.0,2025-06-04,2025-09-27,True,True
CUST-102165,Sponsored Ads,US-Midwest,0.819,2025-05-29,6,6,127.26,0.0,2025-05-30,2025-09-25,True,True
CUST-102166,External Traffic,US-Midwest,0.509,2025-02-12,2,2,36.02,0.0,2025-02-26,2025-12-01,True,False
CUST-102167,Organic Search,US-West,0.51,2025-02-03,7,7,146.88,0.0,2025-02-13,2025-12-29,True,False
CUST-102168,Sponsored Ads,US-Midwest,0.52,2025-10-21,1,1,23.89,0.0,2025-11-14,2025-11-14,False,False
CUST-102169,Organic Search,US-South,0.514,2025-10-13,1,1,32.69,0.0,2025-11-23,2025-11-23,False,False
CUST-102170,Organic Search,US-South,0.02,2025-01-29,2,37,594.28,0.0,2025-02-03,2025-12-25,True,False
CUST-102171,Sponsored Ads,US-Midwest,0.463,2025-06-14,1,1,14.76,0.0,2025-06-22,2025-06-22,False,True
CUST-102172,Organic Search,US-West,0.227,2025-07-24,2,2,42.4,0.0,2025-07-25,2025-12-20,True,False
CUST-102173,Sponsored Ads,US-South,0.825,2025-09-22,2,2,55.37,0.0,2025-11-15,2025-12-30,True,False
CUST-102174,Sponsored Ads,US-West,0.817,2025-06-17,1,1,24.03,0.0,2025-07-14,2025-07-14,False,True
CUST-102175,Organic Search,US-East,0.67,2025-09-18,1,1,15.37,0.0,2025-11-14,2025-11-14,False,False
CUST-102176,Organic Search,US-West,0.452,2025-02-06,3,3,65.45,19.65,2025-02-09,2025-10-24,True,False
CUST-102177,External Traffic,US-West,0.298,2025-01-05,2,2,52.37,0.0,2025-01-07,2025-02-18,True,True
CUST-102178,Sponsored Ads,US-Midwest,0.368,2025-05-20,1,1,34.16,34.16,2025-06-17,2025-06-17,False,True
CUST-102179,Referral,US-East,0.889,2025-03-21,5,5,87.93,0.0,2025-04-04,2025-12-18,True,False
CUST-102180,External Traffic,US-East,0.362,2025-08-15,1,1,15.66,0.0,2025-09-29,2025-09-29,False,True
CUST-102181,Referral,US-East,0.029,2025-04-12,2,2,40.79,15.91,2025-04-18,2025-12-14,True,False
CUST-102182,External Traffic,US-South,0.706,2025-05-03,5,5,110.85,0.0,2025-05-19,2025-12-03,True,False
CUST-102183,Sponsored Ads,US-South,0.8,2025-06-10,2,2,49.26,0.0,2025-06-23,2025-11-10,True,False
CUST-102184,Organic Search,US-South,0.832,2025-10-16,1,1,18.6,0.0,2025-11-08,2025-11-08,False,False
CUST-102185,Sponsored Ads,US-Midwest,0.708,2025-01-22,4,48,1542.23,0.0,2025-01-28,2025-04-14,True,True
CUST-102186,External Traffic,US-East,0.74,2025-06-15,1,1,14.51,0.0,2025-07-19,2025-07-19,False,True
CUST-102187,Organic Search,US-Midwest,0.511,2025-04-27,4,4,96.5,0.0,2025-05-11,2025-07-19,True,True
CUST-102188,Sponsored Ads,US-Midwest,0.085,2025-01-11,1,1,12.43,0.0,2025-01-11,2025-01-11,False,True
CUST-102189,Referral,US-South,0.506,2025-09-02,1,1,22.41,0.0,2025-11-28,2025-11-28,False,False
CUST-102190,Sponsored Ads,US-West,0.624,2025-10-02,1,1,19.42,0.0,2025-10-02,2025-10-02,False,False
CUST-102191,Organic Search,US-East,0.473,2025-02-21,5,5,107.1,0.0,2025-02-21,2025-12-16,True,False
CUST-102192,Organic Search,US-South,0.464,2025-08-16,2,2,42.36,0.0,2025-09-05,2025-10-16,True,False
CUST-102193,Sponsored Ads,US-East,0.307,2025-07-30,1,1,20.71,0.0,2025-08-27,2025-08-27,False,True
CUST-102194,Organic Search,US-East,0.3,2025-07-31,3,3,81.23,0.0,2025-08-04,2025-12-25,True,False
CUST-102195,External Traffic,US-East,0.868,2025-05-19,2,2,48.25,0.0,2025-05-19,2025-06-11,True,True
CUST-102196,Sponsored Ads,US-West,0.875,2025-04-07,3,3,88.56,0.0,2025-04-11,2025-08-16,True,True
CUST-102197,Organic Search,US-West,0.499,2025-01-22,3,3,71.12,0.0,2025-01-25,2025-05-17,True,True
CUST-102198,Sponsored Ads,US-Midwest,0.556,2025-01-11,9,9,199.72,0.0,2025-01-11,2025-10-24,True,False
CUST-102199,Organic Search,US-West,0.304,2025-02-23,3,3,67.59,0.0,2025-02-24,2025-12-06,True,False
CUST-102200,Sponsored Ads,US-Midwest,0.629,2025-06-08,1,1,19.39,0.0,2025-06-11,2025-06-11,False,True
CUST-102201,Referral,US-East,0.852,2025-02-12,7,7,122.65,13.42,2025-02-15,2025-11-24,True,False
CUST-102202,External Traffic,US-Midwest,0.194,2025-07-25,2,2,35.62,19.75,2025-08-02,2025-11-01,True,False
CUST-102203,Sponsored Ads,US-East,0.593,2025-07-05,1,1,24.82,0.0,2025-07-05,2025-07-05,False,True
CUST-102204,Sponsored Ads,US-Midwest,0.608,2025-04-14,4,4,68.97,0.0,2025-04-14,2025-12-13,True,False
CUST-102205,Organic Search,US-South,0.606,2025-01-27,10,10,184.14,0.0,2025-01-27,2025-11-01,True,False
CUST-102206,Organic Search,US-Midwest,0.829,2025-06-05,2,2,33.62,0.0,2025-07-07,2025-10-04,True,False
CUST-102207,Organic Search,US-West,0.907,2025-09-04,2,2,53.87,0.0,2025-10-16,2025-11-26,True,False
CUST-102208,Sponsored Ads,US-Midwest,0.453,2025-04-29,3,3,59.57,0.0,2025-04-30,2025-12-22,True,False
CUST-102209,Sponsored Ads,US-East,0.635,2025-08-30,2,2,46.91,0.0,2025-09-02,2025-12-01,True,False
CUST-102210,Referral,US-East,0.517,2025-03-27,2,2,39.83,0.0,2025-03-27,2025-12-09,True,False
CUST-102211,Organic Search,US-West,0.374,2025-01-25,2,2,32.15,0.0,2025-01-27,2025-03-18,True,True
CUST-102212,External Traffic,US-Midwest,0.554,2025-07-14,1,1,15.57,15.57,2025-09-24,2025-09-24,False,True
CUST-102213,Organic Search,US-South,0.634,2025-09-24,2,2,26.97,0.0,2025-09-26,2025-11-10,True,False
CUST-102214,Referral,US-Midwest,0.543,2025-09-23,1,1,21.26,0.0,2025-11-20,2025-11-20,False,False
CUST-102215,Sponsored Ads,US-South,0.324,2025-10-15,1,1,34.48,0.0,2025-10-26,2025-10-26,False,False
CUST-102216,Sponsored Ads,US-West,0.407,2025-02-02,3,3,85.72,0.0,2025-02-07,2025-10-06,True,False
CUST-102217,Referral,US-East,0.409,2025-01-14,8,8,176.55,14.75,2025-01-14,2025-12-03,True,False
CUST-102218,Referral,US-East,0.332,2025-06-20,1,1,11.58,0.0,2025-06-21,2025-06-21,False,True
CUST-102219,Sponsored Ads,US-West,0.563,2025-10-13,1,1,18.9,0.0,2025-11-05,2025-11-05,False,False
CUST-102220,Sponsored Ads,US-Midwest,0.584,2025-10-27,2,2,42.74,0.0,2025-11-09,2025-12-15,True,False
CUST-102221,Organic Search,US-Midwest,0.696,2025-03-25,6,6,146.37,0.0,2025-03-27,2025-12-27,True,False
CUST-102222,Organic Search,US-South,0.328,2025-04-23,1,1,14.91,0.0,2025-05-10,2025-05-10,False,True
CUST-102223,Sponsored Ads,US-South,0.385,2025-07-19,1,1,11.73,11.73,2025-11-26,2025-11-26,False,False
CUST-102224,External Traffic,US-South,0.811,2025-10-02,1,1,33.28,0.0,2025-11-28,2025-11-28,False,False
CUST-102225,Sponsored Ads,US-South,0.467,2025-02-22,2,2,41.58,0.0,2025-03-07,2025-12-12,True,False
CUST-102226,Organic Search,US-West,0.506,2025-10-20,2,2,53.04,20.53,2025-11-05,2025-11-12,True,False
CUST-102227,Sponsored Ads,US-South,0.465,2025-09-03,1,1,22.14,0.0,2025-10-04,2025-10-04,False,False
CUST-102228,Sponsored Ads,US-Midwest,0.727,2025-01-21,10,10,244.13,0.0,2025-01-25,2025-12-19,True,False
CUST-102229,Organic Search,US-Midwest,0.734,2025-09-10,2,2,31.55,0.0,2025-11-28,2025-12-11,True,False
CUST-102230,Sponsored Ads,US-South,0.723,2025-07-12,3,3,64.53,33.06,2025-11-10,2025-12-19,True,False
CUST-102231,Organic Search,US-Midwest,0.505,2025-10-21,1,1,16.39,0.0,2025-10-26,2025-10-26,False,False
CUST-102232,Sponsored Ads,US-South,0.326,2025-03-04,5,5,117.62,0.0,2025-03-10,2025-05-31,True,True
CUST-102233,Referral,US-East,0.885,2025-10-25,3,3,84.77,0.0,2025-11-11,2025-11-27,True,False
CUST-102234,Organic Search,US-East,0.671,2025-01-15,8,8,168.99,13.95,2025-01-16,2025-09-16,True,True
CUST-102235,External Traffic,US-South,0.409,2025-01-23,3,3,67.76,0.0,2025-01-28,2025-05-13,True,True
CUST-102236,Sponsored Ads,US-Midwest,0.785,2025-05-15,5,5,109.92,0.0,2025-05-18,2025-08-27,True,True
CUST-102237,Sponsored Ads,US-West,0.393,2025-07-17,2,2,46.34,0.0,2025-08-05,2025-12-21,True,False
CUST-102238,Sponsored Ads,US-East,0.782,2025-02-20,3,3,76.75,0.0,2025-03-03,2025-03-18,True,True
CUST-102239,Organic Search,US-South,0.796,2025-03-23,4,4,97.94,0.0,2025-03-23,2025-12-29,True,False
CUST-102240,Sponsored Ads,US-Midwest,0.316,2025-04-27,1,1,30.06,0.0,2025-05-01,2025-05-01,False,True
CUST-102241,Sponsored Ads,US-East,0.616,2025-02-07,4,4,74.76,0.0,2025-02-25,2025-05-17,True,True
CUST-102242,Sponsored Ads,US-South,0.656,2025-02-22,4,4,108.47,0.0,2025-03-26,2025-12-26,True,False
CUST-102243,Sponsored Ads,US-West,0.95,2025-02-14,6,6,124.2,0.0,2025-02-21,2025-12-03,True,False
CUST-102244,Sponsored Ads,US-East,0.352,2025-10-14,3,3,47.73,0.0,2025-11-11,2025-12-12,True,False
CUST-102245,Sponsored Ads,US-Midwest,0.787,2025-10-08,1,1,16.49,0.0,2025-10-11,2025-10-11,False,False
CUST-102246,Sponsored Ads,US-South,0.503,2025-07-08,1,1,29.36,0.0,2025-07-14,2025-07-14,False,True
CUST-102247,Organic Search,US-Midwest,0.252,2025-07-25,1,1,14.93,0.0,2025-07-25,2025-07-25,False,True
CUST-102248,Sponsored Ads,US-West,0.476,2025-02-11,5,5,88.87,0.0,2025-02-21,2025-10-10,True,False
CUST-102249,Sponsored Ads,US-East,0.5,2025-01-16,5,5,109.41,0.0,2025-01-17,2025-10-22,True,False
CUST-102250,Organic Search,US-Midwest,0.288,2025-04-24,2,2,57.24,0.0,2025-04-25,2025-12-11,True,False
CUST-102251,External Traffic,US-Midwest,0.562,2025-10-23,1,18,292.0,0.0,2025-11-05,2025-11-05,False,False
CUST-102252,Sponsored Ads,US-Midwest,0.692,2025-05-24,5,5,102.58,0.0,2025-05-26,2025-10-06,True,False
CUST-102253,Organic Search,US-East,0.548,2025-08-31,3,3,54.81,0.0,2025-09-04,2025-10-19,True,False
CUST-102254,Referral,US-Midwest,0.392,2025-04-21,2,2,27.6,0.0,2025-04-29,2025-07-20,True,True
CUST-102255,Organic Search,US-East,0.47,2025-04-03,1,20,362.02,0.0,2025-04-04,2025-04-04,False,True
CUST-102256,Referral,US-Midwest,0.499,2025-09-01,1,1,31.94,0.0,2025-10-02,2025-10-02,False,False
CUST-102257,External Traffic,US-Midwest,0.543,2025-05-22,2,2,59.97,0.0,2025-05-28,2025-10-31,True,False
CUST-102258,Sponsored Ads,US-East,0.722,2025-08-08,1,1,19.1,0.0,2025-09-13,2025-09-13,False,True
CUST-102259,Organic Search,US-East,0.554,2025-08-06,2,2,32.25,0.0,2025-09-14,2025-11-22,True,False
CUST-102260,Organic Search,US-Midwest,0.219,2025-08-07,1,1,23.68,0.0,2025-10-03,2025-10-03,False,False
CUST-102261,Referral,US-East,0.388,2025-07-22,1,1,18.72,0.0,2025-08-05,2025-08-05,False,True
CUST-102262,Organic Search,US-East,0.533,2025-08-31,1,1,15.41,0.0,2025-09-30,2025-09-30,False,True
CUST-102263,Sponsored Ads,US-South,0.725,2025-05-19,4,4,66.95,0.0,2025-05-29,2025-11-02,True,False
CUST-102264,Organic Search,US-Midwest,0.76,2025-04-01,5,5,103.38,0.0,2025-04-17,2025-12-01,True,False
CUST-102265,Sponsored Ads,US-West,0.855,2025-06-03,2,2,32.29,0.0,2025-06-06,2025-10-02,True,False
CUST-102266,External Traffic,US-Midwest,0.526,2025-04-08,4,4,78.02,0.0,2025-04-09,2025-11-16,True,False
CUST-102267,Organic Search,US-East,0.653,2025-01-13,6,6,108.11,0.0,2025-01-13,2025-09-09,True,True
CUST-102268,Organic Search,US-West,0.209,2025-04-19,2,2,27.25,12.03,2025-05-05,2025-07-21,True,True
CUST-102269,External Traffic,US-East,0.586,2025-05-31,3,3,64.78,0.0,2025-05-31,2025-11-21,True,False
CUST-102270,Organic Search,US-East,0.285,2025-06-06,1,1,15.11,0.0,2025-06-06,2025-06-06,False,True
CUST-102271,Organic Search,US-South,0.487,2025-04-13,1,1,13.06,0.0,2025-04-18,2025-04-18,False,True
CUST-102272,External Traffic,US-South,0.95,2025-08-06,2,2,37.89,0.0,2025-08-16,2025-11-22,True,False
CUST-102273,External Traffic,US-West,0.561,2025-03-27,3,3,57.62,0.0,2025-05-07,2025-09-27,True,True
CUST-102274,External Traffic,US-East,0.327,2025-07-14,1,1,18.52,0.0,2025-07-15,2025-07-15,False,True
CUST-102275,Sponsored Ads,US-West,0.582,2025-03-22,3,59,1235.52,0.0,2025-03-22,2025-09-24,True,True
CUST-102276,Organic Search,US-East,0.397,2025-10-23,1,1,12.27,12.27,2025-11-18,2025-11-18,False,False
CUST-102277,Sponsored Ads,US-South,0.308,2025-07-14,1,1,12.28,0.0,2025-08-01,2025-08-01,False,True
CUST-102278,External Traffic,US-Midwest,0.921,2025-06-17,4,4,85.23,0.0,2025-07-31,2025-12-10,True,False
CUST-102279,Organic Search,US-West,0.713,2025-05-09,4,4,86.76,0.0,2025-05-10,2025-09-30,True,True
CUST-102280,Organic Search,US-South,0.569,2025-08-15,3,3,68.84,0.0,2025-08-22,2025-12-09,True,False
CUST-102281,Sponsored Ads,US-East,0.422,2025-05-08,3,3,63.75,0.0,2025-05-10,2025-12-28,True,False
CUST-102282,Sponsored Ads,US-East,0.438,2025-08-29,2,2,44.03,0.0,2025-09-19,2025-11-26,True,False
CUST-102283,Organic Search,US-South,0.808,2025-02-17,4,50,1461.09,18.59,2025-03-15,2025-09-12,True,True
CUST-102284,Sponsored Ads,US-West,0.561,2025-09-04,2,2,53.36,0.0,2025-09-08,2025-12-04,True,False
CUST-102285,Sponsored Ads,US-Midwest,0.02,2025-10-16,2,2,59.89,34.56,2025-11-01,2025-12-31,True,False
CUST-102286,External Traffic,US-East,0.95,2025-03-14,3,3,57.0,0.0,2025-03-15,2025-11-08,True,False
CUST-102287,External Traffic,US-West,0.537,2025-03-09,6,6,147.56,0.0,2025-03-14,2025-09-15,True,True
CUST-102288,Sponsored Ads,US-Midwest,0.569,2025-10-14,1,1,14.6,0.0,2025-10-15,2025-10-15,False,False
CUST-102289,Sponsored Ads,US-Midwest,0.717,2025-05-02,1,1,12.78,0.0,2025-05-11,2025-05-11,False,True
CUST-102290,Referral,US-South,0.593,2025-07-28,2,2,41.17,0.0,2025-07-29,2025-12-21,True,False
CUST-102291,Organic Search,US-South,0.649,2025-02-27,4,4,90.5,0.0,2025-02-27,2025-07-31,True,True
CUST-102292,Organic Search,US-West,0.415,2025-05-09,2,2,58.78,0.0,2025-05-15,2025-12-14,True,False
CUST-102293,Sponsored Ads,US-East,0.254,2025-07-30,2,2,44.11,0.0,2025-11-23,2025-12-08,True,False
CUST-102294,Sponsored Ads,US-East,0.556,2025-09-26,1,1,16.86,0.0,2025-09-28,2025-09-28,False,True
CUST-102295,Sponsored Ads,US-Midwest,0.786,2025-05-11,3,3,70.93,0.0,2025-05-16,2025-11-02,True,False
CUST-102296,Organic Search,US-East,0.37,2025-01-23,4,4,79.62,0.0,2025-01-25,2025-09-19,True,True
CUST-102297,Sponsored Ads,US-South,0.354,2025-05-05,3,3,77.01,28.08,2025-05-11,2025-12-03,True,False
CUST-102298,Sponsored Ads,US-East,0.744,2025-07-12,1,1,22.04,0.0,2025-08-13,2025-08-13,False,True
CUST-102299,Organic Search,US-South,0.409,2025-09-20,1,1,15.74,0.0,2025-10-29,2025-10-29,False,False
CUST-102300,Referral,US-West,0.418,2025-09-08,2,2,47.4,0.0,2025-11-13,2025-12-21,True,False
CUST-102301,External Traffic,US-South,0.425,2025-08-16,1,1,31.58,0.0,2025-08-18,2025-08-18,False,True
CUST-102302,Organic Search,US-West,0.487,2025-02-19,3,3,76.15,32.96,2025-03-01,2025-07-15,True,True
CUST-102303,Organic Search,US-South,0.185,2025-06-05,1,1,15.88,0.0,2025-06-09,2025-06-09,False,True
CUST-102304,Organic Search,US-West,0.392,2025-06-22,3,3,66.29,0.0,2025-06-29,2025-12-07,True,False
CUST-102305,Sponsored Ads,US-Midwest,0.546,2025-05-21,4,4,86.67,0.0,2025-06-16,2025-12-20,True,False
CUST-102306,Organic Search,US-Midwest,0.545,2025-10-04,1,1,19.57,0.0,2025-11-04,2025-11-04,False,False
CUST-102307,Organic Search,US-South,0.732,2025-10-15,1,1,24.62,0.0,2025-11-26,2025-11-26,False,False
CUST-102308,Organic Search,US-Midwest,0.868,2025-03-05,4,4,105.49,0.0,2025-03-08,2025-12-11,True,False
CUST-102309,External Traffic,US-Midwest,0.802,2025-10-14,2,2,54.33,0.0,2025-11-08,2025-12-03,True,False
CUST-102310,Referral,US-West,0.683,2025-09-11,2,2,32.68,0.0,2025-09-30,2025-12-11,True,False
CUST-102311,Sponsored Ads,US-South,0.47,2025-07-31,1,1,19.96,0.0,2025-10-17,2025-10-17,False,False
CUST-102312,Sponsored Ads,US-East,0.375,2025-04-25,3,3,60.32,0.0,2025-04-29,2025-07-25,True,True
CUST-102313,Sponsored Ads,US-Midwest,0.504,2025-08-17,1,1,12.63,12.63,2025-09-09,2025-09-09,False,True
CUST-102314,Sponsored Ads,US-Midwest,0.617,2025-06-25,2,2,51.25,32.79,2025-06-30,2025-12-14,True,False
CUST-102315,Sponsored Ads,US-Midwest,0.664,2025-09-27,1,1,21.54,0.0,2025-11-28,2025-11-28,False,False
CUST-102316,Sponsored Ads,US-East,0.625,2025-08-02,1,1,19.76,0.0,2025-09-25,2025-09-25,False,True
CUST-102317,External Traffic,US-West,0.476,2025-10-17,2,2,64.31,0.0,2025-10-17,2025-12-31,True,False
CUST-102318,Organic Search,US-West,0.657,2025-05-06,2,2,36.23,0.0,2025-05-23,2025-11-08,True,False
CUST-102319,Referral,US-West,0.752,2025-01-25,9,9,176.85,32.99,2025-01-27,2025-12-31,True,False
CUST-102320,Sponsored Ads,US-Midwest,0.676,2025-05-28,3,3,49.15,0.0,2025-05-31,2025-12-15,True,False
CUST-102321,Sponsored Ads,US-South,0.494,2025-10-27,1,1,15.3,0.0,2025-11-05,2025-11-05,False,False
CUST-102322,Organic Search,US-East,0.333,2025-07-16,2,2,32.01,0.0,2025-08-28,2025-12-22,True,False
CUST-102323,Sponsored Ads,US-East,0.328,2025-07-30,1,1,12.62,0.0,2025-08-03,2025-08-03,False,True
CUST-102324,Sponsored Ads,US-West,0.364,2025-07-07,2,2,37.74,0.0,2025-07-14,2025-12-18,True,False
CUST-102325,Referral,US-South,0.551,2025-06-27,2,2,35.98,0.0,2025-06-27,2025-12-12,True,False
CUST-102326,Sponsored Ads,US-East,0.604,2025-01-19,8,8,166.76,0.0,2025-01-19,2025-12-06,True,False
CUST-102327,Sponsored Ads,US-Midwest,0.217,2025-05-04,1,1,33.37,0.0,2025-05-19,2025-05-19,False,True
CUST-102328,Organic Search,US-West,0.399,2025-01-26,5,5,107.83,0.0,2025-01-28,2025-12-07,True,False
CUST-102329,Organic Search,US-Midwest,0.549,2025-04-11,2,2,40.57,0.0,2025-04-12,2025-04-20,True,True
CUST-102330,Organic Search,US-West,0.32,2025-08-04,2,2,35.19,0.0,2025-09-27,2025-12-13,True,False
CUST-102331,Sponsored Ads,US-East,0.587,2025-08-30,2,2,32.37,0.0,2025-09-12,2025-12-05,True,False
CUST-102332,External Traffic,US-East,0.439,2025-03-09,1,1,24.09,0.0,2025-03-21,2025-03-21,False,True
CUST-102333,Sponsored Ads,US-South,0.355,2025-07-16,3,45,1360.46,0.0,2025-08-08,2025-12-07,True,False
CUST-102334,Organic Search,US-South,0.511,2025-03-09,2,2,49.1,0.0,2025-03-15,2025-12-16,True,False
CUST-102335,Organic Search,US-West,0.578,2025-03-02,3,3,66.27,0.0,2025-03-22,2025-12-08,True,False
CUST-102336,External Traffic,US-East,0.33,2025-10-15,1,1,19.13,0.0,2025-11-25,2025-11-25,False,False
CUST-102337,Sponsored Ads,US-South,0.451,2025-07-02,1,1,24.8,0.0,2025-08-12,2025-08-12,False,True
CUST-102338,Organic Search,US-East,0.594,2025-03-01,3,3,41.48,0.0,2025-04-05,2025-12-06,True,False
CUST-102339,Sponsored Ads,US-West,0.348,2025-02-12,1,1,19.83,0.0,2025-02-21,2025-02-21,False,True
CUST-102340,Sponsored Ads,US-West,0.168,2025-01-15,2,2,33.14,0.0,2025-01-15,2025-06-29,True,True
CUST-102341,Sponsored Ads,US-South,0.193,2025-05-30,1,1,20.04,0.0,2025-06-04,2025-06-04,False,True
CUST-102342,Organic Search,US-East,0.416,2025-01-31,7,7,153.08,31.48,2025-01-31,2025-12-11,True,False
CUST-102343,Sponsored Ads,US-South,0.236,2025-06-25,1,1,32.67,0.0,2025-11-08,2025-11-08,False,False
CUST-102344,Organic Search,US-West,0.43,2025-05-11,2,2,53.26,0.0,2025-05-16,2025-08-04,True,True
CUST-102345,Sponsored Ads,US-South,0.833,2025-07-10,3,3,79.08,0.0,2025-07-31,2025-12-19,True,False
CUST-102346,External Traffic,US-West,0.224,2025-03-04,3,3,72.07,41.26,2025-03-07,2025-12-07,True,False
CUST-102347,External Traffic,US-South,0.443,2025-02-13,1,1,12.35,0.0,2025-02-13,2025-02-13,False,True
CUST-102348,Sponsored Ads,US-Midwest,0.926,2025-01-31,7,53,1688.79,0.0,2025-02-08,2025-12-20,True,False
CUST-102349,Sponsored Ads,US-East,0.582,2025-01-29,3,3,69.72,0.0,2025-01-29,2025-02-22,True,True
CUST-102350,Sponsored Ads,US-West,0.426,2025-01-22,4,4,77.03,0.0,2025-01-23,2025-05-23,True,True
CUST-102351,External Traffic,US-West,0.469,2025-03-19,1,1,15.64,0.0,2025-04-09,2025-04-09,False,True
CUST-102352,Sponsored Ads,US-East,0.586,2025-08-29,3,3,76.73,0.0,2025-09-17,2025-11-17,True,False
CUST-102353,Organic Search,US-West,0.839,2025-07-02,4,4,78.79,18.67,2025-07-08,2025-12-17,True,False
CUST-102354,Organic Search,US-Midwest,0.394,2025-03-17,6,6,110.25,43.66,2025-03-20,2025-07-28,True,True
CUST-102355,External Traffic,US-Midwest,0.348,2025-10-07,2,2,36.04,0.0,2025-10-17,2025-11-24,True,False
CUST-102356,Organic Search,US-Midwest,0.224,2025-08-17,1,1,33.57,0.0,2025-10-02,2025-10-02,False,False
CUST-102357,Organic Search,US-Midwest,0.521,2025-08-22,2,2,44.57,0.0,2025-09-30,2025-12-06,True,False
CUST-102358,Referral,US-South,0.219,2025-09-27,2,2,29.01,0.0,2025-09-28,2025-12-28,True,False
CUST-102359,Sponsored Ads,US-East,0.407,2025-08-12,1,1,32.51,0.0,2025-09-08,2025-09-08,False,True
CUST-102360,External Traffic,US-East,0.318,2025-10-15,2,2,51.65,0.0,2025-10-31,2025-11-04,True,False
CUST-102361,Sponsored Ads,US-East,0.715,2025-04-10,3,3,49.81,0.0,2025-04-24,2025-06-26,True,True
CUST-102362,Organic Search,US-Midwest,0.398,2025-09-14,1,1,20.34,0.0,2025-11-04,2025-11-04,False,False
CUST-102363,External Traffic,US-East,0.579,2025-02-03,7,7,158.72,29.77,2025-02-04,2025-12-21,True,False
CUST-102364,Organic Search,US-East,0.179,2025-04-01,1,1,32.54,0.0,2025-04-07,2025-04-07,False,True
CUST-102365,Organic Search,US-South,0.526,2025-09-25,2,2,47.04,32.25,2025-10-25,2025-11-26,True,False
CUST-102366,Sponsored Ads,US-East,0.259,2025-02-10,1,1,19.34,0.0,2025-02-13,2025-02-13,False,True
CUST-102367,Organic Search,US-East,0.415,2025-05-31,3,29,658.69,0.0,2025-05-31,2025-10-17,True,False
CUST-102368,Sponsored Ads,US-West,0.942,2025-04-13,2,2,30.53,0.0,2025-04-19,2025-12-16,True,False
CUST-102369,Organic Search,US-West,0.686,2025-01-31,8,8,165.9,0.0,2025-02-17,2025-12-06,True,False
CUST-102370,Organic Search,US-West,0.474,2025-03-12,1,1,19.1,0.0,2025-03-13,2025-03-13,False,True
CUST-102371,Sponsored Ads,US-East,0.95,2025-06-10,4,4,99.28,26.18,2025-06-27,2025-12-03,True,False
CUST-102372,Sponsored Ads,US-Midwest,0.317,2025-07-09,2,2,31.98,18.89,2025-07-27,2025-09-22,True,True
CUST-102373,Sponsored Ads,US-East,0.733,2025-07-22,3,3,57.88,0.0,2025-08-11,2025-09-03,True,True
CUST-102374,Sponsored Ads,US-South,0.193,2025-02-09,1,1,13.38,0.0,2025-02-09,2025-02-09,False,True
CUST-102375,Sponsored Ads,US-East,0.451,2025-04-06,4,4,77.4,0.0,2025-04-10,2025-11-29,True,False
CUST-102376,External Traffic,US-East,0.23,2025-02-01,1,1,19.47,0.0,2025-02-04,2025-02-04,False,True
CUST-102377,Organic Search,US-West,0.551,2025-01-03,3,3,57.52,0.0,2025-01-03,2025-03-03,True,True
CUST-102378,Sponsored Ads,US-South,0.511,2025-04-28,1,1,15.08,0.0,2025-05-11,2025-05-11,False,True
CUST-102379,Organic Search,US-South,0.438,2025-07-06,2,2,50.13,15.97,2025-07-12,2025-12-27,True,False
CUST-102380,External Traffic,US-East,0.718,2025-04-22,4,4,92.37,0.0,2025-04-26,2025-12-18,True,False
CUST-102381,Sponsored Ads,US-South,0.387,2025-01-13,2,2,45.41,0.0,2025-01-13,2025-02-10,True,True
CUST-102382,Sponsored Ads,US-East,0.565,2025-03-07,5,5,87.36,14.83,2025-03-08,2025-12-22,True,False
CUST-102383,Sponsored Ads,US-East,0.664,2025-05-10,3,3,82.67,0.0,2025-05-25,2025-12-05,True,False
CUST-102384,Sponsored Ads,US-South,0.203,2025-04-17,2,36,558.27,0.0,2025-04-17,2025-12-28,True,False
CUST-102385,External Traffic,US-South,0.35,2025-09-05,2,2,35.8,15.06,2025-09-17,2025-12-20,True,False
CUST-102386,Referral,US-West,0.511,2025-06-29,6,6,150.97,0.0,2025-06-29,2025-12-29,True,False
CUST-102387,Sponsored Ads,US-East,0.626,2025-10-27,1,1,19.69,0.0,2025-10-30,2025-10-30,False,False
CUST-102388,Organic Search,US-East,0.784,2025-02-22,4,4,87.77,15.09,2025-03-22,2025-12-29,True,False
CUST-102389,Sponsored Ads,US-Midwest,0.457,2025-04-22,3,3,58.39,0.0,2025-05-08,2025-09-10,True,True
CUST-102390,Organic Search,US-East,0.437,2025-01-27,6,6,86.69,0.0,2025-02-03,2025-08-02,True,True
CUST-102391,External Traffic,US-Midwest,0.325,2025-01-07,3,3,59.11,0.0,2025-01-07,2025-12-18,True,False
CUST-102392,Sponsored Ads,US-South,0.566,2025-10-05,2,2,46.33,0.0,2025-10-06,2025-12-22,True,False
CUST-102393,Sponsored Ads,US-West,0.441,2025-05-28,3,3,58.18,0.0,2025-06-11,2025-08-03,True,True
CUST-102394,Organic Search,US-East,0.445,2025-07-17,2,2,35.15,0.0,2025-08-04,2025-09-17,True,True
CUST-102395,Referral,US-Midwest,0.481,2025-03-24,3,3,91.29,32.81,2025-03-24,2025-12-07,True,False
CUST-102396,Sponsored Ads,US-East,0.61,2025-01-16,3,3,61.63,0.0,2025-01-16,2025-08-15,True,True
CUST-102397,Sponsored Ads,US-South,0.387,2025-09-25,1,1,18.53,0.0,2025-09-26,2025-09-26,False,True
CUST-102398,Sponsored Ads,US-Midwest,0.346,2025-07-17,1,1,13.14,0.0,2025-07-20,2025-07-20,False,True
CUST-102399,Organic Search,US-South,0.586,2025-08-02,2,2,44.31,0.0,2025-08-18,2025-09-15,True,True
CUST-102400,Organic Search,US-West,0.02,2025-06-10,1,1,29.28,0.0,2025-07-10,2025-07-10,False,True
CUST-102401,External Traffic,US-East,0.379,2025-05-02,1,1,15.16,0.0,2025-06-17,2025-06-17,False,True
CUST-102402,External Traffic,US-East,0.27,2025-05-07,2,2,46.44,0.0,2025-05-17,2025-08-18,True,True
CUST-102403,External Traffic,US-East,0.741,2025-08-17,2,2,31.64,0.0,2025-09-19,2025-12-06,True,False
CUST-102404,External Traffic,US-Midwest,0.412,2025-03-10,4,4,80.38,12.15,2025-03-10,2025-12-17,True,False
CUST-102405,Sponsored Ads,US-West,0.388,2025-04-13,3,3,47.11,0.0,2025-05-03,2025-12-14,True,False
CUST-102406,Organic Search,US-South,0.49,2025-04-03,3,3,78.53,0.0,2025-04-12,2025-12-30,True,False
CUST-102407,Sponsored Ads,US-Midwest,0.381,2025-06-06,2,43,1405.75,0.0,2025-06-09,2025-12-20,True,False
CUST-102408,Sponsored Ads,US-Midwest,0.419,2025-10-18,1,30,691.29,0.0,2025-11-27,2025-11-27,False,False
CUST-102409,Referral,US-South,0.519,2025-10-04,2,2,35.19,0.0,2025-11-20,2025-12-28,True,False
CUST-102410,Organic Search,US-Midwest,0.416,2025-06-13,2,2,31.77,0.0,2025-07-16,2025-08-10,True,True
CUST-102411,Referral,US-East,0.414,2025-03-02,3,3,73.17,0.0,2025-03-02,2025-12-04,True,False
CUST-102412,Organic Search,US-South,0.298,2025-10-10,1,1,34.83,0.0,2025-10-24,2025-10-24,False,False
CUST-102413,Organic Search,US-South,0.269,2025-04-04,4,4,105.0,0.0,2025-04-08,2025-12-12,True,False
CUST-102414,Organic Search,US-West,0.512,2025-04-17,6,6,133.95,32.26,2025-04-22,2025-10-29,True,False
CUST-102415,Sponsored Ads,US-West,0.561,2025-09-23,3,3,63.02,0.0,2025-11-25,2025-12-16,True,False
CUST-102416,Sponsored Ads,US-Midwest,0.214,2025-03-20,3,3,84.58,0.0,2025-03-24,2025-10-12,True,False
CUST-102417,Organic Search,US-West,0.652,2025-05-19,2,2,33.75,0.0,2025-06-01,2025-11-23,True,False
CUST-102418,Sponsored Ads,US-East,0.653,2025-10-03,1,1,31.92,0.0,2025-11-10,2025-11-10,False,False
CUST-102419,Referral,US-South,0.695,2025-04-06,3,3,62.79,18.91,2025-04-14,2025-06-07,True,True
CUST-102420,Sponsored Ads,US-South,0.56,2025-07-07,2,2,32.36,0.0,2025-07-11,2025-08-31,True,True
CUST-102421,Sponsored Ads,US-South,0.627,2025-01-12,8,8,171.43,0.0,2025-01-12,2025-12-15,True,False
CUST-102422,External Traffic,US-Midwest,0.937,2025-10-26,2,2,40.23,0.0,2025-11-26,2025-12-03,True,False
CUST-102423,Sponsored Ads,US-Midwest,0.44,2025-05-06,5,5,115.52,14.67,2025-05-06,2025-12-02,True,False
CUST-102424,Referral,US-Midwest,0.291,2025-07-21,1,1,12.1,0.0,2025-09-15,2025-09-15,False,True
CUST-102425,Organic Search,US-South,0.193,2025-05-31,3,3,45.97,0.0,2025-06-07,2025-12-03,True,False
CUST-102426,Sponsored Ads,US-Midwest,0.851,2025-05-11,2,2,34.41,0.0,2025-07-03,2025-10-01,True,True
CUST-102427,Organic Search,US-South,0.854,2025-05-02,2,2,35.16,0.0,2025-05-04,2025-11-28,True,False
CUST-102428,Organic Search,US-South,0.315,2025-01-06,6,6,102.31,0.0,2025-01-07,2025-12-28,True,False
CUST-102429,External Traffic,US-Midwest,0.355,2025-03-25,1,1,21.91,0.0,2025-04-05,2025-04-05,False,True
CUST-102430,External Traffic,US-Midwest,0.435,2025-04-25,3,3,55.57,0.0,2025-05-07,2025-11-26,True,False
CUST-102431,Organic Search,US-West,0.745,2025-04-21,1,1,12.21,0.0,2025-05-21,2025-05-21,False,True
CUST-102432,Organic Search,US-Midwest,0.243,2025-03-24,1,1,14.03,0.0,2025-04-16,2025-04-16,False,True
CUST-102433,Sponsored Ads,US-South,0.107,2025-07-12,2,2,45.96,0.0,2025-08-15,2025-12-05,True,False
CUST-102434,Organic Search,US-Midwest,0.934,2025-09-06,1,1,13.25,0.0,2025-11-27,2025-11-27,False,False
CUST-102435,Referral,US-South,0.562,2025-09-25,3,3,71.77,0.0,2025-10-19,2025-12-22,True,False
CUST-102436,Organic Search,US-Midwest,0.591,2025-10-19,2,2,35.21,0.0,2025-10-19,2025-12-28,True,False
CUST-102437,Organic Search,US-East,0.459,2025-07-14,2,2,28.35,0.0,2025-07-15,2025-10-17,True,False
CUST-102438,Organic Search,US-West,0.593,2025-05-04,3,3,51.13,0.0,2025-05-07,2025-11-25,True,False
CUST-102439,External Traffic,US-West,0.197,2025-07-13,1,1,21.7,21.7,2025-07-16,2025-07-16,False,True
CUST-102440,Referral,US-East,0.332,2025-02-09,5,5,99.99,0.0,2025-02-09,2025-12-19,True,False
CUST-102441,Sponsored Ads,US-West,0.521,2025-09-03,3,57,1455.28,0.0,2025-10-11,2025-12-17,True,False
CUST-102442,Sponsored Ads,US-East,0.046,2025-06-10,1,1,11.81,0.0,2025-07-19,2025-07-19,False,True
CUST-102443,Organic Search,US-West,0.439,2025-02-19,2,2,48.8,0.0,2025-02-27,2025-07-28,True,True
CUST-102444,Organic Search,US-West,0.427,2025-05-08,3,3,73.35,0.0,2025-05-26,2025-09-11,True,True
CUST-102445,Organic Search,US-South,0.439,2025-04-01,3,54,1796.54,0.0,2025-04-12,2025-04-30,True,True
CUST-102446,Sponsored Ads,US-Midwest,0.39,2025-04-15,4,4,74.63,0.0,2025-04-21,2025-12-31,True,False
CUST-102447,Organic Search,US-West,0.301,2025-01-16,3,3,89.63,34.24,2025-01-20,2025-05-19,True,True
CUST-102448,Organic Search,US-South,0.136,2025-01-05,2,2,40.17,0.0,2025-01-05,2025-01-14,True,True
CUST-102449,Organic Search,US-South,0.529,2025-04-15,2,2,28.95,0.0,2025-05-11,2025-05-13,True,True
CUST-102450,Organic Search,US-South,0.44,2025-04-01,3,3,89.42,0.0,2025-04-10,2025-12-05,True,False
CUST-102451,Organic Search,US-West,0.225,2025-10-27,2,2,50.0,18.79,2025-11-15,2025-12-12,True,False
CUST-102452,Organic Search,US-South,0.513,2025-03-20,3,3,59.35,0.0,2025-04-10,2025-12-30,True,False
CUST-102453,External Traffic,US-West,0.441,2025-04-09,2,2,48.0,0.0,2025-04-20,2025-12-20,True,False
CUST-102454,Organic Search,US-West,0.408,2025-10-02,2,2,45.9,0.0,2025-10-04,2025-12-17,True,False
CUST-102455,Organic Search,US-East,0.069,2025-09-15,1,1,29.93,0.0,2025-10-03,2025-10-03,False,False
CUST-102456,Organic Search,US-Midwest,0.637,2025-01-18,3,3,52.1,0.0,2025-01-18,2025-12-25,True,False
CUST-102457,Sponsored Ads,US-West,0.253,2025-01-26,2,2,36.8,0.0,2025-01-29,2025-07-20,True,True
CUST-102458,Sponsored Ads,US-Midwest,0.513,2025-01-29,5,5,107.15,18.1,2025-02-11,2025-11-18,True,False
CUST-102459,Organic Search,US-Midwest,0.338,2025-05-18,1,1,24.72,0.0,2025-05-31,2025-05-31,False,True
CUST-102460,External Traffic,US-Midwest,0.422,2025-06-21,2,2,38.75,0.0,2025-07-15,2025-12-07,True,False
CUST-102461,Organic Search,US-East,0.73,2025-04-16,3,3,60.57,16.67,2025-04-16,2025-12-24,True,False
CUST-102462,Sponsored Ads,US-West,0.606,2025-01-04,8,8,156.73,24.9,2025-01-05,2025-11-07,True,False
CUST-102463,Organic Search,US-West,0.726,2025-03-02,3,3,59.94,0.0,2025-03-15,2025-09-15,True,True
CUST-102464,Sponsored Ads,US-Midwest,0.566,2025-07-04,3,3,56.68,0.0,2025-07-06,2025-10-04,True,False
CUST-102465,Organic Search,US-West,0.579,2025-04-22,4,4,93.77,0.0,2025-04-22,2025-10-15,True,False
CUST-102466,External Traffic,US-South,0.144,2025-02-07,3,3,65.49,33.0,2025-02-12,2025-12-10,True,False
CUST-102467,Organic Search,US-East,0.436,2025-07-15,7,7,152.63,0.0,2025-08-13,2025-12-25,True,False
CUST-102468,Organic Search,US-Midwest,0.455,2025-07-04,2,2,44.63,0.0,2025-07-08,2025-12-23,True,False
CUST-102469,Sponsored Ads,US-South,0.745,2025-05-28,1,43,676.21,0.0,2025-07-11,2025-07-11,False,True
CUST-102470,Organic Search,US-South,0.399,2025-10-10,2,2,44.5,0.0,2025-11-05,2025-12-04,True,False
CUST-102471,External Traffic,US-Midwest,0.553,2025-09-11,1,1,13.28,0.0,2025-10-08,2025-10-08,False,False
CUST-102472,Organic Search,US-Midwest,0.545,2025-01-12,6,28,883.6,0.0,2025-01-12,2025-07-25,True,True
CUST-102473,Organic Search,US-East,0.732,2025-09-29,2,2,49.66,0.0,2025-11-08,2025-12-27,True,False
CUST-102474,Sponsored Ads,US-South,0.473,2025-01-15,7,7,116.66,0.0,2025-01-15,2025-12-26,True,False
CUST-102475,Sponsored Ads,US-South,0.666,2025-05-25,3,3,67.02,0.0,2025-05-27,2025-11-27,True,False
CUST-102476,Sponsored Ads,US-Midwest,0.159,2025-09-28,1,1,15.35,0.0,2025-11-19,2025-11-19,False,False
CUST-102477,Sponsored Ads,US-East,0.177,2025-10-22,1,1,21.39,0.0,2025-11-05,2025-11-05,False,False
CUST-102478,Sponsored Ads,US-East,0.043,2025-01-07,3,3,55.05,0.0,2025-01-07,2025-02-12,True,True
CUST-102479,Referral,US-Midwest,0.657,2025-01-22,4,51,645.1,0.0,2025-01-24,2025-12-26,True,False
CUST-102480,Organic Search,US-Midwest,0.635,2025-03-14,2,2,37.38,0.0,2025-05-05,2025-07-30,True,True
CUST-102481,Sponsored Ads,US-South,0.679,2025-03-24,3,3,57.06,0.0,2025-03-26,2025-10-01,True,True
CUST-102482,Sponsored Ads,US-West,0.365,2025-03-25,3,57,1375.15,1362.46,2025-05-10,2025-12-23,True,False
CUST-102483,Sponsored Ads,US-East,0.387,2025-05-06,2,2,44.16,22.58,2025-05-21,2025-11-16,True,False
CUST-102484,External Traffic,US-East,0.476,2025-04-06,3,3,88.11,0.0,2025-05-17,2025-07-11,True,True
CUST-102485,Sponsored Ads,US-South,0.789,2025-06-24,3,3,49.91,0.0,2025-06-29,2025-11-12,True,False
CUST-102486,External Traffic,US-South,0.839,2025-09-14,2,2,62.13,0.0,2025-10-16,2025-12-11,True,False
CUST-102487,External Traffic,US-Midwest,0.659,2025-06-13,3,57,1270.62,0.0,2025-08-21,2025-12-04,True,False
CUST-102488,Sponsored Ads,US-West,0.566,2025-04-10,4,4,94.69,0.0,2025-04-13,2025-08-18,True,True
CUST-102489,Organic Search,US-East,0.767,2025-06-20,2,2,29.92,0.0,2025-08-03,2025-12-25,True,False
CUST-102490,Referral,US-South,0.449,2025-07-06,2,2,41.62,0.0,2025-07-18,2025-12-18,True,False
CUST-102491,Organic Search,US-Midwest,0.422,2025-09-26,1,46,589.14,0.0,2025-11-21,2025-11-21,False,False
CUST-102492,Sponsored Ads,US-West,0.474,2025-10-12,1,1,21.21,0.0,2025-10-15,2025-10-15,False,False
CUST-102493,Referral,US-Midwest,0.304,2025-03-25,1,1,11.81,0.0,2025-03-25,2025-03-25,False,True
CUST-102494,External Traffic,US-West,0.465,2025-10-03,1,1,21.31,0.0,2025-10-21,2025-10-21,False,False
CUST-102495,Organic Search,US-West,0.277,2025-09-03,2,2,44.92,0.0,2025-10-06,2025-12-06,True,False
CUST-102496,Organic Search,US-Midwest,0.705,2025-02-08,4,4,95.32,0.0,2025-02-26,2025-04-13,True,True
CUST-102497,Sponsored Ads,US-Midwest,0.609,2025-06-17,3,3,46.15,0.0,2025-08-02,2025-11-30,True,False
CUST-102498,External Traffic,US-Midwest,0.786,2025-02-15,3,3,57.28,0.0,2025-02-19,2025-12-31,True,False
CUST-102499,Organic Search,US-South,0.174,2025-05-28,2,2,41.3,0.0,2025-05-28,2025-12-22,True,False
CUST-102500,Sponsored Ads,US-South,0.88,2025-01-14,7,7,151.36,0.0,2025-01-16,2025-12-04,True,False
CUST-102501,Organic Search,US-South,0.186,2025-03-31,1,1,15.84,0.0,2025-04-12,2025-04-12,False,True
CUST-102502,Referral,US-South,0.26,2025-06-26,2,2,58.85,0.0,2025-06-28,2025-10-14,True,False
CUST-102503,External Traffic,US-South,0.376,2025-04-02,2,2,38.5,0.0,2025-04-07,2025-10-12,True,False
CUST-102504,Sponsored Ads,US-East,0.762,2025-01-04,11,11,176.56,16.09,2025-01-05,2025-12-10,True,False
CUST-102505,Sponsored Ads,US-Midwest,0.545,2025-04-27,3,3,77.01,0.0,2025-04-27,2025-10-03,True,False
CUST-102506,Referral,US-East,0.451,2025-06-12,3,49,645.92,0.0,2025-07-06,2025-12-13,True,False
CUST-102507,Referral,US-South,0.341,2025-08-18,2,2,32.03,0.0,2025-10-20,2025-11-07,True,False
CUST-102508,Organic Search,US-South,0.225,2025-02-10,2,2,40.89,0.0,2025-03-12,2025-05-31,True,True
CUST-102509,Organic Search,US-South,0.727,2025-05-24,1,1,12.88,0.0,2025-06-10,2025-06-10,False,True
CUST-102510,Organic Search,US-South,0.66,2025-03-01,5,5,123.79,0.0,2025-03-09,2025-11-02,True,False
CUST-102511,Organic Search,US-West,0.77,2025-02-16,4,4,79.15,21.74,2025-02-16,2025-09-21,True,True
CUST-102512,Sponsored Ads,US-East,0.579,2025-02-06,4,4,87.88,0.0,2025-02-07,2025-06-30,True,True
CUST-102513,Sponsored Ads,US-East,0.02,2025-08-16,1,1,24.68,0.0,2025-11-19,2025-11-19,False,False
CUST-102514,Sponsored Ads,US-East,0.251,2025-10-03,1,1,11.88,0.0,2025-10-16,2025-10-16,False,False
CUST-102515,External Traffic,US-Midwest,0.593,2025-07-19,3,3,63.44,0.0,2025-07-23,2025-12-28,True,False
CUST-102516,Sponsored Ads,US-Midwest,0.426,2025-04-24,1,1,24.18,0.0,2025-05-03,2025-05-03,False,True
CUST-102517,Sponsored Ads,US-South,0.388,2025-10-12,1,1,12.73,0.0,2025-11-20,2025-11-20,False,False
CUST-102518,Organic Search,US-East,0.279,2025-05-30,2,2,39.22,0.0,2025-06-12,2025-12-29,True,False
CUST-102519,Sponsored Ads,US-West,0.69,2025-06-08,2,2,31.89,0.0,2025-08-05,2025-12-11,True,False
CUST-102520,Sponsored Ads,US-Midwest,0.591,2025-07-10,3,3,54.89,0.0,2025-07-26,2025-12-08,True,False
CUST-102521,Organic Search,US-Midwest,0.6,2025-07-16,1,1,20.1,0.0,2025-08-07,2025-08-07,False,True
CUST-102522,Sponsored Ads,US-East,0.373,2025-05-28,1,1,19.93,0.0,2025-05-30,2025-05-30,False,True
CUST-102523,Organic Search,US-Midwest,0.535,2025-05-24,1,1,29.55,0.0,2025-05-31,2025-05-31,False,True
CUST-102524,Referral,US-Midwest,0.232,2025-04-06,2,2,41.52,0.0,2025-05-15,2025-11-19,True,False
CUST-102525,Sponsored Ads,US-South,0.474,2025-07-24,1,1,19.07,0.0,2025-08-03,2025-08-03,False,True
CUST-102526,Referral,US-West,0.02,2025-07-21,2,2,49.76,0.0,2025-08-01,2025-11-05,True,False
CUST-102527,Referral,US-West,0.186,2025-05-11,2,2,32.15,0.0,2025-06-05,2025-12-21,True,False
CUST-102528,External Traffic,US-Midwest,0.436,2025-08-02,3,3,71.54,0.0,2025-08-12,2025-12-19,True,False
CUST-102529,Organic Search,US-South,0.95,2025-02-11,6,6,119.7,0.0,2025-02-12,2025-12-27,True,False
CUST-102530,Organic Search,US-West,0.14,2025-05-05,2,2,54.13,0.0,2025-05-25,2025-12-09,True,False
CUST-102531,Organic Search,US-West,0.251,2025-10-24,1,1,30.92,0.0,2025-10-27,2025-10-27,False,False
CUST-102532,Organic Search,US-Midwest,0.543,2025-08-09,2,2,41.26,0.0,2025-09-19,2025-12-07,True,False
CUST-102533,Sponsored Ads,US-East,0.854,2025-08-05,2,2,50.74,20.26,2025-08-13,2025-08-28,True,True
CUST-102534,Referral,US-East,0.54,2025-09-16,1,1,25.31,0.0,2025-10-30,2025-10-30,False,False
CUST-102535,Organic Search,US-South,0.64,2025-07-02,2,2,63.0,0.0,2025-07-09,2025-09-09,True,True
CUST-102536,External Traffic,US-East,0.432,2025-07-18,4,4,67.98,0.0,2025-07-27,2025-12-11,True,False
CUST-102537,Sponsored Ads,US-Midwest,0.398,2025-05-25,1,1,22.09,0.0,2025-07-03,2025-07-03,False,True
CUST-102538,Sponsored Ads,US-South,0.516,2025-09-05,1,1,33.66,0.0,2025-10-20,2025-10-20,False,False
CUST-102539,Organic Search,US-East,0.368,2025-08-02,1,1,29.68,0.0,2025-08-24,2025-08-24,False,True
CUST-102540,Organic Search,US-East,0.645,2025-06-07,2,2,38.5,0.0,2025-07-21,2025-11-19,True,False
CUST-102541,Organic Search,US-Midwest,0.179,2025-02-08,3,3,87.77,0.0,2025-02-17,2025-09-04,True,True
CUST-102542,Sponsored Ads,US-South,0.678,2025-08-30,1,1,33.71,0.0,2025-11-14,2025-11-14,False,False
CUST-102543,Sponsored Ads,US-Midwest,0.508,2025-04-08,3,3,46.85,0.0,2025-04-16,2025-09-26,True,True
CUST-102544,Organic Search,US-East,0.457,2025-04-18,5,5,89.72,0.0,2025-04-24,2025-10-23,True,False
CUST-102545,Sponsored Ads,US-West,0.171,2025-02-07,2,2,34.72,13.11,2025-02-09,2025-11-05,True,False
CUST-102546,Referral,US-Midwest,0.304,2025-03-07,5,5,114.98,0.0,2025-03-10,2025-08-11,True,True
CUST-102547,Sponsored Ads,US-West,0.74,2025-02-07,4,4,88.92,0.0,2025-02-14,2025-07-18,True,True
CUST-102548,Sponsored Ads,US-Midwest,0.458,2025-01-30,2,2,26.55,0.0,2025-02-06,2025-12-31,True,False
CUST-102549,Sponsored Ads,US-South,0.556,2025-01-07,6,6,118.44,0.0,2025-01-07,2025-02-13,True,True
CUST-102550,Organic Search,US-West,0.324,2025-03-30,5,5,113.62,19.84,2025-04-05,2025-10-10,True,False
CUST-102551,Organic Search,US-Midwest,0.494,2025-08-15,1,1,34.76,34.76,2025-08-15,2025-08-15,False,True
CUST-102552,Organic Search,US-West,0.226,2025-09-17,3,3,68.73,0.0,2025-11-15,2025-12-28,True,False
CUST-102553,Referral,US-East,0.52,2025-03-10,2,2,52.94,0.0,2025-03-13,2025-12-16,True,False
CUST-102554,Sponsored Ads,US-East,0.574,2025-05-08,1,1,12.34,0.0,2025-05-18,2025-05-18,False,True
CUST-102555,Organic Search,US-South,0.564,2025-09-07,1,1,15.44,0.0,2025-10-02,2025-10-02,False,False
CUST-102556,Sponsored Ads,US-South,0.319,2025-08-01,2,2,44.23,0.0,2025-08-21,2025-12-02,True,False
CUST-102557,Sponsored Ads,US-South,0.432,2025-09-29,2,2,52.78,0.0,2025-10-05,2025-12-19,True,False
CUST-102558,Organic Search,US-East,0.607,2025-05-07,1,1,18.02,0.0,2025-05-08,2025-05-08,False,True
CUST-102559,Sponsored Ads,US-South,0.458,2025-02-20,2,50,952.89,0.0,2025-02-22,2025-12-22,True,False
CUST-102560,Organic Search,US-West,0.443,2025-02-12,8,8,177.5,22.59,2025-02-27,2025-12-29,True,False
CUST-102561,Organic Search,US-South,0.881,2025-08-01,2,2,63.52,0.0,2025-09-24,2025-11-27,True,False
CUST-102562,Organic Search,US-West,0.31,2025-01-08,3,3,75.7,0.0,2025-01-08,2025-11-06,True,False
CUST-102563,Organic Search,US-West,0.716,2025-05-19,4,4,80.36,0.0,2025-05-21,2025-12-31,True,False
CUST-102564,Organic Search,US-South,0.269,2025-04-16,1,1,18.68,0.0,2025-05-14,2025-05-14,False,True
CUST-102565,Sponsored Ads,US-West,0.631,2025-10-03,1,1,13.03,0.0,2025-10-18,2025-10-18,False,False
CUST-102566,Sponsored Ads,US-Midwest,0.642,2025-10-27,1,1,13.48,0.0,2025-11-09,2025-11-09,False,False
CUST-102567,Sponsored Ads,US-West,0.398,2025-05-26,3,3,73.64,0.0,2025-07-05,2025-12-01,True,False
CUST-102568,Organic Search,US-West,0.257,2025-06-24,1,1,25.23,0.0,2025-07-11,2025-07-11,False,True
CUST-102569,Referral,US-Midwest,0.106,2025-04-24,2,2,42.04,0.0,2025-04-30,2025-12-25,True,False
CUST-102570,Sponsored Ads,US-West,0.377,2025-08-22,2,2,46.25,0.0,2025-09-01,2025-10-19,True,False
CUST-102571,Organic Search,US-Midwest,0.605,2025-03-30,5,5,90.99,22.67,2025-04-05,2025-12-03,True,False
CUST-102572,External Traffic,US-East,0.284,2025-08-12,2,2,37.69,0.0,2025-08-30,2025-12-30,True,False
CUST-102573,External Traffic,US-Midwest,0.519,2025-09-29,1,1,16.39,0.0,2025-11-26,2025-11-26,False,False
CUST-102574,Organic Search,US-Midwest,0.205,2025-02-21,2,2,39.02,22.86,2025-02-24,2025-04-13,True,True
CUST-102575,Organic Search,US-West,0.453,2025-03-09,2,2,45.24,0.0,2025-03-15,2025-08-07,True,True
CUST-102576,Organic Search,US-East,0.271,2025-04-24,2,2,51.98,0.0,2025-05-05,2025-06-26,True,True
CUST-102577,External Traffic,US-South,0.484,2025-09-06,2,2,53.33,0.0,2025-10-05,2025-11-20,True,False
CUST-102578,Sponsored Ads,US-Midwest,0.4,2025-07-12,1,1,29.95,0.0,2025-10-02,2025-10-02,False,False
CUST-102579,Referral,US-West,0.262,2025-02-28,2,2,59.35,0.0,2025-03-10,2025-05-17,True,True
CUST-102580,Sponsored Ads,US-West,0.368,2025-04-21,2,2,43.41,0.0,2025-05-01,2025-05-07,True,True
CUST-102581,External Traffic,US-East,0.313,2025-07-13,1,1,26.02,0.0,2025-08-07,2025-08-07,False,True
CUST-102582,Sponsored Ads,US-West,0.237,2025-10-17,2,2,31.35,0.0,2025-11-14,2025-12-29,True,False
CUST-102583,Sponsored Ads,US-East,0.717,2025-05-16,5,5,112.74,0.0,2025-06-02,2025-12-09,True,False
CUST-102584,Sponsored Ads,US-West,0.428,2025-01-23,6,6,130.05,0.0,2025-01-24,2025-12-04,True,False
CUST-102585,Organic Search,US-Midwest,0.06,2025-02-01,4,4,83.39,0.0,2025-02-01,2025-12-10,True,False
CUST-102586,Sponsored Ads,US-Midwest,0.375,2025-01-09,8,8,192.2,0.0,2025-01-09,2025-10-06,True,False
CUST-102587,Sponsored Ads,US-West,0.683,2025-02-07,5,5,114.32,0.0,2025-02-14,2025-08-16,True,True
CUST-102588,Organic Search,US-South,0.348,2025-05-04,4,4,83.64,0.0,2025-05-12,2025-12-19,True,False
CUST-102589,Organic Search,US-South,0.8,2025-03-26,8,8,146.52,24.43,2025-03-30,2025-11-28,True,False
CUST-102590,External Traffic,US-South,0.329,2025-04-01,4,4,88.15,0.0,2025-04-10,2025-07-03,True,True
CUST-102591,External Traffic,US-Midwest,0.601,2025-08-18,2,2,42.1,0.0,2025-09-20,2025-11-18,True,False
CUST-102592,Organic Search,US-South,0.707,2025-05-24,1,1,31.49,0.0,2025-06-03,2025-06-03,False,True
CUST-102593,Sponsored Ads,US-South,0.59,2025-08-07,2,2,65.03,0.0,2025-08-14,2025-10-08,True,False
CUST-102594,Sponsored Ads,US-West,0.225,2025-06-12,1,1,14.89,0.0,2025-06-28,2025-06-28,False,True
CUST-102595,Referral,US-West,0.312,2025-03-03,1,1,19.93,0.0,2025-03-13,2025-03-13,False,True
CUST-102596,Sponsored Ads,US-South,0.734,2025-10-12,2,2,33.4,0.0,2025-10-15,2025-12-20,True,False
CUST-102597,Organic Search,US-Midwest,0.339,2025-05-23,1,1,33.95,0.0,2025-05-26,2025-05-26,False,True
CUST-102598,Referral,US-East,0.695,2025-09-08,1,1,22.06,0.0,2025-10-18,2025-10-18,False,False
CUST-102599,Referral,US-South,0.414,2025-01-30,5,5,113.38,0.0,2025-01-31,2025-10-14,True,False
CUST-102600,Organic Search,US-West,0.528,2025-09-12,2,2,38.51,0.0,2025-10-14,2025-10-29,True,False
CUST-102601,Organic Search,US-East,0.223,2025-08-03,1,1,21.98,0.0,2025-08-20,2025-08-20,False,True
CUST-102602,Organic Search,US-Midwest,0.378,2025-03-16,1,1,22.33,0.0,2025-03-28,2025-03-28,False,True
CUST-102603,External Traffic,US-South,0.325,2025-08-26,2,2,46.33,0.0,2025-09-03,2025-09-21,True,True
CUST-102604,Sponsored Ads,US-West,0.545,2025-08-11,1,1,33.74,0.0,2025-08-19,2025-08-19,False,True
CUST-102605,Sponsored Ads,US-Midwest,0.519,2025-09-26,1,1,30.25,0.0,2025-10-20,2025-10-20,False,False
CUST-102606,Organic Search,US-Midwest,0.593,2025-03-04,3,3,58.0,0.0,2025-03-04,2025-05-20,True,True
CUST-102607,Sponsored Ads,US-East,0.402,2025-09-23,2,2,51.03,19.14,2025-10-01,2025-12-13,True,False
CUST-102608,Organic Search,US-East,0.314,2025-08-17,1,1,18.97,0.0,2025-08-22,2025-08-22,False,True
CUST-102609,Sponsored Ads,US-South,0.537,2025-04-12,3,3,55.2,0.0,2025-04-12,2025-12-12,True,False
CUST-102610,External Traffic,US-Midwest,0.294,2025-04-16,1,1,22.11,0.0,2025-04-29,2025-04-29,False,True
CUST-102611,External Traffic,US-East,0.716,2025-03-18,4,4,85.05,0.0,2025-04-26,2025-12-04,True,False
CUST-102612,Organic Search,US-West,0.477,2025-05-24,2,2,44.26,0.0,2025-06-08,2025-09-29,True,True
CUST-102613,External Traffic,US-West,0.435,2025-09-26,1,1,24.56,0.0,2025-09-30,2025-09-30,False,True
CUST-102614,Sponsored Ads,US-Midwest,0.592,2025-09-09,4,4,91.12,0.0,2025-09-25,2025-12-26,True,False
CUST-102615,Organic Search,US-Midwest,0.485,2025-02-13,2,2,49.07,0.0,2025-02-15,2025-07-20,True,True
CUST-102616,Sponsored Ads,US-Midwest,0.168,2025-02-09,1,1,26.37,0.0,2025-02-09,2025-02-09,False,True
CUST-102617,External Traffic,US-West,0.288,2025-01-18,3,3,65.76,0.0,2025-01-18,2025-04-10,True,True
CUST-102618,External Traffic,US-West,0.712,2025-07-04,1,1,18.66,0.0,2025-10-16,2025-10-16,False,False
CUST-102619,Referral,US-East,0.517,2025-04-05,2,2,26.97,0.0,2025-04-21,2025-05-03,True,True
CUST-102620,External Traffic,US-West,0.164,2025-08-17,1,1,25.13,0.0,2025-10-04,2025-10-04,False,False
CUST-102621,Referral,US-East,0.57,2025-08-17,2,45,664.73,0.0,2025-08-18,2025-12-13,True,False
CUST-102622,Sponsored Ads,US-South,0.388,2025-03-01,2,2,38.36,0.0,2025-03-02,2025-09-16,True,True
CUST-102623,Referral,US-East,0.325,2025-07-28,3,3,36.66,0.0,2025-09-11,2025-12-16,True,False
CUST-102624,Organic Search,US-West,0.271,2025-08-18,2,2,32.63,0.0,2025-09-09,2025-12-28,True,False
CUST-102625,Organic Search,US-East,0.7,2025-10-24,1,28,953.49,0.0,2025-11-07,2025-11-07,False,False
CUST-102626,Organic Search,US-South,0.107,2025-08-05,1,1,15.66,0.0,2025-09-12,2025-09-12,False,True
CUST-102627,Sponsored Ads,US-South,0.332,2025-04-18,3,3,77.18,0.0,2025-05-01,2025-08-09,True,True
CUST-102628,Sponsored Ads,US-East,0.524,2025-10-27,1,1,13.0,0.0,2025-11-16,2025-11-16,False,False
CUST-102629,Sponsored Ads,US-East,0.816,2025-03-24,2,2,53.22,0.0,2025-04-05,2025-07-04,True,True
CUST-102630,Sponsored Ads,US-South,0.611,2025-08-30,2,2,27.98,0.0,2025-09-29,2025-10-11,True,False
CUST-102631,Organic Search,US-West,0.331,2025-04-24,2,2,42.42,11.65,2025-05-02,2025-12-23,True,False
CUST-102632,External Traffic,US-Midwest,0.806,2025-10-08,2,23,508.7,0.0,2025-11-23,2025-12-31,True,False
CUST-102633,Organic Search,US-Midwest,0.229,2025-08-23,1,1,22.05,0.0,2025-09-16,2025-09-16,False,True
CUST-102634,Organic Search,US-West,0.553,2025-06-29,2,2,59.2,0.0,2025-08-31,2025-09-17,True,True
CUST-102635,Organic Search,US-Midwest,0.598,2025-03-06,6,6,160.12,0.0,2025-03-14,2025-11-01,True,False
CUST-102636,Organic Search,US-West,0.324,2025-02-26,4,4,65.11,0.0,2025-02-28,2025-12-07,True,False
CUST-102637,Sponsored Ads,US-East,0.64,2025-10-12,2,2,40.8,0.0,2025-11-27,2025-12-29,True,False
CUST-102638,External Traffic,US-South,0.397,2025-08-29,1,1,30.49,0.0,2025-11-07,2025-11-07,False,False
CUST-102639,Sponsored Ads,US-East,0.639,2025-06-03,3,3,74.46,0.0,2025-06-09,2025-11-25,True,False
CUST-102640,Organic Search,US-West,0.132,2025-09-21,1,1,19.79,0.0,2025-09-29,2025-09-29,False,True
CUST-102641,External Traffic,US-West,0.567,2025-08-23,1,1,30.21,0.0,2025-11-09,2025-11-09,False,False
CUST-102642,Organic Search,US-South,0.418,2025-04-27,2,2,42.94,0.0,2025-05-05,2025-11-02,True,False
CUST-102643,External Traffic,US-West,0.73,2025-09-06,1,1,28.43,0.0,2025-09-25,2025-09-25,False,True
CUST-102644,Sponsored Ads,US-East,0.491,2025-08-27,1,1,12.87,0.0,2025-11-04,2025-11-04,False,False
CUST-102645,External Traffic,US-East,0.75,2025-05-24,3,23,307.71,0.0,2025-06-03,2025-12-16,True,False
CUST-102646,Organic Search,US-Midwest,0.602,2025-01-06,4,4,94.56,0.0,2025-01-07,2025-01-24,True,True
CUST-102647,External Traffic,US-Midwest,0.474,2025-08-11,2,2,35.39,0.0,2025-09-03,2025-09-18,True,True
CUST-102648,Organic Search,US-Midwest,0.658,2025-04-12,4,4,87.33,0.0,2025-04-16,2025-12-20,True,False
CUST-102649,External Traffic,US-South,0.659,2025-04-20,2,2,63.04,0.0,2025-05-02,2025-05-23,True,True
CUST-102650,Referral,US-South,0.594,2025-08-03,2,2,38.8,0.0,2025-08-19,2025-11-06,True,False
CUST-102651,Organic Search,US-East,0.042,2025-09-01,1,1,33.45,0.0,2025-11-02,2025-11-02,False,False
CUST-102652,External Traffic,US-West,0.303,2025-01-27,2,2,39.8,0.0,2025-01-27,2025-02-26,True,True
CUST-102653,Organic Search,US-Midwest,0.777,2025-09-05,2,2,47.88,23.74,2025-10-12,2025-12-08,True,False
CUST-102654,Organic Search,US-East,0.249,2025-03-29,2,2,46.96,0.0,2025-04-05,2025-05-09,True,True
CUST-102655,Referral,US-East,0.676,2025-06-19,1,1,32.94,0.0,2025-07-11,2025-07-11,False,True
CUST-102656,Sponsored Ads,US-West,0.641,2025-09-18,1,1,20.56,0.0,2025-09-19,2025-09-19,False,True
CUST-102657,Organic Search,US-East,0.355,2025-03-07,4,4,85.02,0.0,2025-03-09,2025-05-17,True,True
CUST-102658,Sponsored Ads,US-South,0.101,2025-03-08,1,1,22.8,0.0,2025-04-06,2025-04-06,False,True
CUST-102659,Sponsored Ads,US-East,0.386,2025-10-19,1,1,19.21,0.0,2025-11-03,2025-11-03,False,False
CUST-102660,External Traffic,US-South,0.916,2025-04-22,2,2,32.82,0.0,2025-04-22,2025-11-10,True,False
CUST-102661,Sponsored Ads,US-West,0.327,2025-10-12,1,1,22.6,0.0,2025-11-26,2025-11-26,False,False
CUST-102662,Sponsored Ads,US-West,0.341,2025-04-18,1,1,12.47,0.0,2025-05-17,2025-05-17,False,True
CUST-102663,Sponsored Ads,US-Midwest,0.3,2025-07-05,3,3,84.65,0.0,2025-07-10,2025-09-09,True,True
CUST-102664,Organic Search,US-East,0.743,2025-06-03,3,3,60.95,0.0,2025-06-12,2025-11-22,True,False
CUST-102665,External Traffic,US-East,0.451,2025-10-23,1,1,24.51,0.0,2025-10-23,2025-10-23,False,False
CUST-102666,External Traffic,US-East,0.375,2025-06-15,1,1,23.95,0.0,2025-06-22,2025-06-22,False,True
CUST-102667,Sponsored Ads,US-South,0.783,2025-05-31,1,1,32.16,0.0,2025-06-11,2025-06-11,False,True
CUST-102668,Organic Search,US-South,0.616,2025-05-20,2,2,39.49,18.57,2025-05-24,2025-12-28,True,False
CUST-102669,Organic Search,US-East,0.316,2025-04-23,4,4,88.06,0.0,2025-05-04,2025-12-07,True,False
CUST-102670,Organic Search,US-Midwest,0.255,2025-05-13,2,2,40.99,0.0,2025-05-31,2025-06-29,True,True
CUST-102671,Organic Search,US-Midwest,0.732,2025-05-19,2,2,35.29,0.0,2025-05-21,2025-12-13,True,False
CUST-102672,Sponsored Ads,US-West,0.503,2025-08-18,2,2,46.47,0.0,2025-09-13,2025-11-23,True,False
CUST-102673,Organic Search,US-South,0.19,2025-01-14,4,4,68.6,0.0,2025-01-14,2025-09-05,True,True
CUST-102674,Organic Search,US-Midwest,0.143,2025-05-31,2,2,41.54,0.0,2025-06-04,2025-12-23,True,False
CUST-102675,Organic Search,US-East,0.277,2025-06-14,1,1,13.54,0.0,2025-06-18,2025-06-18,False,True
CUST-102676,Organic Search,US-West,0.252,2025-08-14,1,1,31.89,0.0,2025-09-09,2025-09-09,False,True
CUST-102677,External Traffic,US-West,0.091,2025-07-19,1,1,15.04,0.0,2025-08-20,2025-08-20,False,True
CUST-102678,Organic Search,US-South,0.28,2025-05-10,1,1,15.54,0.0,2025-05-19,2025-05-19,False,True
CUST-102679,Sponsored Ads,US-Midwest,0.316,2025-02-02,4,4,89.01,0.0,2025-02-02,2025-09-28,True,True
CUST-102680,External Traffic,US-West,0.407,2025-04-22,3,3,59.37,0.0,2025-05-05,2025-11-19,True,False
CUST-102681,External Traffic,US-South,0.839,2025-03-18,4,4,108.13,20.09,2025-03-26,2025-11-23,True,False
CUST-102682,Sponsored Ads,US-East,0.447,2025-03-03,3,3,70.34,0.0,2025-03-29,2025-05-28,True,True
CUST-102683,Organic Search,US-East,0.466,2025-08-05,3,3,64.27,30.95,2025-09-08,2025-12-29,True,False
CUST-102684,Sponsored Ads,US-South,0.602,2025-05-24,4,4,95.17,0.0,2025-06-07,2025-12-16,True,False
CUST-102685,Organic Search,US-Midwest,0.453,2025-08-27,2,2,51.13,0.0,2025-09-11,2025-09-18,True,True
CUST-102686,Sponsored Ads,US-West,0.58,2025-02-11,7,7,152.1,0.0,2025-02-21,2025-12-25,True,False
CUST-102687,Organic Search,US-West,0.556,2025-10-23,1,1,21.6,0.0,2025-11-27,2025-11-27,False,False
CUST-102688,Sponsored Ads,US-East,0.525,2025-05-23,2,2,45.33,0.0,2025-06-06,2025-12-19,True,False
CUST-102689,Organic Search,US-East,0.95,2025-03-17,4,4,93.07,0.0,2025-04-16,2025-12-26,True,False
CUST-102690,Referral,US-South,0.682,2025-04-19,3,3,77.84,0.0,2025-04-27,2025-07-10,True,True
CUST-102691,Sponsored Ads,US-South,0.284,2025-09-10,1,1,19.0,19.0,2025-09-16,2025-09-16,False,True
CUST-102692,External Traffic,US-West,0.574,2025-08-01,1,1,18.67,0.0,2025-10-16,2025-10-16,False,False
CUST-102693,Referral,US-East,0.342,2025-02-21,2,2,51.51,0.0,2025-02-24,2025-09-23,True,True
CUST-102694,External Traffic,US-South,0.589,2025-10-25,1,1,19.71,0.0,2025-11-26,2025-11-26,False,False
CUST-102695,Sponsored Ads,US-East,0.225,2025-02-09,4,4,70.81,0.0,2025-02-17,2025-12-29,True,False
CUST-102696,External Traffic,US-South,0.278,2025-03-24,1,1,19.36,0.0,2025-04-22,2025-04-22,False,True
CUST-102697,Sponsored Ads,US-East,0.569,2025-08-07,2,2,44.86,0.0,2025-08-07,2025-09-16,True,True
CUST-102698,Sponsored Ads,US-East,0.7,2025-06-08,3,3,56.01,0.0,2025-06-12,2025-11-16,True,False
CUST-102699,External Traffic,US-West,0.601,2025-05-14,2,2,53.12,0.0,2025-05-22,2025-06-26,True,True
CUST-102700,Organic Search,US-West,0.671,2025-10-05,1,1,21.01,0.0,2025-11-16,2025-11-16,False,False
CUST-102701,Organic Search,US-West,0.575,2025-08-27,4,4,75.58,0.0,2025-09-02,2025-12-26,True,False
CUST-102702,Sponsored Ads,US-South,0.534,2025-10-16,2,2,65.13,0.0,2025-10-19,2025-12-14,True,False
CUST-102703,External Traffic,US-West,0.399,2025-03-26,2,2,33.75,0.0,2025-04-04,2025-05-08,True,True
CUST-102704,Organic Search,US-South,0.663,2025-09-13,1,1,15.4,0.0,2025-09-19,2025-09-19,False,True
CUST-102705,Organic Search,US-Midwest,0.705,2025-03-05,5,38,538.18,0.0,2025-03-12,2025-12-28,True,False
CUST-102706,External Traffic,US-South,0.487,2025-08-30,1,1,20.2,0.0,2025-08-30,2025-08-30,False,True
CUST-102707,Sponsored Ads,US-South,0.477,2025-06-14,1,1,24.89,0.0,2025-06-15,2025-06-15,False,True
CUST-102708,Sponsored Ads,US-West,0.818,2025-06-29,1,1,12.0,0.0,2025-10-13,2025-10-13,False,False
CUST-102709,Organic Search,US-East,0.496,2025-02-04,2,2,42.74,0.0,2025-02-07,2025-02-15,True,True
CUST-102710,Referral,US-Midwest,0.515,2025-09-21,1,1,11.86,0.0,2025-09-29,2025-09-29,False,True
CUST-102711,Sponsored Ads,US-East,0.597,2025-03-25,4,4,85.2,0.0,2025-03-31,2025-11-21,True,False
CUST-102712,Sponsored Ads,US-Midwest,0.48,2025-06-29,1,1,30.14,0.0,2025-07-10,2025-07-10,False,True
CUST-102713,Sponsored Ads,US-South,0.336,2025-02-19,2,2,27.42,0.0,2025-02-19,2025-08-27,True,True
CUST-102714,External Traffic,US-East,0.576,2025-10-05,2,2,43.69,0.0,2025-10-12,2025-10-31,True,False
CUST-102715,Sponsored Ads,US-West,0.492,2025-04-07,3,3,59.15,0.0,2025-04-23,2025-06-01,True,True
CUST-102716,Organic Search,US-West,0.868,2025-08-17,3,3,75.38,0.0,2025-08-26,2025-12-17,True,False
CUST-102717,Referral,US-East,0.658,2025-08-18,1,1,30.99,0.0,2025-09-14,2025-09-14,False,True
CUST-102718,Sponsored Ads,US-East,0.381,2025-06-15,1,1,11.69,0.0,2025-07-13,2025-07-13,False,True
CUST-102719,Organic Search,US-South,0.646,2025-02-06,6,6,112.01,19.09,2025-02-09,2025-12-22,True,False
CUST-102720,Organic Search,US-South,0.562,2025-03-25,2,2,32.29,0.0,2025-04-08,2025-07-21,True,True
CUST-102721,External Traffic,US-East,0.762,2025-07-03,2,2,38.42,0.0,2025-08-17,2025-12-04,True,False
CUST-102722,Sponsored Ads,US-South,0.395,2025-06-10,2,2,32.2,0.0,2025-07-11,2025-10-06,True,False
CUST-102723,Organic Search,US-Midwest,0.538,2025-06-25,3,3,61.54,0.0,2025-07-09,2025-08-19,True,True
CUST-102724,Sponsored Ads,US-South,0.48,2025-03-16,5,59,1357.61,14.91,2025-04-23,2025-12-23,True,False
CUST-102725,Organic Search,US-Midwest,0.512,2025-06-11,2,2,42.8,0.0,2025-07-17,2025-09-24,True,True
CUST-102726,External Traffic,US-East,0.323,2025-01-26,2,2,44.05,0.0,2025-01-29,2025-11-23,True,False
CUST-102727,Sponsored Ads,US-Midwest,0.615,2025-05-26,4,4,78.76,0.0,2025-06-08,2025-12-15,True,False
CUST-102728,Sponsored Ads,US-East,0.584,2025-01-28,4,4,83.36,0.0,2025-02-07,2025-12-14,True,False
CUST-102729,External Traffic,US-West,0.757,2025-07-19,3,3,50.77,0.0,2025-08-12,2025-09-27,True,True
CUST-102730,Sponsored Ads,US-West,0.498,2025-06-20,2,2,42.21,0.0,2025-07-09,2025-09-11,True,True
CUST-102731,Sponsored Ads,US-West,0.418,2025-09-13,2,2,30.64,0.0,2025-11-05,2025-11-29,True,False
CUST-102732,Organic Search,US-Midwest,0.658,2025-05-19,2,2,31.63,0.0,2025-06-06,2025-12-18,True,False
CUST-102733,Sponsored Ads,US-West,0.341,2025-02-18,1,1,20.36,0.0,2025-02-19,2025-02-19,False,True
CUST-102734,Sponsored Ads,US-Midwest,0.717,2025-03-12,4,4,80.25,15.1,2025-03-12,2025-07-03,True,True
CUST-102735,Organic Search,US-Midwest,0.717,2025-09-02,3,3,56.48,0.0,2025-10-08,2025-11-03,True,False
CUST-102736,Sponsored Ads,US-East,0.751,2025-10-15,2,2,43.77,0.0,2025-10-28,2025-11-24,True,False
CUST-102737,Organic Search,US-Midwest,0.575,2025-01-19,6,6,158.63,23.41,2025-01-22,2025-07-17,True,True
CUST-102738,Organic Search,US-Midwest,0.403,2025-07-22,1,1,28.91,0.0,2025-08-09,2025-08-09,False,True
CUST-102739,Organic Search,US-Midwest,0.522,2025-05-25,1,1,19.94,0.0,2025-05-26,2025-05-26,False,True
CUST-102740,Sponsored Ads,US-East,0.576,2025-03-19,2,2,42.53,0.0,2025-03-29,2025-07-09,True,True
CUST-102741,External Traffic,US-East,0.388,2025-06-03,1,1,14.87,14.87,2025-07-18,2025-07-18,False,True
CUST-102742,Sponsored Ads,US-West,0.767,2025-10-08,1,1,16.06,0.0,2025-11-09,2025-11-09,False,False
CUST-102743,External Traffic,US-Midwest,0.616,2025-03-01,7,7,130.76,0.0,2025-03-24,2025-11-25,True,False
CUST-102744,Sponsored Ads,US-Midwest,0.322,2025-09-09,1,1,15.13,0.0,2025-11-13,2025-11-13,False,False
CUST-102745,External Traffic,US-South,0.877,2025-01-27,4,4,70.92,0.0,2025-01-27,2025-10-03,True,False
CUST-102746,Sponsored Ads,US-West,0.519,2025-08-05,2,2,59.68,0.0,2025-08-09,2025-11-07,True,False
CUST-102747,Sponsored Ads,US-Midwest,0.281,2025-01-23,4,4,92.48,0.0,2025-01-25,2025-09-15,True,True
CUST-102748,Organic Search,US-East,0.334,2025-01-19,7,7,161.95,0.0,2025-01-23,2025-12-27,True,False
CUST-102749,Sponsored Ads,US-South,0.798,2025-01-12,6,6,135.51,14.9,2025-01-12,2025-11-01,True,False
CUST-102750,Sponsored Ads,US-South,0.865,2025-08-30,2,2,46.55,0.0,2025-09-06,2025-10-10,True,False
CUST-102751,Organic Search,US-West,0.702,2025-06-22,1,1,21.21,0.0,2025-07-09,2025-07-09,False,True
CUST-102752,External Traffic,US-West,0.764,2025-07-27,1,1,14.18,0.0,2025-08-22,2025-08-22,False,True
CUST-102753,Sponsored Ads,US-West,0.743,2025-02-16,2,2,64.45,0.0,2025-03-05,2025-04-27,True,True
CUST-102754,External Traffic,US-Midwest,0.611,2025-10-04,1,1,15.24,0.0,2025-10-25,2025-10-25,False,False
CUST-102755,External Traffic,US-Midwest,0.566,2025-08-31,1,1,12.7,12.7,2025-10-11,2025-10-11,False,False
CUST-102756,External Traffic,US-East,0.608,2025-05-27,5,5,128.68,0.0,2025-06-14,2025-12-05,True,False
CUST-102757,Organic Search,US-East,0.647,2025-09-27,1,1,22.06,0.0,2025-09-29,2025-09-29,False,True
CUST-102758,Organic Search,US-East,0.352,2025-02-12,3,3,64.52,12.31,2025-02-19,2025-12-17,True,False
CUST-102759,Organic Search,US-East,0.646,2025-03-29,5,5,104.0,0.0,2025-04-02,2025-12-20,True,False
CUST-102760,Organic Search,US-South,0.792,2025-01-15,8,8,144.23,0.0,2025-01-16,2025-12-07,True,False
CUST-102761,Referral,US-East,0.459,2025-02-19,3,3,56.13,0.0,2025-03-08,2025-05-25,True,True
CUST-102762,Sponsored Ads,US-South,0.437,2025-09-10,1,1,35.36,0.0,2025-10-02,2025-10-02,False,False
CUST-102763,Sponsored Ads,US-East,0.595,2025-05-03,3,3,67.19,0.0,2025-05-10,2025-07-15,True,True
CUST-102764,Sponsored Ads,US-South,0.37,2025-07-13,2,2,64.17,0.0,2025-08-17,2025-10-30,True,False
CUST-102765,Referral,US-Midwest,0.237,2025-09-22,1,1,24.84,0.0,2025-10-19,2025-10-19,False,False
CUST-102766,Organic Search,US-West,0.73,2025-08-18,1,1,21.77,0.0,2025-11-02,2025-11-02,False,False
CUST-102767,Organic Search,US-West,0.41,2025-04-30,1,1,23.95,0.0,2025-05-13,2025-05-13,False,True
CUST-102768,External Traffic,US-South,0.504,2025-04-15,3,3,64.86,0.0,2025-04-20,2025-09-07,True,True
CUST-102769,Referral,US-West,0.378,2025-02-02,4,4,71.67,0.0,2025-02-09,2025-08-28,True,True
CUST-102770,Sponsored Ads,US-West,0.755,2025-09-06,1,1,11.98,11.98,2025-10-28,2025-10-28,False,False
CUST-102771,External Traffic,US-Midwest,0.671,2025-10-23,1,1,32.58,0.0,2025-11-26,2025-11-26,False,False
CUST-102772,External Traffic,US-East,0.452,2025-05-31,5,5,113.34,0.0,2025-06-08,2025-12-22,True,False
CUST-102773,Sponsored Ads,US-South,0.264,2025-05-30,3,3,54.87,0.0,2025-06-17,2025-10-23,True,False
CUST-102774,External Traffic,US-Midwest,0.431,2025-09-12,2,2,38.41,0.0,2025-10-05,2025-11-19,True,False
CUST-102775,Sponsored Ads,US-West,0.614,2025-04-13,3,3,70.28,0.0,2025-04-27,2025-11-29,True,False
CUST-102776,Organic Search,US-East,0.538,2025-05-02,2,2,54.41,0.0,2025-05-10,2025-05-10,True,True
CUST-102777,Organic Search,US-West,0.522,2025-09-26,2,2,33.19,0.0,2025-09-30,2025-10-18,True,False
CUST-102778,Sponsored Ads,US-East,0.542,2025-04-24,4,4,83.17,0.0,2025-05-10,2025-12-30,True,False
CUST-102779,Sponsored Ads,US-West,0.652,2025-10-06,1,1,14.6,0.0,2025-11-10,2025-11-10,False,False
CUST-102780,Sponsored Ads,US-Midwest,0.492,2025-02-18,3,3,80.7,14.99,2025-02-18,2025-07-17,True,True
CUST-102781,Sponsored Ads,US-East,0.59,2025-05-30,3,3,76.58,0.0,2025-06-04,2025-07-10,True,True
CUST-102782,Organic Search,US-West,0.303,2025-05-27,2,2,25.59,13.9,2025-06-06,2025-12-16,True,False
CUST-102783,Sponsored Ads,US-West,0.95,2025-04-03,6,6,153.78,0.0,2025-04-12,2025-12-27,True,False
CUST-102784,Sponsored Ads,US-West,0.443,2025-10-16,1,1,12.58,0.0,2025-11-17,2025-11-17,False,False
CUST-102785,Organic Search,US-West,0.541,2025-05-25,4,4,83.32,0.0,2025-05-25,2025-12-05,True,False
CUST-102786,Organic Search,US-West,0.613,2025-09-21,1,1,24.47,0.0,2025-09-23,2025-09-23,False,True
CUST-102787,Organic Search,US-South,0.418,2025-03-07,3,3,65.19,0.0,2025-03-10,2025-08-15,True,True
CUST-102788,Referral,US-Midwest,0.502,2025-04-15,2,2,31.81,0.0,2025-05-22,2025-05-30,True,True
CUST-102789,Sponsored Ads,US-Midwest,0.499,2025-05-24,2,2,51.84,0.0,2025-05-28,2025-08-21,True,True
CUST-102790,External Traffic,US-Midwest,0.317,2025-06-19,1,1,12.67,0.0,2025-06-21,2025-06-21,False,True
CUST-102791,Sponsored Ads,US-Midwest,0.588,2025-03-10,3,3,75.56,0.0,2025-03-12,2025-09-18,True,True
CUST-102792,Organic Search,US-East,0.17,2025-04-04,1,1,24.28,0.0,2025-04-14,2025-04-14,False,True
CUST-102793,Referral,US-East,0.851,2025-07-06,2,2,28.46,0.0,2025-08-14,2025-10-08,True,False
CUST-102794,External Traffic,US-South,0.659,2025-03-25,3,3,65.26,0.0,2025-03-28,2025-10-18,True,False
CUST-102795,Organic Search,US-East,0.628,2025-08-16,1,1,19.73,0.0,2025-10-19,2025-10-19,False,False
CUST-102796,Organic Search,US-South,0.153,2025-05-24,1,1,15.42,0.0,2025-06-17,2025-06-17,False,True
CUST-102797,Sponsored Ads,US-Midwest,0.341,2025-10-18,2,2,39.8,0.0,2025-11-01,2025-11-26,True,False
CUST-102798,Organic Search,US-West,0.778,2025-03-13,2,2,45.29,0.0,2025-03-27,2025-10-13,True,False
CUST-102799,External Traffic,US-Midwest,0.95,2025-09-10,3,3,60.14,0.0,2025-10-01,2025-12-03,True,False
CUST-102800,Referral,US-Midwest,0.739,2025-05-28,3,3,59.77,0.0,2025-06-01,2025-10-02,True,False
CUST-102801,Organic Search,US-South,0.707,2025-01-26,7,7,140.04,19.81,2025-02-12,2025-10-24,True,False
CUST-102802,Sponsored Ads,US-East,0.605,2025-07-31,1,1,21.87,0.0,2025-09-24,2025-09-24,False,True
CUST-102803,Organic Search,US-East,0.331,2025-03-05,4,4,56.54,13.36,2025-03-10,2025-12-04,True,False
CUST-102804,Sponsored Ads,US-West,0.699,2025-02-11,4,4,88.33,12.72,2025-02-15,2025-06-26,True,True
CUST-102805,Sponsored Ads,US-East,0.28,2025-06-09,1,1,31.85,0.0,2025-09-01,2025-09-01,False,True
CUST-102806,Sponsored Ads,US-South,0.258,2025-08-24,2,2,25.18,0.0,2025-10-07,2025-11-18,True,False
CUST-102807,Organic Search,US-South,0.245,2025-03-19,1,1,19.66,0.0,2025-03-24,2025-03-24,False,True
CUST-102808,Sponsored Ads,US-West,0.695,2025-07-06,2,2,44.24,0.0,2025-07-18,2025-10-01,True,True
CUST-102809,Sponsored Ads,US-South,0.489,2025-01-05,7,7,155.09,19.45,2025-01-06,2025-03-29,True,True
CUST-102810,Sponsored Ads,US-Midwest,0.52,2025-02-25,1,1,29.85,29.85,2025-02-27,2025-02-27,False,True
CUST-102811,External Traffic,US-West,0.497,2025-08-15,1,1,15.95,0.0,2025-08-21,2025-08-21,False,True
CUST-102812,Organic Search,US-West,0.275,2025-01-04,2,2,35.53,0.0,2025-01-04,2025-03-09,True,True
CUST-102813,Sponsored Ads,US-Midwest,0.366,2025-04-18,6,6,147.06,25.26,2025-05-10,2025-12-19,True,False
CUST-102814,Sponsored Ads,US-South,0.376,2025-06-02,2,2,34.58,0.0,2025-07-08,2025-09-15,True,True
CUST-102815,Organic Search,US-South,0.219,2025-01-20,4,4,89.91,0.0,2025-01-21,2025-12-24,True,False
CUST-102816,Sponsored Ads,US-Midwest,0.399,2025-10-21,1,1,30.25,0.0,2025-10-27,2025-10-27,False,False
CUST-102817,Organic Search,US-South,0.284,2025-06-02,1,1,25.07,0.0,2025-06-23,2025-06-23,False,True
CUST-102818,Organic Search,US-South,0.616,2025-04-12,4,4,111.25,29.89,2025-04-25,2025-12-09,True,False
CUST-102819,Referral,US-West,0.632,2025-10-21,1,1,15.31,0.0,2025-11-14,2025-11-14,False,False
CUST-102820,Sponsored Ads,US-Midwest,0.241,2025-06-17,2,2,59.2,0.0,2025-07-18,2025-09-09,True,True
CUST-102821,Organic Search,US-Midwest,0.441,2025-07-23,5,5,123.78,0.0,2025-07-25,2025-12-13,True,False
CUST-102822,Sponsored Ads,US-East,0.871,2025-01-28,3,3,73.76,0.0,2025-02-05,2025-03-31,True,True
CUST-102823,Referral,US-South,0.304,2025-02-17,4,4,96.67,0.0,2025-02-17,2025-08-08,True,True
CUST-102824,Referral,US-South,0.585,2025-01-14,10,10,201.19,50.54,2025-01-14,2025-12-07,True,False
CUST-102825,Organic Search,US-West,0.521,2025-06-04,2,2,38.63,0.0,2025-06-08,2025-12-05,True,False
CUST-102826,Organic Search,US-West,0.719,2025-09-08,3,3,54.37,0.0,2025-10-01,2025-12-23,True,False
CUST-102827,Sponsored Ads,US-South,0.559,2025-09-28,1,1,12.6,0.0,2025-10-31,2025-10-31,False,False
CUST-102828,External Traffic,US-South,0.414,2025-06-22,1,1,24.11,0.0,2025-07-19,2025-07-19,False,True
CUST-102829,Organic Search,US-South,0.513,2025-01-17,4,4,101.44,22.07,2025-01-18,2025-12-14,True,False
CUST-102830,Sponsored Ads,US-East,0.516,2025-07-07,1,42,518.62,0.0,2025-11-25,2025-11-25,False,False
CUST-102831,Organic Search,US-Midwest,0.482,2025-07-11,2,2,53.54,0.0,2025-07-20,2025-11-02,True,False
CUST-102832,Organic Search,US-East,0.236,2025-06-29,1,1,24.66,0.0,2025-07-02,2025-07-02,False,True
CUST-102833,External Traffic,US-West,0.749,2025-08-05,2,2,46.8,0.0,2025-08-08,2025-12-16,True,False
CUST-102834,Organic Search,US-West,0.713,2025-06-17,1,47,1009.82,0.0,2025-10-02,2025-10-02,False,False
CUST-102835,Organic Search,US-Midwest,0.291,2025-07-31,3,3,63.08,0.0,2025-08-06,2025-12-28,True,False
CUST-102836,Organic Search,US-South,0.44,2025-05-26,1,1,23.76,0.0,2025-06-02,2025-06-02,False,True
CUST-102837,Sponsored Ads,US-East,0.455,2025-02-15,4,4,80.13,0.0,2025-02-21,2025-12-07,True,False
CUST-102838,Sponsored Ads,US-West,0.269,2025-01-24,2,2,36.76,0.0,2025-01-25,2025-04-19,True,True
CUST-102839,Sponsored Ads,US-West,0.127,2025-09-30,1,1,14.63,0.0,2025-10-19,2025-10-19,False,False
CUST-102840,External Traffic,US-West,0.366,2025-05-13,3,3,53.25,0.0,2025-06-28,2025-12-07,True,False
CUST-102841,Organic Search,US-West,0.429,2025-04-07,4,4,57.31,13.23,2025-04-24,2025-12-17,True,False
CUST-102842,Organic Search,US-South,0.212,2025-03-29,1,1,11.59,0.0,2025-04-10,2025-04-10,False,True
CUST-102843,Sponsored Ads,US-West,0.535,2025-01-16,7,7,146.33,34.6,2025-01-17,2025-12-03,True,False
CUST-102844,Sponsored Ads,US-West,0.733,2025-10-11,2,48,972.79,939.12,2025-10-21,2025-12-03,True,False
CUST-102845,Organic Search,US-East,0.668,2025-01-25,7,7,181.73,18.8,2025-01-30,2025-07-27,True,True
CUST-102846,Sponsored Ads,US-South,0.475,2025-03-07,1,1,20.51,0.0,2025-03-11,2025-03-11,False,True
CUST-102847,Sponsored Ads,US-East,0.132,2025-05-18,1,1,30.13,0.0,2025-05-25,2025-05-25,False,True
CUST-102848,External Traffic,US-West,0.643,2025-04-18,6,6,101.11,0.0,2025-04-26,2025-12-26,True,False
CUST-102849,Sponsored Ads,US-South,0.529,2025-01-12,5,23,584.26,0.0,2025-01-12,2025-10-19,True,False
CUST-102850,Sponsored Ads,US-East,0.585,2025-04-09,2,2,59.99,0.0,2025-06-04,2025-10-23,True,False
CUST-102851,Organic Search,US-West,0.887,2025-08-22,3,3,81.51,0.0,2025-11-29,2025-12-30,True,False
CUST-102852,External Traffic,US-South,0.335,2025-03-17,2,2,34.47,0.0,2025-03-20,2025-11-29,True,False
CUST-102853,Sponsored Ads,US-Midwest,0.02,2025-09-17,1,1,19.5,0.0,2025-10-21,2025-10-21,False,False
CUST-102854,External Traffic,US-South,0.289,2025-04-19,1,1,16.35,0.0,2025-04-19,2025-04-19,False,True
CUST-102855,Referral,US-West,0.597,2025-01-05,7,7,159.63,0.0,2025-01-05,2025-07-30,True,True
CUST-102856,Organic Search,US-East,0.505,2025-02-02,5,5,114.39,0.0,2025-02-09,2025-12-23,True,False
CUST-102857,Organic Search,US-South,0.257,2025-09-01,1,1,15.39,0.0,2025-11-07,2025-11-07,False,False
CUST-102858,Organic Search,US-Midwest,0.216,2025-05-02,1,1,28.75,0.0,2025-05-30,2025-05-30,False,True
CUST-102859,Organic Search,US-Midwest,0.429,2025-10-22,1,1,15.72,0.0,2025-11-03,2025-11-03,False,False
CUST-102860,Organic Search,US-Midwest,0.251,2025-08-25,3,3,60.79,0.0,2025-08-31,2025-10-15,True,False
CUST-102861,Organic Search,US-Midwest,0.604,2025-01-10,11,11,238.81,0.0,2025-01-10,2025-10-16,True,False
CUST-102862,Sponsored Ads,US-South,0.418,2025-04-04,3,3,52.87,0.0,2025-05-04,2025-11-05,True,False
CUST-102863,Sponsored Ads,US-South,0.375,2025-08-06,1,1,18.98,0.0,2025-08-06,2025-08-06,False,True
CUST-102864,Organic Search,US-South,0.348,2025-01-19,5,5,106.56,0.0,2025-01-27,2025-12-31,True,False
CUST-102865,Sponsored Ads,US-South,0.553,2025-10-27,2,2,33.85,0.0,2025-11-28,2025-12-29,True,False
CUST-102866,Organic Search,US-South,0.509,2025-02-19,1,1,26.51,0.0,2025-02-21,2025-02-21,False,True
CUST-102867,Organic Search,US-West,0.54,2025-08-28,1,1,32.31,0.0,2025-08-31,2025-08-31,False,True
CUST-102868,Referral,US-Midwest,0.536,2025-09-10,1,1,29.88,0.0,2025-10-29,2025-10-29,False,False
CUST-102869,Sponsored Ads,US-West,0.486,2025-06-01,1,1,22.2,0.0,2025-06-11,2025-06-11,False,True
CUST-102870,Organic Search,US-East,0.293,2025-08-30,1,1,15.04,0.0,2025-09-08,2025-09-08,False,True
CUST-102871,Organic Search,US-East,0.354,2025-09-23,1,1,29.29,0.0,2025-10-06,2025-10-06,False,False
CUST-102872,Sponsored Ads,US-Midwest,0.421,2025-08-09,1,1,22.59,0.0,2025-08-13,2025-08-13,False,True
CUST-102873,Sponsored Ads,US-West,0.913,2025-08-01,1,1,18.94,0.0,2025-11-07,2025-11-07,False,False
CUST-102874,Sponsored Ads,US-East,0.23,2025-04-27,3,3,57.19,0.0,2025-04-30,2025-12-18,True,False
CUST-102875,Sponsored Ads,US-East,0.416,2025-03-29,3,3,57.84,0.0,2025-03-31,2025-07-25,True,True
CUST-102876,Sponsored Ads,US-West,0.52,2025-09-18,1,1,19.61,0.0,2025-11-09,2025-11-09,False,False
CUST-102877,Organic Search,US-West,0.439,2025-03-09,2,2,52.34,19.69,2025-03-13,2025-10-19,True,False
CUST-102878,Organic Search,US-East,0.715,2025-05-05,4,4,79.57,0.0,2025-05-16,2025-10-30,True,False
CUST-102879,Sponsored Ads,US-Midwest,0.438,2025-06-03,1,1,25.65,0.0,2025-08-01,2025-08-01,False,True
CUST-102880,Sponsored Ads,US-East,0.453,2025-04-28,3,3,82.58,0.0,2025-05-20,2025-09-12,True,True
CUST-102881,Sponsored Ads,US-Midwest,0.663,2025-04-22,1,1,12.21,0.0,2025-05-18,2025-05-18,False,True
CUST-102882,Organic Search,US-South,0.862,2025-06-29,2,2,33.6,0.0,2025-07-01,2025-09-08,True,True
CUST-102883,Sponsored Ads,US-Midwest,0.781,2025-04-09,2,2,36.95,0.0,2025-04-19,2025-10-05,True,False
CUST-102884,Organic Search,US-Midwest,0.473,2025-10-24,1,1,12.66,0.0,2025-11-10,2025-11-10,False,False
CUST-102885,Sponsored Ads,US-South,0.49,2025-02-23,1,1,34.68,0.0,2025-03-05,2025-03-05,False,True
CUST-102886,Sponsored Ads,US-South,0.509,2025-04-27,2,2,41.12,0.0,2025-06-03,2025-10-09,True,False
CUST-102887,Referral,US-West,0.529,2025-09-11,1,1,14.14,0.0,2025-11-27,2025-11-27,False,False
CUST-102888,Sponsored Ads,US-South,0.331,2025-05-23,1,1,16.69,0.0,2025-06-05,2025-06-05,False,True
CUST-102889,Sponsored Ads,US-West,0.687,2025-07-31,1,1,21.2,0.0,2025-08-23,2025-08-23,False,True
CUST-102890,Sponsored Ads,US-South,0.541,2025-07-14,2,2,41.16,0.0,2025-08-01,2025-12-08,True,False
CUST-102891,Referral,US-South,0.491,2025-04-10,4,4,71.12,0.0,2025-04-11,2025-05-30,True,True
CUST-102892,Organic Search,US-Midwest,0.246,2025-08-12,1,1,21.51,0.0,2025-09-28,2025-09-28,False,True
CUST-102893,Organic Search,US-South,0.512,2025-03-13,3,3,70.95,0.0,2025-03-14,2025-12-22,True,False
CUST-102894,Referral,US-East,0.121,2025-08-13,2,60,1457.71,1438.8,2025-09-09,2025-12-21,True,False
CUST-102895,Sponsored Ads,US-East,0.384,2025-02-08,3,3,67.55,0.0,2025-02-14,2025-10-14,True,False
CUST-102896,Referral,US-South,0.387,2025-07-28,4,4,74.38,0.0,2025-08-08,2025-12-14,True,False
CUST-102897,Sponsored Ads,US-East,0.557,2025-02-03,6,6,125.56,0.0,2025-02-04,2025-07-31,True,True
CUST-102898,Organic Search,US-East,0.876,2025-09-18,1,1,12.98,0.0,2025-10-04,2025-10-04,False,False
CUST-102899,Organic Search,US-East,0.614,2025-07-07,4,4,76.51,0.0,2025-08-12,2025-12-25,True,False
CUST-102900,Sponsored Ads,US-South,0.79,2025-01-13,9,38,932.53,45.22,2025-01-13,2025-06-27,True,True
CUST-102901,Referral,US-West,0.629,2025-02-02,5,5,94.41,0.0,2025-02-03,2025-12-11,True,False
CUST-102902,Sponsored Ads,US-South,0.725,2025-02-26,6,6,147.13,0.0,2025-03-02,2025-12-23,True,False
CUST-102903,Referral,US-East,0.871,2025-10-16,2,2,40.05,0.0,2025-11-16,2025-12-11,True,False
CUST-102904,Sponsored Ads,US-East,0.354,2025-06-26,1,1,31.92,0.0,2025-07-07,2025-07-07,False,True
CUST-102905,Organic Search,US-East,0.341,2025-03-25,3,3,77.4,0.0,2025-04-17,2025-08-28,True,True
CUST-102906,Referral,US-West,0.634,2025-03-25,4,4,78.3,0.0,2025-03-30,2025-11-15,True,False
CUST-102907,Sponsored Ads,US-South,0.499,2025-01-08,6,6,135.93,35.86,2025-01-08,2025-12-19,True,False
CUST-102908,Referral,US-South,0.544,2025-03-02,2,2,50.62,0.0,2025-03-12,2025-11-22,True,False
CUST-102909,Organic Search,US-Midwest,0.45,2025-09-14,2,2,45.67,0.0,2025-11-14,2025-11-26,True,False
CUST-102910,Organic Search,US-East,0.381,2025-06-29,3,3,46.38,0.0,2025-07-09,2025-08-26,True,True
CUST-102911,Sponsored Ads,US-South,0.824,2025-04-21,2,2,30.83,0.0,2025-04-30,2025-12-19,True,False
CUST-102912,Organic Search,US-South,0.28,2025-01-07,2,2,32.61,0.0,2025-01-07,2025-01-10,True,True
CUST-102913,Organic Search,US-South,0.637,2025-04-13,2,2,44.59,0.0,2025-04-30,2025-07-10,True,True
CUST-102914,Organic Search,US-South,0.605,2025-04-25,4,39,488.96,0.0,2025-05-20,2025-10-15,True,False
CUST-102915,Sponsored Ads,US-Midwest,0.184,2025-02-05,3,3,57.28,19.65,2025-02-09,2025-04-28,True,True
CUST-102916,Sponsored Ads,US-Midwest,0.334,2025-07-02,3,3,71.07,0.0,2025-07-15,2025-12-17,True,False
CUST-102917,External Traffic,US-West,0.367,2025-07-18,2,2,28.12,0.0,2025-09-16,2025-12-02,True,False
CUST-102918,Sponsored Ads,US-East,0.613,2025-10-27,1,1,25.77,0.0,2025-11-28,2025-11-28,False,False
CUST-102919,Organic Search,US-South,0.427,2025-04-18,2,2,35.7,0.0,2025-04-30,2025-05-07,True,True
CUST-102920,Referral,US-South,0.483,2025-03-24,3,3,80.63,0.0,2025-04-21,2025-12-30,True,False
CUST-102921,Sponsored Ads,US-East,0.208,2025-09-04,1,1,24.45,0.0,2025-09-10,2025-09-10,False,True
CUST-102922,Sponsored Ads,US-West,0.95,2025-04-16,1,1,19.37,0.0,2025-05-03,2025-05-03,False,True
CUST-102923,Organic Search,US-South,0.514,2025-07-09,3,3,68.11,0.0,2025-07-19,2025-12-15,True,False
CUST-102924,Sponsored Ads,US-South,0.6,2025-08-10,4,4,96.2,28.21,2025-08-16,2025-11-06,True,False
CUST-102925,Organic Search,US-West,0.392,2025-09-21,1,1,29.01,0.0,2025-09-25,2025-09-25,False,True
CUST-102926,Organic Search,US-South,0.369,2025-04-06,2,2,25.11,0.0,2025-04-13,2025-05-15,True,True
CUST-102927,Organic Search,US-Midwest,0.883,2025-07-06,1,1,24.27,0.0,2025-07-19,2025-07-19,False,True
CUST-102928,Sponsored Ads,US-South,0.117,2025-02-09,2,2,41.44,0.0,2025-02-10,2025-09-06,True,True
CUST-102929,Organic Search,US-Midwest,0.556,2025-08-22,2,2,38.1,0.0,2025-10-06,2025-10-26,True,False
CUST-102930,Organic Search,US-East,0.258,2025-01-14,3,3,62.81,21.79,2025-01-14,2025-10-18,True,False
CUST-102931,Sponsored Ads,US-West,0.419,2025-07-28,1,1,22.72,22.72,2025-08-20,2025-08-20,False,True
CUST-102932,Organic Search,US-South,0.372,2025-03-04,3,3,79.5,0.0,2025-03-07,2025-08-24,True,True
CUST-102933,External Traffic,US-West,0.303,2025-05-19,1,1,23.18,0.0,2025-05-29,2025-05-29,False,True
CUST-102934,Organic Search,US-West,0.507,2025-01-23,6,6,145.86,20.74,2025-01-24,2025-09-27,True,True
CUST-102935,Organic Search,US-West,0.02,2025-07-26,1,55,1881.21,0.0,2025-08-05,2025-08-05,False,True
CUST-102936,Sponsored Ads,US-Midwest,0.437,2025-05-25,1,1,29.8,0.0,2025-05-25,2025-05-25,False,True
CUST-102937,Sponsored Ads,US-Midwest,0.482,2025-07-19,1,1,12.47,0.0,2025-07-26,2025-07-26,False,True
CUST-102938,Sponsored Ads,US-East,0.228,2025-04-15,2,2,37.24,0.0,2025-05-14,2025-06-30,True,True
CUST-102939,Sponsored Ads,US-South,0.803,2025-01-03,5,5,96.81,0.0,2025-01-08,2025-08-25,True,True
CUST-102940,Referral,US-East,0.381,2025-06-24,1,1,32.71,0.0,2025-06-30,2025-06-30,False,True
CUST-102941,Sponsored Ads,US-West,0.453,2025-07-29,1,1,13.66,0.0,2025-09-23,2025-09-23,False,True
CUST-102942,External Traffic,US-Midwest,0.382,2025-07-19,1,1,12.52,0.0,2025-07-20,2025-07-20,False,True
CUST-102943,Sponsored Ads,US-Midwest,0.484,2025-03-20,4,4,66.45,0.0,2025-03-21,2025-05-28,True,True
CUST-102944,Sponsored Ads,US-East,0.762,2025-08-03,2,2,56.23,0.0,2025-09-23,2025-11-04,True,False
CUST-102945,Organic Search,US-East,0.95,2025-06-12,2,2,49.48,0.0,2025-06-13,2025-06-23,True,True
CUST-102946,Sponsored Ads,US-Midwest,0.649,2025-03-05,5,5,121.01,0.0,2025-03-09,2025-09-19,True,True
CUST-102947,External Traffic,US-East,0.718,2025-02-03,6,6,117.45,14.98,2025-02-05,2025-11-07,True,False
CUST-102948,Referral,US-East,0.843,2025-04-08,4,4,100.37,0.0,2025-04-15,2025-12-06,True,False
CUST-102949,External Traffic,US-East,0.55,2025-01-07,6,6,102.59,19.72,2025-01-07,2025-07-23,True,True
CUST-102950,Sponsored Ads,US-East,0.814,2025-08-03,5,5,101.41,0.0,2025-08-30,2025-12-31,True,False
CUST-102951,External Traffic,US-South,0.658,2025-01-05,5,5,101.62,0.0,2025-01-05,2025-07-28,True,True
CUST-102952,Sponsored Ads,US-West,0.529,2025-01-15,6,6,102.5,0.0,2025-01-15,2025-11-15,True,False
CUST-102953,Referral,US-East,0.57,2025-02-17,3,3,87.32,0.0,2025-03-04,2025-12-03,True,False
CUST-102954,Organic Search,US-East,0.136,2025-04-08,1,1,11.78,0.0,2025-04-24,2025-04-24,False,True
CUST-102955,Sponsored Ads,US-East,0.558,2025-01-06,8,8,143.22,19.95,2025-01-07,2025-02-23,True,True
CUST-102956,Sponsored Ads,US-East,0.191,2025-07-08,1,1,33.37,0.0,2025-09-06,2025-09-06,False,True
CUST-102957,Sponsored Ads,US-East,0.175,2025-02-09,1,1,29.86,0.0,2025-02-10,2025-02-10,False,True
CUST-102958,Sponsored Ads,US-East,0.539,2025-08-29,2,2,38.27,0.0,2025-10-05,2025-12-02,True,False
CUST-102959,Referral,US-Midwest,0.277,2025-06-17,3,3,79.1,0.0,2025-07-05,2025-10-24,True,False
CUST-102960,External Traffic,US-South,0.499,2025-01-26,4,4,94.16,0.0,2025-01-29,2025-07-11,True,True
CUST-102961,Referral,US-South,0.528,2025-05-01,2,2,52.52,0.0,2025-05-10,2025-06-25,True,True
CUST-102962,Sponsored Ads,US-East,0.537,2025-02-12,5,5,112.61,0.0,2025-02-16,2025-08-10,True,True
CUST-102963,Organic Search,US-Midwest,0.319,2025-10-22,1,1,13.3,0.0,2025-11-26,2025-11-26,False,False
CUST-102964,Sponsored Ads,US-West,0.68,2025-06-27,3,3,64.41,33.38,2025-08-16,2025-12-25,True,False
CUST-102965,Organic Search,US-South,0.482,2025-08-31,1,1,18.78,0.0,2025-08-31,2025-08-31,False,True
CUST-102966,Sponsored Ads,US-West,0.588,2025-04-23,3,3,80.45,0.0,2025-05-02,2025-10-05,True,False
CUST-102967,Sponsored Ads,US-Midwest,0.261,2025-02-14,2,2,34.22,0.0,2025-02-16,2025-12-20,True,False
CUST-102968,Organic Search,US-East,0.464,2025-03-12,2,2,49.3,0.0,2025-03-14,2025-04-06,True,True
CUST-102969,Sponsored Ads,US-East,0.719,2025-05-06,4,4,67.12,0.0,2025-06-07,2025-12-29,True,False
CUST-102970,Organic Search,US-West,0.694,2025-08-20,1,1,34.53,0.0,2025-09-09,2025-09-09,False,True
CUST-102971,Organic Search,US-Midwest,0.341,2025-05-10,1,1,30.38,0.0,2025-05-23,2025-05-23,False,True
CUST-102972,Sponsored Ads,US-East,0.391,2025-10-06,1,1,15.68,0.0,2025-10-06,2025-10-06,False,False
CUST-102973,Referral,US-East,0.302,2025-04-19,2,2,35.0,0.0,2025-05-12,2025-12-19,True,False
CUST-102974,Organic Search,US-Midwest,0.369,2025-03-11,3,3,65.18,0.0,2025-03-25,2025-10-04,True,False
CUST-102975,External Traffic,US-West,0.22,2025-05-29,2,2,28.16,0.0,2025-09-19,2025-12-02,True,False
CUST-102976,Organic Search,US-East,0.472,2025-02-03,7,7,141.18,0.0,2025-02-03,2025-12-06,True,False
CUST-102977,Organic Search,US-West,0.627,2025-07-20,1,1,29.37,0.0,2025-08-16,2025-08-16,False,True
CUST-102978,Organic Search,US-West,0.343,2025-01-31,4,4,110.97,0.0,2025-02-02,2025-11-10,True,False
CUST-102979,External Traffic,US-West,0.482,2025-07-12,1,1,11.69,11.69,2025-09-01,2025-09-01,False,True
CUST-102980,Organic Search,US-West,0.456,2025-04-25,1,1,13.32,0.0,2025-06-19,2025-06-19,False,True
CUST-102981,Sponsored Ads,US-Midwest,0.711,2025-04-18,2,2,33.98,0.0,2025-04-18,2025-08-06,True,True
CUST-102982,Sponsored Ads,US-East,0.378,2025-07-03,1,1,20.83,0.0,2025-07-16,2025-07-16,False,True
CUST-102983,Organic Search,US-Midwest,0.385,2025-07-31,2,2,40.32,0.0,2025-09-02,2025-11-30,True,False
CUST-102984,Sponsored Ads,US-East,0.331,2025-10-06,2,2,45.17,0.0,2025-10-12,2025-12-28,True,False
CUST-102985,Sponsored Ads,US-Midwest,0.272,2025-03-28,2,2,33.02,0.0,2025-04-03,2025-11-30,True,False
CUST-102986,Sponsored Ads,US-West,0.606,2025-09-01,2,2,40.72,0.0,2025-11-19,2025-11-28,True,False
CUST-102987,Organic Search,US-West,0.473,2025-09-08,1,1,11.7,0.0,2025-11-16,2025-11-16,False,False
CUST-102988,Sponsored Ads,US-West,0.511,2025-10-26,4,4,91.75,0.0,2025-11-06,2025-12-24,True,False
CUST-102989,Organic Search,US-Midwest,0.755,2025-10-17,1,1,22.36,0.0,2025-11-08,2025-11-08,False,False
CUST-102990,External Traffic,US-South,0.766,2025-08-26,1,1,12.98,0.0,2025-09-25,2025-09-25,False,True
CUST-102991,External Traffic,US-South,0.171,2025-03-30,3,3,52.4,0.0,2025-04-11,2025-10-22,True,False
CUST-102992,Sponsored Ads,US-Midwest,0.63,2025-07-28,2,2,36.19,0.0,2025-09-17,2025-11-30,True,False
CUST-102993,Organic Search,US-East,0.545,2025-08-24,1,1,20.07,0.0,2025-09-21,2025-09-21,False,True
CUST-102994,Organic Search,US-South,0.408,2025-03-29,3,3,61.18,0.0,2025-03-31,2025-11-22,True,False
CUST-102995,Organic Search,US-South,0.566,2025-09-02,2,2,24.09,0.0,2025-11-04,2025-11-07,True,False
CUST-102996,Organic Search,US-South,0.155,2025-07-30,2,2,25.3,13.42,2025-08-02,2025-08-19,True,True
CUST-102997,Sponsored Ads,US-South,0.793,2025-05-28,1,1,19.27,0.0,2025-06-03,2025-06-03,False,True
CUST-102998,Referral,US-East,0.603,2025-09-16,1,1,24.31,0.0,2025-09-18,2025-09-18,False,True
CUST-102999,Sponsored Ads,US-West,0.327,2025-01-27,9,9,172.19,48.44,2025-02-02,2025-12-11,True,False
CUST-103000,External Traffic,US-West,0.383,2025-07-25,1,1,32.72,0.0,2025-08-05,2025-08-05,False,True
CUST-103001,Organic Search,US-South,0.159,2025-08-24,2,2,60.26,0.0,2025-10-19,2025-12-03,True,False
CUST-103002,Sponsored Ads,US-South,0.437,2025-01-13,5,43,557.5,12.82,2025-01-15,2025-06-30,True,True
CUST-103003,Organic Search,US-South,0.403,2025-05-03,2,2,31.0,0.0,2025-05-05,2025-09-19,True,True
CUST-103004,Sponsored Ads,US-South,0.235,2025-06-05,1,1,33.25,0.0,2025-06-11,2025-06-11,False,True
CUST-103005,External Traffic,US-West,0.655,2025-03-04,3,3,67.76,0.0,2025-03-07,2025-07-04,True,True
CUST-103006,Organic Search,US-East,0.755,2025-09-21,1,1,20.05,0.0,2025-10-02,2025-10-02,False,False
CUST-103007,Sponsored Ads,US-East,0.495,2025-07-07,3,3,60.56,0.0,2025-07-20,2025-11-22,True,False
CUST-103008,Sponsored Ads,US-Midwest,0.439,2025-03-24,4,4,77.44,0.0,2025-03-30,2025-10-31,True,False
CUST-103009,External Traffic,US-South,0.587,2025-05-12,2,2,35.39,0.0,2025-06-14,2025-09-29,True,True
CUST-103010,Sponsored Ads,US-South,0.496,2025-02-03,4,4,96.16,0.0,2025-02-12,2025-12-19,True,False
CUST-103011,External Traffic,US-South,0.284,2025-01-27,6,6,115.1,0.0,2025-01-28,2025-12-04,True,False
CUST-103012,External Traffic,US-East,0.369,2025-08-12,2,2,47.91,0.0,2025-10-06,2025-12-25,True,False
CUST-103013,Organic Search,US-Midwest,0.441,2025-10-23,2,2,30.95,0.0,2025-11-04,2025-12-29,True,False
CUST-103014,Sponsored Ads,US-South,0.55,2025-03-25,2,2,66.31,0.0,2025-06-14,2025-09-01,True,True
CUST-103015,Organic Search,US-Midwest,0.502,2025-03-15,3,3,84.08,0.0,2025-04-24,2025-07-01,True,True
CUST-103016,Referral,US-South,0.542,2025-07-25,3,3,64.58,0.0,2025-09-04,2025-12-30,True,False
CUST-103017,Sponsored Ads,US-South,0.195,2025-06-03,4,4,97.24,0.0,2025-06-03,2025-09-18,True,True
CUST-103018,Sponsored Ads,US-West,0.633,2025-02-11,7,7,155.72,33.27,2025-02-15,2025-12-24,True,False
CUST-103019,Sponsored Ads,US-South,0.501,2025-07-20,3,3,58.75,0.0,2025-07-24,2025-10-28,True,False
CUST-103020,Sponsored Ads,US-West,0.95,2025-03-04,7,7,150.85,21.43,2025-03-04,2025-12-10,True,False
CUST-103021,Organic Search,US-South,0.422,2025-02-04,3,3,51.3,19.26,2025-02-13,2025-12-29,True,False
CUST-103022,Organic Search,US-South,0.565,2025-05-20,2,2,34.26,0.0,2025-06-01,2025-07-26,True,True
CUST-103023,Organic Search,US-South,0.95,2025-08-10,1,1,19.07,0.0,2025-09-13,2025-09-13,False,True
CUST-103024,Sponsored Ads,US-East,0.539,2025-06-06,2,2,33.26,0.0,2025-06-07,2025-06-14,True,True
CUST-103025,Sponsored Ads,US-West,0.486,2025-07-14,2,2,31.93,0.0,2025-09-16,2025-12-05,True,False
CUST-103026,Sponsored Ads,US-South,0.303,2025-03-13,2,2,40.71,0.0,2025-03-20,2025-03-23,True,True
CUST-103027,External Traffic,US-South,0.806,2025-05-29,3,3,78.11,0.0,2025-07-02,2025-11-12,True,False
CUST-103028,Organic Search,US-East,0.268,2025-08-02,1,1,21.19,0.0,2025-09-11,2025-09-11,False,True
CUST-103029,Sponsored Ads,US-South,0.585,2025-06-08,4,4,59.95,0.0,2025-07-13,2025-11-15,True,False
CUST-103030,External Traffic,US-Midwest,0.405,2025-03-13,9,9,189.13,16.0,2025-03-14,2025-11-12,True,False
CUST-103031,Sponsored Ads,US-South,0.462,2025-10-14,2,2,41.84,20.11,2025-10-19,2025-12-11,True,False
CUST-103032,Sponsored Ads,US-West,0.215,2025-01-21,2,2,63.47,0.0,2025-01-25,2025-03-16,True,True
CUST-103033,Sponsored Ads,US-Midwest,0.769,2025-10-01,3,3,80.08,0.0,2025-11-11,2025-12-15,True,False
CUST-103034,Referral,US-East,0.444,2025-08-06,1,1,15.57,0.0,2025-11-16,2025-11-16,False,False
CUST-103035,Organic Search,US-South,0.257,2025-02-03,1,1,31.91,0.0,2025-02-03,2025-02-03,False,True
CUST-103036,Organic Search,US-Midwest,0.751,2025-03-18,5,5,106.91,15.14,2025-03-18,2025-07-07,True,True
CUST-103037,Sponsored Ads,US-East,0.399,2025-04-21,2,2,27.05,0.0,2025-04-21,2025-07-14,True,True
CUST-103038,Sponsored Ads,US-South,0.567,2025-10-15,1,1,14.91,0.0,2025-11-03,2025-11-03,False,False
CUST-103039,Organic Search,US-West,0.668,2025-06-05,2,2,48.64,0.0,2025-06-15,2025-07-29,True,True
CUST-103040,Sponsored Ads,US-Midwest,0.595,2025-03-19,6,6,109.3,0.0,2025-03-31,2025-12-21,True,False
CUST-103041,Referral,US-West,0.061,2025-10-03,1,1,12.58,0.0,2025-10-30,2025-10-30,False,False
CUST-103042,External Traffic,US-South,0.639,2025-02-05,4,4,75.37,0.0,2025-02-06,2025-07-10,True,True
CUST-103043,Organic Search,US-East,0.48,2025-09-02,1,1,19.48,0.0,2025-11-05,2025-11-05,False,False
CUST-103044,Organic Search,US-West,0.434,2025-09-07,3,3,69.55,32.91,2025-09-29,2025-12-05,True,False
CUST-103045,Referral,US-East,0.478,2025-04-26,2,2,40.44,0.0,2025-06-01,2025-07-27,True,True
CUST-103046,Organic Search,US-Midwest,0.178,2025-01-13,1,24,487.52,0.0,2025-01-13,2025-01-13,False,True
CUST-103047,Organic Search,US-West,0.538,2025-09-23,1,1,13.23,0.0,2025-11-24,2025-11-24,False,False
CUST-103048,Referral,US-East,0.227,2025-10-18,2,2,44.84,0.0,2025-11-17,2025-12-29,True,False
CUST-103049,Sponsored Ads,US-West,0.443,2025-04-24,2,2,61.65,0.0,2025-05-05,2025-07-26,True,True
CUST-103050,External Traffic,US-West,0.531,2025-02-25,2,2,25.4,0.0,2025-02-28,2025-04-24,True,True
CUST-103051,Sponsored Ads,US-West,0.715,2025-03-23,1,1,18.35,0.0,2025-04-02,2025-04-02,False,True
CUST-103052,Organic Search,US-South,0.336,2025-02-10,2,2,43.18,0.0,2025-02-11,2025-03-05,True,True
CUST-103053,External Traffic,US-Midwest,0.79,2025-07-02,3,3,53.54,0.0,2025-07-11,2025-11-26,True,False
CUST-103054,Organic Search,US-South,0.689,2025-06-05,2,2,47.17,0.0,2025-06-22,2025-09-02,True,True
CUST-103055,Organic Search,US-Midwest,0.414,2025-04-17,4,4,94.43,0.0,2025-04-20,2025-12-17,True,False
CUST-103056,Organic Search,US-South,0.278,2025-07-15,1,1,33.68,0.0,2025-07-21,2025-07-21,False,True
CUST-103057,Sponsored Ads,US-East,0.211,2025-07-06,1,1,11.97,0.0,2025-07-10,2025-07-10,False,True
CUST-103058,Sponsored Ads,US-Midwest,0.554,2025-01-04,14,14,350.33,0.0,2025-01-04,2025-12-06,True,False
CUST-103059,Sponsored Ads,US-West,0.353,2025-05-03,1,1,31.15,0.0,2025-05-23,2025-05-23,False,True
CUST-103060,Organic Search,US-South,0.74,2025-09-17,1,1,27.72,0.0,2025-10-09,2025-10-09,False,False
CUST-103061,Organic Search,US-West,0.364,2025-08-27,1,1,14.54,14.54,2025-09-01,2025-09-01,False,True
CUST-103062,Sponsored Ads,US-Midwest,0.32,2025-09-14,2,2,49.81,0.0,2025-09-25,2025-12-16,True,False
CUST-103063,External Traffic,US-West,0.547,2025-10-14,1,1,19.2,0.0,2025-11-22,2025-11-22,False,False
CUST-103064,Sponsored Ads,US-West,0.363,2025-01-19,2,2,53.56,0.0,2025-01-20,2025-01-23,True,True
CUST-103065,Organic Search,US-East,0.502,2025-03-23,1,1,12.62,0.0,2025-04-05,2025-04-05,False,True
CUST-103066,Organic Search,US-South,0.697,2025-05-18,3,3,53.07,0.0,2025-05-28,2025-06-12,True,True
CUST-103067,Sponsored Ads,US-West,0.523,2025-06-03,2,2,46.55,0.0,2025-06-03,2025-12-09,True,False
CUST-103068,Organic Search,US-East,0.524,2025-08-24,1,1,25.55,0.0,2025-11-05,2025-11-05,False,False
CUST-103069,Organic Search,US-East,0.541,2025-08-06,2,2,48.7,0.0,2025-08-07,2025-12-02,True,False
CUST-103070,Sponsored Ads,US-South,0.161,2025-07-31,1,1,20.29,0.0,2025-08-21,2025-08-21,False,True
CUST-103071,Referral,US-Midwest,0.578,2025-02-17,6,6,126.87,0.0,2025-02-23,2025-10-02,True,False
CUST-103072,External Traffic,US-South,0.532,2025-07-23,4,4,91.68,0.0,2025-09-17,2025-12-14,True,False
CUST-103073,Organic Search,US-South,0.679,2025-08-27,3,33,526.47,0.0,2025-10-11,2025-11-06,True,False
CUST-103074,External Traffic,US-East,0.621,2025-08-14,2,2,49.36,0.0,2025-10-01,2025-11-16,True,False
CUST-103075,Referral,US-Midwest,0.46,2025-06-24,1,1,24.66,0.0,2025-07-11,2025-07-11,False,True
CUST-103076,Sponsored Ads,US-West,0.706,2025-01-27,6,6,114.25,0.0,2025-01-27,2025-06-03,True,True
CUST-103077,Organic Search,US-West,0.441,2025-02-14,5,5,68.86,0.0,2025-02-17,2025-12-25,True,False
CUST-103078,Organic Search,US-West,0.549,2025-08-11,2,2,44.18,0.0,2025-10-10,2025-11-19,True,False
CUST-103079,Sponsored Ads,US-East,0.438,2025-09-18,1,1,33.22,0.0,2025-10-01,2025-10-01,False,True
CUST-103080,Sponsored Ads,US-East,0.592,2025-09-05,1,1,32.97,0.0,2025-11-09,2025-11-09,False,False
CUST-103081,Sponsored Ads,US-Midwest,0.425,2025-05-09,1,1,15.78,0.0,2025-06-02,2025-06-02,False,True
CUST-103082,Organic Search,US-South,0.83,2025-06-26,1,1,24.94,0.0,2025-07-01,2025-07-01,False,True
CUST-103083,External Traffic,US-East,0.903,2025-02-22,2,2,41.47,0.0,2025-03-03,2025-03-19,True,True
CUST-103084,External Traffic,US-West,0.675,2025-06-27,3,3,66.21,0.0,2025-07-12,2025-12-24,True,False
CUST-103085,Sponsored Ads,US-South,0.808,2025-02-28,6,6,113.93,0.0,2025-03-06,2025-12-06,True,False
CUST-103086,Sponsored Ads,US-East,0.192,2025-08-27,1,1,24.32,0.0,2025-10-06,2025-10-06,False,False
CUST-103087,Organic Search,US-Midwest,0.216,2025-08-24,3,3,64.88,0.0,2025-09-11,2025-12-08,True,False
CUST-103088,Organic Search,US-East,0.436,2025-01-16,4,4,65.59,0.0,2025-01-18,2025-04-21,True,True
CUST-103089,Referral,US-South,0.508,2025-10-08,2,2,28.75,0.0,2025-10-31,2025-12-31,True,False
CUST-103090,External Traffic,US-Midwest,0.46,2025-08-27,2,2,57.58,0.0,2025-09-26,2025-12-16,True,False
CUST-103091,Referral,US-East,0.172,2025-04-24,1,1,32.72,0.0,2025-04-27,2025-04-27,False,True
CUST-103092,External Traffic,US-East,0.73,2025-05-16,2,2,43.83,0.0,2025-05-31,2025-10-12,True,False
CUST-103093,Referral,US-South,0.931,2025-01-24,2,2,49.65,0.0,2025-01-24,2025-04-06,True,True
CUST-103094,Organic Search,US-East,0.756,2025-10-08,3,3,64.42,11.91,2025-11-29,2025-12-12,True,False
CUST-103095,Sponsored Ads,US-West,0.717,2025-01-31,3,3,72.41,0.0,2025-02-09,2025-11-14,True,False
CUST-103096,Sponsored Ads,US-East,0.545,2025-10-04,3,3,83.1,0.0,2025-11-23,2025-12-29,True,False
CUST-103097,Sponsored Ads,US-West,0.331,2025-07-16,1,1,15.15,0.0,2025-08-01,2025-08-01,False,True
CUST-103098,Sponsored Ads,US-South,0.515,2025-10-03,1,1,16.02,0.0,2025-10-13,2025-10-13,False,False
CUST-103099,Sponsored Ads,US-West,0.921,2025-04-22,5,5,98.34,0.0,2025-05-15,2025-12-22,True,False
CUST-103100,Referral,US-East,0.43,2025-09-26,1,1,30.25,0.0,2025-11-06,2025-11-06,False,False
CUST-103101,Sponsored Ads,US-Midwest,0.409,2025-05-08,1,1,25.26,0.0,2025-05-12,2025-05-12,False,True
CUST-103102,Referral,US-South,0.721,2025-04-16,3,3,90.2,30.42,2025-05-01,2025-12-18,True,False
CUST-103103,External Traffic,US-South,0.735,2025-04-12,3,3,66.77,0.0,2025-04-12,2025-07-25,True,True
CUST-103104,Organic Search,US-South,0.33,2025-10-13,2,2,45.04,0.0,2025-11-12,2025-11-14,True,False
CUST-103105,Organic Search,US-East,0.448,2025-05-20,3,3,53.86,0.0,2025-05-23,2025-09-26,True,True
CUST-103106,Sponsored Ads,US-South,0.4,2025-05-24,2,2,53.07,0.0,2025-05-24,2025-08-10,True,True
CUST-103107,Organic Search,US-West,0.514,2025-07-13,2,2,33.43,0.0,2025-07-13,2025-09-24,True,True
CUST-103108,Sponsored Ads,US-South,0.721,2025-06-16,2,2,46.61,0.0,2025-07-10,2025-09-30,True,True
CUST-103109,Referral,US-South,0.339,2025-06-12,2,2,41.49,0.0,2025-06-23,2025-07-24,True,True
CUST-103110,Sponsored Ads,US-Midwest,0.718,2025-04-24,3,3,64.25,0.0,2025-05-18,2025-11-08,True,False
CUST-103111,Sponsored Ads,US-Midwest,0.52,2025-02-19,3,3,53.18,12.77,2025-02-22,2025-04-19,True,True
CUST-103112,Organic Search,US-West,0.95,2025-10-26,1,1,13.33,0.0,2025-11-29,2025-11-29,False,False
CUST-103113,Organic Search,US-East,0.564,2025-05-28,1,1,19.63,0.0,2025-07-07,2025-07-07,False,True
CUST-103114,Organic Search,US-South,0.481,2025-10-19,2,2,37.32,18.53,2025-11-19,2025-11-22,True,False
CUST-103115,Organic Search,US-East,0.615,2025-05-19,2,2,37.8,0.0,2025-07-07,2025-11-08,True,False
CUST-103116,Sponsored Ads,US-South,0.433,2025-06-29,1,1,15.63,15.63,2025-07-01,2025-07-01,False,True
CUST-103117,Organic Search,US-Midwest,0.141,2025-06-13,2,2,39.43,0.0,2025-07-14,2025-11-14,True,False
CUST-103118,Sponsored Ads,US-East,0.452,2025-10-17,2,2,45.75,0.0,2025-11-03,2025-11-10,True,False
CUST-103119,Sponsored Ads,US-Midwest,0.449,2025-02-03,6,6,144.67,0.0,2025-02-18,2025-12-08,True,False
CUST-103120,Sponsored Ads,US-Midwest,0.182,2025-06-05,3,3,49.92,0.0,2025-06-19,2025-12-20,True,False
CUST-103121,Sponsored Ads,US-Midwest,0.485,2025-02-16,6,6,122.29,24.19,2025-02-27,2025-08-19,True,True
CUST-103122,Sponsored Ads,US-West,0.087,2025-09-18,1,1,12.21,0.0,2025-11-03,2025-11-03,False,False
CUST-103123,Organic Search,US-East,0.43,2025-06-09,2,2,44.89,0.0,2025-07-16,2025-12-12,True,False
CUST-103124,Sponsored Ads,US-West,0.549,2025-10-04,1,1,15.75,0.0,2025-11-21,2025-11-21,False,False
CUST-103125,Sponsored Ads,US-West,0.519,2025-03-24,2,2,63.84,0.0,2025-03-29,2025-12-26,True,False
CUST-103126,Organic Search,US-West,0.418,2025-02-18,2,2,45.6,0.0,2025-02-18,2025-04-06,True,True
CUST-103127,Sponsored Ads,US-East,0.483,2025-07-08,1,1,25.09,0.0,2025-07-10,2025-07-10,False,True
CUST-103128,Organic Search,US-West,0.343,2025-02-13,3,3,92.43,29.54,2025-02-28,2025-09-01,True,True
CUST-103129,Referral,US-East,0.502,2025-04-22,3,3,42.73,0.0,2025-05-01,2025-08-18,True,True
CUST-103130,Organic Search,US-Midwest,0.512,2025-04-05,3,3,76.84,0.0,2025-04-06,2025-09-03,True,True
CUST-103131,Referral,US-Midwest,0.32,2025-03-08,3,3,36.44,0.0,2025-03-21,2025-09-13,True,True
CUST-103132,Sponsored Ads,US-Midwest,0.554,2025-02-09,6,6,135.11,0.0,2025-02-15,2025-12-18,True,False
CUST-103133,Sponsored Ads,US-West,0.552,2025-07-16,1,1,12.06,0.0,2025-08-01,2025-08-01,False,True
CUST-103134,Organic Search,US-South,0.467,2025-08-16,2,2,31.45,0.0,2025-11-23,2025-12-06,True,False
CUST-103135,External Traffic,US-South,0.95,2025-04-29,3,3,71.5,0.0,2025-05-12,2025-08-31,True,True
CUST-103136,External Traffic,US-West,0.472,2025-03-26,5,5,100.3,0.0,2025-03-26,2025-10-28,True,False
CUST-103137,Sponsored Ads,US-Midwest,0.444,2025-02-17,2,2,26.69,0.0,2025-02-18,2025-10-05,True,False
CUST-103138,External Traffic,US-East,0.416,2025-07-23,2,2,46.02,0.0,2025-07-25,2025-11-11,True,False
CUST-103139,Sponsored Ads,US-Midwest,0.306,2025-08-31,1,1,12.52,12.52,2025-11-25,2025-11-25,False,False
CUST-103140,Sponsored Ads,US-West,0.637,2025-06-14,3,40,787.95,0.0,2025-08-01,2025-12-22,True,False
CUST-103141,Sponsored Ads,US-South,0.363,2025-05-10,1,1,31.64,0.0,2025-05-20,2025-05-20,False,True
CUST-103142,Referral,US-West,0.386,2025-07-14,1,1,21.46,0.0,2025-08-31,2025-08-31,False,True
CUST-103143,Sponsored Ads,US-Midwest,0.392,2025-10-02,2,2,42.77,0.0,2025-11-22,2025-12-30,True,False
CUST-103144,External Traffic,US-South,0.303,2025-10-24,2,2,58.07,0.0,2025-11-27,2025-12-11,True,False
CUST-103145,Organic Search,US-West,0.15,2025-02-28,2,2,42.47,0.0,2025-03-08,2025-08-15,True,True
CUST-103146,Organic Search,US-West,0.407,2025-05-24,1,1,25.76,0.0,2025-05-24,2025-05-24,False,True
CUST-103147,Organic Search,US-East,0.675,2025-09-20,5,5,113.79,19.8,2025-09-25,2025-12-13,True,False
CUST-103148,External Traffic,US-West,0.539,2025-07-09,2,2,44.42,0.0,2025-07-19,2025-12-21,True,False
CUST-103149,Sponsored Ads,US-West,0.812,2025-09-02,2,2,52.69,0.0,2025-09-07,2025-12-18,True,False
CUST-103150,Sponsored Ads,US-Midwest,0.65,2025-10-26,1,1,30.33,0.0,2025-11-12,2025-11-12,False,False
CUST-103151,Organic Search,US-Midwest,0.605,2025-02-01,7,7,148.99,0.0,2025-02-01,2025-06-24,True,True
CUST-103152,Sponsored Ads,US-South,0.877,2025-07-03,1,1,12.63,0.0,2025-07-03,2025-07-03,False,True
CUST-103153,Sponsored Ads,US-Midwest,0.481,2025-06-09,2,2,37.65,0.0,2025-06-16,2025-09-10,True,True
CUST-103154,Sponsored Ads,US-South,0.513,2025-03-27,4,4,77.88,0.0,2025-04-23,2025-12-09,True,False
CUST-103155,Sponsored Ads,US-West,0.498,2025-07-16,1,1,12.35,0.0,2025-08-26,2025-08-26,False,True
CUST-103156,Sponsored Ads,US-South,0.809,2025-02-01,3,3,57.97,0.0,2025-02-01,2025-11-29,True,False
CUST-103157,Sponsored Ads,US-West,0.501,2025-05-29,1,1,19.16,0.0,2025-06-04,2025-06-04,False,True
CUST-103158,Referral,US-Midwest,0.37,2025-05-05,1,1,21.14,0.0,2025-06-22,2025-06-22,False,True
CUST-103159,Sponsored Ads,US-East,0.618,2025-04-28,2,2,33.34,0.0,2025-05-03,2025-09-08,True,True
CUST-103160,Referral,US-West,0.337,2025-07-04,2,2,26.12,0.0,2025-07-07,2025-07-24,True,True
CUST-103161,Referral,US-East,0.607,2025-10-11,1,1,30.5,0.0,2025-10-20,2025-10-20,False,False
CUST-103162,Sponsored Ads,US-South,0.583,2025-10-12,1,1,30.37,0.0,2025-11-19,2025-11-19,False,False
CUST-103163,Organic Search,US-Midwest,0.462,2025-07-30,1,1,30.15,0.0,2025-08-20,2025-08-20,False,True
CUST-103164,Organic Search,US-South,0.613,2025-04-10,2,2,36.75,0.0,2025-04-13,2025-05-30,True,True
CUST-103165,Organic Search,US-West,0.202,2025-10-17,1,1,11.65,0.0,2025-11-07,2025-11-07,False,False
CUST-103166,Sponsored Ads,US-Midwest,0.533,2025-10-27,1,1,12.55,0.0,2025-11-03,2025-11-03,False,False
CUST-103167,Sponsored Ads,US-Midwest,0.407,2025-09-11,2,2,37.93,0.0,2025-11-02,2025-11-09,True,False
CUST-103168,Sponsored Ads,US-East,0.95,2025-09-19,1,1,15.64,0.0,2025-10-30,2025-10-30,False,False
CUST-103169,Organic Search,US-South,0.531,2025-09-03,1,1,19.01,0.0,2025-09-25,2025-09-25,False,True
CUST-103170,Referral,US-Midwest,0.381,2025-08-17,3,28,976.16,0.0,2025-09-25,2025-12-15,True,False
CUST-103171,Organic Search,US-East,0.224,2025-08-06,1,1,19.3,0.0,2025-09-09,2025-09-09,False,True
CUST-103172,Organic Search,US-West,0.761,2025-07-11,4,4,70.83,0.0,2025-07-12,2025-12-10,True,False
CUST-103173,Referral,US-West,0.43,2025-07-13,2,2,44.28,0.0,2025-08-04,2025-12-08,True,False
CUST-103174,Organic Search,US-South,0.342,2025-04-27,5,5,122.41,0.0,2025-05-02,2025-11-15,True,False
CUST-103175,Sponsored Ads,US-Midwest,0.567,2025-09-24,1,1,15.57,0.0,2025-10-17,2025-10-17,False,False
CUST-103176,External Traffic,US-South,0.63,2025-07-10,3,54,645.23,0.0,2025-07-20,2025-12-21,True,False
CUST-103177,Sponsored Ads,US-South,0.627,2025-07-04,2,2,32.41,0.0,2025-09-10,2025-12-27,True,False
CUST-103178,Sponsored Ads,US-East,0.504,2025-08-11,2,2,46.66,0.0,2025-10-11,2025-12-05,True,False
CUST-103179,Organic Search,US-East,0.532,2025-01-23,7,7,145.11,0.0,2025-01-23,2025-06-29,True,True
CUST-103180,Referral,US-West,0.546,2025-10-03,2,2,47.28,0.0,2025-10-11,2025-11-23,True,False
CUST-103181,Sponsored Ads,US-East,0.567,2025-06-24,1,1,20.51,0.0,2025-07-13,2025-07-13,False,True
CUST-103182,Organic Search,US-South,0.585,2025-10-11,1,1,24.29,0.0,2025-10-29,2025-10-29,False,False
CUST-103183,Sponsored Ads,US-Midwest,0.719,2025-01-31,6,6,149.72,0.0,2025-02-15,2025-07-11,True,True
CUST-103184,Sponsored Ads,US-Midwest,0.511,2025-03-12,5,5,100.03,0.0,2025-03-12,2025-10-08,True,False
CUST-103185,Sponsored Ads,US-Midwest,0.337,2025-10-12,2,2,52.13,0.0,2025-10-30,2025-11-10,True,False
CUST-103186,Organic Search,US-West,0.471,2025-07-27,1,1,24.14,0.0,2025-08-02,2025-08-02,False,True
CUST-103187,External Traffic,US-Midwest,0.651,2025-07-14,6,6,135.91,0.0,2025-07-16,2025-12-31,True,False
CUST-103188,Sponsored Ads,US-West,0.143,2025-05-02,1,1,19.07,0.0,2025-05-03,2025-05-03,False,True
CUST-103189,Sponsored Ads,US-South,0.144,2025-06-16,1,1,29.11,0.0,2025-06-22,2025-06-22,False,True
CUST-103190,Sponsored Ads,US-Midwest,0.684,2025-06-13,1,1,15.46,0.0,2025-07-16,2025-07-16,False,True
CUST-103191,Sponsored Ads,US-Midwest,0.804,2025-03-01,4,4,78.92,0.0,2025-03-18,2025-08-09,True,True
CUST-103192,Organic Search,US-South,0.247,2025-06-19,2,2,34.83,0.0,2025-06-19,2025-12-07,True,False
CUST-103193,Organic Search,US-East,0.52,2025-06-04,2,2,55.6,0.0,2025-06-05,2025-12-01,True,False
CUST-103194,Organic Search,US-South,0.42,2025-04-04,2,2,42.06,0.0,2025-04-12,2025-09-28,True,True
CUST-103195,Sponsored Ads,US-South,0.448,2025-04-13,1,1,32.11,0.0,2025-04-27,2025-04-27,False,True
CUST-103196,Organic Search,US-South,0.561,2025-08-19,3,3,71.75,0.0,2025-08-30,2025-12-23,True,False
CUST-103197,Sponsored Ads,US-East,0.241,2025-07-22,1,1,12.28,0.0,2025-09-03,2025-09-03,False,True
CUST-103198,Sponsored Ads,US-East,0.279,2025-05-21,1,1,33.81,0.0,2025-05-24,2025-05-24,False,True
CUST-103199,Referral,US-South,0.44,2025-07-01,2,2,44.49,0.0,2025-08-01,2025-12-05,True,False
CUST-103200,External Traffic,US-West,0.471,2025-03-14,3,3,54.64,11.91,2025-03-14,2025-12-01,True,False
CUST-103201,Referral,US-Midwest,0.275,2025-05-30,1,1,15.28,0.0,2025-06-18,2025-06-18,False,True
CUST-103202,Referral,US-West,0.658,2025-06-18,4,4,82.54,25.92,2025-06-25,2025-11-15,True,False
CUST-103203,Organic Search,US-Midwest,0.416,2025-03-17,2,2,50.71,0.0,2025-03-17,2025-11-16,True,False
CUST-103204,Referral,US-West,0.416,2025-02-20,1,1,25.37,0.0,2025-02-22,2025-02-22,False,True
CUST-103205,Organic Search,US-South,0.557,2025-06-07,3,3,60.56,20.59,2025-07-03,2025-12-12,True,False
CUST-103206,Sponsored Ads,US-East,0.474,2025-10-10,4,4,68.27,0.0,2025-10-21,2025-12-12,True,False
CUST-103207,Sponsored Ads,US-South,0.667,2025-05-19,3,3,68.01,14.71,2025-05-19,2025-12-13,True,False
CUST-103208,Sponsored Ads,US-East,0.313,2025-09-28,1,1,22.68,0.0,2025-10-09,2025-10-09,False,False
CUST-103209,Sponsored Ads,US-Midwest,0.221,2025-09-13,3,3,93.18,28.91,2025-10-06,2025-12-28,True,False
CUST-103210,Sponsored Ads,US-West,0.438,2025-08-12,1,1,20.01,0.0,2025-09-15,2025-09-15,False,True
CUST-103211,Organic Search,US-Midwest,0.512,2025-09-26,2,2,26.32,0.0,2025-10-01,2025-10-28,True,False
CUST-103212,External Traffic,US-South,0.252,2025-05-04,1,1,13.0,0.0,2025-05-15,2025-05-15,False,True
CUST-103213,Organic Search,US-Midwest,0.222,2025-08-16,1,1,14.9,0.0,2025-09-05,2025-09-05,False,True
CUST-103214,Sponsored Ads,US-West,0.536,2025-02-13,5,5,101.52,0.0,2025-02-23,2025-10-10,True,False
CUST-103215,Organic Search,US-West,0.348,2025-04-06,1,1,22.11,0.0,2025-04-08,2025-04-08,False,True
CUST-103216,Sponsored Ads,US-East,0.209,2025-06-19,1,1,25.62,0.0,2025-07-04,2025-07-04,False,True
CUST-103217,Sponsored Ads,US-East,0.693,2025-01-12,4,4,82.07,29.01,2025-01-12,2025-10-22,True,False
CUST-103218,Sponsored Ads,US-Midwest,0.374,2025-08-18,1,1,25.25,0.0,2025-09-16,2025-09-16,False,True
CUST-103219,Sponsored Ads,US-Midwest,0.73,2025-10-05,2,2,52.04,19.34,2025-10-22,2025-12-10,True,False
CUST-103220,Sponsored Ads,US-East,0.506,2025-02-01,4,4,97.01,0.0,2025-02-14,2025-10-20,True,False
CUST-103221,External Traffic,US-Midwest,0.559,2025-10-25,1,1,34.41,34.41,2025-11-06,2025-11-06,False,False
CUST-103222,External Traffic,US-West,0.458,2025-01-27,7,33,567.86,20.59,2025-01-27,2025-12-07,True,False
CUST-103223,Organic Search,US-South,0.02,2025-02-08,2,2,38.14,13.51,2025-02-08,2025-12-17,True,False
CUST-103224,Sponsored Ads,US-West,0.273,2025-08-17,1,1,34.36,0.0,2025-08-24,2025-08-24,False,True
CUST-103225,External Traffic,US-South,0.475,2025-07-25,2,2,26.27,0.0,2025-08-10,2025-12-29,True,False
CUST-103226,Organic Search,US-East,0.573,2025-10-08,1,1,14.11,0.0,2025-11-18,2025-11-18,False,False
CUST-103227,Sponsored Ads,US-East,0.142,2025-05-08,2,2,49.29,0.0,2025-05-17,2025-12-10,True,False
CUST-103228,Organic Search,US-East,0.489,2025-06-21,1,1,31.95,0.0,2025-07-02,2025-07-02,False,True
CUST-103229,Organic Search,US-East,0.276,2025-02-14,2,2,55.27,0.0,2025-02-24,2025-04-08,True,True
CUST-103230,Organic Search,US-Midwest,0.547,2025-07-27,2,2,57.45,0.0,2025-09-14,2025-10-13,True,False
CUST-103231,Sponsored Ads,US-Midwest,0.496,2025-10-27,2,2,27.84,0.0,2025-11-13,2025-12-26,True,False
CUST-103232,Organic Search,US-East,0.649,2025-06-29,1,1,22.58,0.0,2025-08-01,2025-08-01,False,True
CUST-103233,Sponsored Ads,US-East,0.713,2025-10-07,2,2,51.21,0.0,2025-10-24,2025-12-28,True,False
CUST-103234,Sponsored Ads,US-South,0.592,2025-04-29,4,32,1031.66,0.0,2025-05-07,2025-10-16,True,False
CUST-103235,Sponsored Ads,US-South,0.672,2025-10-22,1,1,33.33,0.0,2025-11-09,2025-11-09,False,False
CUST-103236,Referral,US-West,0.43,2025-06-11,1,1,24.01,0.0,2025-08-02,2025-08-02,False,True
CUST-103237,Sponsored Ads,US-South,0.95,2025-02-13,6,6,143.31,0.0,2025-02-15,2025-09-06,True,True
CUST-103238,Sponsored Ads,US-Midwest,0.256,2025-04-19,1,1,11.79,0.0,2025-05-14,2025-05-14,False,True
CUST-103239,Sponsored Ads,US-Midwest,0.394,2025-05-28,1,1,11.58,0.0,2025-06-23,2025-06-23,False,True
CUST-103240,External Traffic,US-South,0.68,2025-01-21,4,4,115.74,0.0,2025-01-22,2025-12-12,True,False
CUST-103241,Organic Search,US-East,0.651,2025-09-26,1,1,30.0,0.0,2025-10-04,2025-10-04,False,False
CUST-103242,Referral,US-East,0.597,2025-03-13,2,2,42.23,0.0,2025-03-30,2025-06-01,True,True
CUST-103243,Sponsored Ads,US-South,0.635,2025-07-22,4,33,467.19,0.0,2025-07-26,2025-12-19,True,False
CUST-103244,Sponsored Ads,US-East,0.083,2025-10-03,1,1,20.28,0.0,2025-10-07,2025-10-07,False,False
CUST-103245,Organic Search,US-West,0.818,2025-05-11,4,4,77.58,0.0,2025-05-15,2025-10-27,True,False
CUST-103246,Sponsored Ads,US-South,0.459,2025-07-02,2,2,41.41,0.0,2025-07-02,2025-10-13,True,False
CUST-103247,External Traffic,US-West,0.749,2025-06-05,3,3,58.18,0.0,2025-08-15,2025-11-17,True,False
CUST-103248,External Traffic,US-Midwest,0.093,2025-08-18,1,1,15.37,0.0,2025-08-20,2025-08-20,False,True
CUST-103249,Organic Search,US-East,0.551,2025-01-12,5,5,98.09,0.0,2025-01-19,2025-12-14,True,False
CUST-103250,Referral,US-East,0.387,2025-04-18,3,3,74.26,0.0,2025-04-26,2025-08-10,True,True
CUST-103251,Organic Search,US-West,0.614,2025-07-03,1,1,19.24,0.0,2025-07-14,2025-07-14,False,True
CUST-103252,Sponsored Ads,US-West,0.563,2025-01-28,5,5,112.83,0.0,2025-02-08,2025-12-17,True,False
CUST-103253,Organic Search,US-Midwest,0.573,2025-09-15,1,1,22.18,0.0,2025-10-18,2025-10-18,False,False
CUST-103254,Sponsored Ads,US-South,0.288,2025-07-09,4,4,56.96,12.77,2025-09-02,2025-12-21,True,False
CUST-103255,External Traffic,US-Midwest,0.489,2025-01-01,8,41,1278.85,33.56,2025-01-03,2025-10-28,True,False
CUST-103256,Sponsored Ads,US-Midwest,0.464,2025-01-04,5,5,92.21,0.0,2025-01-04,2025-03-03,True,True
CUST-103257,Sponsored Ads,US-West,0.599,2025-02-17,6,6,131.9,15.46,2025-03-05,2025-12-21,True,False
CUST-103258,Organic Search,US-East,0.698,2025-07-19,3,3,61.39,0.0,2025-08-08,2025-12-18,True,False
CUST-103259,Sponsored Ads,US-Midwest,0.53,2025-06-05,1,1,30.22,0.0,2025-06-23,2025-06-23,False,True
CUST-103260,Sponsored Ads,US-East,0.245,2025-05-25,2,2,29.41,0.0,2025-05-25,2025-10-05,True,False
CUST-103261,Organic Search,US-South,0.522,2025-06-18,2,2,55.67,0.0,2025-06-28,2025-10-25,True,False
CUST-103262,Sponsored Ads,US-South,0.95,2025-05-29,2,2,40.53,0.0,2025-07-06,2025-10-10,True,False
CUST-103263,Organic Search,US-South,0.829,2025-04-14,2,2,36.31,0.0,2025-04-14,2025-06-06,True,True
CUST-103264,Sponsored Ads,US-Midwest,0.02,2025-01-03,3,3,54.14,11.5,2025-01-03,2025-12-09,True,False
CUST-103265,Sponsored Ads,US-Midwest,0.513,2025-01-09,6,6,109.61,0.0,2025-01-09,2025-12-15,True,False
CUST-103266,Sponsored Ads,US-South,0.686,2025-07-26,1,1,14.79,0.0,2025-10-12,2025-10-12,False,False
CUST-103267,External Traffic,US-South,0.464,2025-08-12,1,1,25.37,0.0,2025-09-11,2025-09-11,False,True
CUST-103268,Referral,US-East,0.408,2025-03-13,2,2,53.18,32.86,2025-03-13,2025-05-13,True,True
CUST-103269,Sponsored Ads,US-West,0.447,2025-03-14,3,3,56.78,0.0,2025-03-15,2025-05-11,True,True
CUST-103270,Referral,US-South,0.61,2025-05-03,3,3,63.69,0.0,2025-05-19,2025-10-21,True,False
CUST-103271,Organic Search,US-West,0.27,2025-07-13,4,4,118.93,34.14,2025-07-17,2025-11-20,True,False
CUST-103272,Organic Search,US-South,0.738,2025-06-28,3,3,70.73,0.0,2025-07-14,2025-12-21,True,False
CUST-103273,Organic Search,US-East,0.489,2025-06-17,1,1,22.96,0.0,2025-07-03,2025-07-03,False,True
CUST-103274,Organic Search,US-Midwest,0.313,2025-01-12,3,3,62.69,0.0,2025-01-15,2025-02-07,True,True
CUST-103275,External Traffic,US-Midwest,0.725,2025-05-10,2,2,40.98,0.0,2025-05-14,2025-05-17,True,True
CUST-103276,Organic Search,US-South,0.191,2025-08-14,1,1,26.08,0.0,2025-09-14,2025-09-14,False,True
CUST-103277,Organic Search,US-South,0.389,2025-06-27,4,4,73.57,15.02,2025-06-28,2025-11-22,True,False
CUST-103278,Sponsored Ads,US-East,0.386,2025-08-31,2,2,48.38,0.0,2025-09-18,2025-12-04,True,False
CUST-103279,Sponsored Ads,US-East,0.929,2025-07-28,3,3,65.46,0.0,2025-08-18,2025-12-15,True,False
CUST-103280,Organic Search,US-West,0.363,2025-09-27,1,1,32.75,0.0,2025-10-03,2025-10-03,False,False
CUST-103281,Sponsored Ads,US-West,0.069,2025-06-21,1,1,20.61,0.0,2025-07-05,2025-07-05,False,True
CUST-103282,Sponsored Ads,US-South,0.384,2025-06-20,1,1,16.1,0.0,2025-06-25,2025-06-25,False,True
CUST-103283,Sponsored Ads,US-Midwest,0.591,2025-06-17,2,2,64.36,0.0,2025-07-21,2025-12-02,True,False
CUST-103284,Sponsored Ads,US-West,0.657,2025-03-21,4,4,71.94,0.0,2025-03-24,2025-11-10,True,False
CUST-103285,Organic Search,US-East,0.95,2025-05-11,3,3,49.15,0.0,2025-05-12,2025-07-24,True,True
CUST-103286,Organic Search,US-South,0.781,2025-02-20,6,6,143.5,0.0,2025-02-25,2025-11-14,True,False
CUST-103287,Organic Search,US-South,0.538,2025-05-10,1,1,12.92,0.0,2025-05-15,2025-05-15,False,True
CUST-103288,Sponsored Ads,US-South,0.322,2025-02-14,5,5,99.12,15.34,2025-02-17,2025-11-10,True,False
CUST-103289,Organic Search,US-South,0.825,2025-05-28,3,3,56.42,0.0,2025-06-29,2025-12-25,True,False
CUST-103290,Sponsored Ads,US-West,0.426,2025-10-14,2,2,32.98,0.0,2025-11-27,2025-12-28,True,False
CUST-103291,Organic Search,US-East,0.368,2025-05-16,2,2,45.73,0.0,2025-05-19,2025-05-20,True,True
CUST-103292,Organic Search,US-East,0.417,2025-08-10,2,2,36.15,0.0,2025-08-20,2025-12-30,True,False
CUST-103293,Organic Search,US-West,0.25,2025-05-12,3,3,54.72,0.0,2025-05-14,2025-10-27,True,False
CUST-103294,Organic Search,US-East,0.407,2025-09-29,2,2,42.62,0.0,2025-10-01,2025-11-18,True,False
CUST-103295,Referral,US-East,0.453,2025-03-05,2,48,603.79,0.0,2025-03-05,2025-07-22,True,True
CUST-103296,External Traffic,US-Midwest,0.646,2025-09-08,3,3,71.74,30.86,2025-11-18,2025-12-30,True,False
CUST-103297,Organic Search,US-East,0.422,2025-08-06,1,1,21.2,0.0,2025-09-14,2025-09-14,False,True
CUST-103298,Organic Search,US-Midwest,0.247,2025-09-24,1,1,32.89,0.0,2025-11-29,2025-11-29,False,False
CUST-103299,Sponsored Ads,US-South,0.179,2025-02-09,2,2,28.68,0.0,2025-02-16,2025-04-13,True,True
CUST-103300,Referral,US-South,0.542,2025-09-26,1,1,11.9,0.0,2025-11-05,2025-11-05,False,False
CUST-103301,Sponsored Ads,US-Midwest,0.515,2025-09-30,1,1,29.06,0.0,2025-11-26,2025-11-26,False,False
CUST-103302,Sponsored Ads,US-Midwest,0.389,2025-03-30,1,1,12.11,0.0,2025-04-01,2025-04-01,False,True
CUST-103303,Referral,US-West,0.407,2025-07-07,1,1,21.46,0.0,2025-07-08,2025-07-08,False,True
CUST-103304,Organic Search,US-East,0.578,2025-06-25,2,2,33.01,0.0,2025-07-04,2025-11-05,True,False
CUST-103305,Sponsored Ads,US-South,0.778,2025-01-15,8,8,177.62,0.0,2025-01-18,2025-10-30,True,False
CUST-103306,Sponsored Ads,US-Midwest,0.344,2025-06-07,2,2,31.12,0.0,2025-07-02,2025-12-11,True,False
CUST-103307,Sponsored Ads,US-West,0.518,2025-07-17,1,1,14.23,0.0,2025-10-02,2025-10-02,False,False
CUST-103308,Organic Search,US-East,0.692,2025-03-03,2,2,33.57,0.0,2025-03-13,2025-12-04,True,False
CUST-103309,Sponsored Ads,US-West,0.345,2025-04-19,1,1,12.2,0.0,2025-04-30,2025-04-30,False,True
CUST-103310,Referral,US-West,0.497,2025-06-25,3,3,60.34,0.0,2025-07-14,2025-12-21,True,False
CUST-103311,Referral,US-Midwest,0.492,2025-10-06,1,1,23.72,0.0,2025-11-08,2025-11-08,False,False
CUST-103312,Organic Search,US-West,0.238,2025-01-19,3,3,74.9,0.0,2025-01-22,2025-02-03,True,True
CUST-103313,Organic Search,US-Midwest,0.534,2025-10-08,1,1,20.15,20.15,2025-11-27,2025-11-27,False,False
CUST-103314,Sponsored Ads,US-Midwest,0.506,2025-09-02,2,2,33.99,0.0,2025-10-05,2025-12-05,True,False
CUST-103315,Sponsored Ads,US-Midwest,0.611,2025-09-11,2,2,34.12,0.0,2025-10-12,2025-12-18,True,False
CUST-103316,Organic Search,US-West,0.263,2025-01-15,3,3,61.35,0.0,2025-01-15,2025-09-21,True,True
CUST-103317,Sponsored Ads,US-West,0.502,2025-06-20,1,1,13.53,13.53,2025-08-29,2025-08-29,False,True
CUST-103318,Sponsored Ads,US-East,0.776,2025-04-21,8,53,1003.34,48.19,2025-04-23,2025-12-11,True,False
CUST-103319,Sponsored Ads,US-South,0.915,2025-10-03,1,1,15.16,0.0,2025-10-21,2025-10-21,False,False
CUST-103320,Sponsored Ads,US-Midwest,0.756,2025-08-11,2,2,48.38,0.0,2025-09-11,2025-09-30,True,True
CUST-103321,Organic Search,US-East,0.265,2025-07-14,2,2,27.22,0.0,2025-08-25,2025-12-29,True,False
CUST-103322,Organic Search,US-West,0.59,2025-01-09,8,8,228.65,0.0,2025-01-09,2025-12-01,True,False
CUST-103323,External Traffic,US-Midwest,0.403,2025-09-20,2,2,28.48,0.0,2025-10-04,2025-12-24,True,False
CUST-103324,Organic Search,US-Midwest,0.557,2025-05-27,1,1,16.57,0.0,2025-06-13,2025-06-13,False,True
CUST-103325,External Traffic,US-South,0.346,2025-02-18,3,3,51.58,0.0,2025-02-28,2025-11-02,True,False
CUST-103326,Organic Search,US-South,0.157,2025-09-20,1,1,16.11,0.0,2025-11-08,2025-11-08,False,False
CUST-103327,External Traffic,US-Midwest,0.431,2025-09-29,2,2,49.96,0.0,2025-10-18,2025-11-06,True,False
CUST-103328,Organic Search,US-East,0.645,2025-05-29,2,2,30.85,0.0,2025-07-14,2025-08-25,True,True
CUST-103329,Sponsored Ads,US-West,0.558,2025-07-18,1,1,19.84,0.0,2025-11-19,2025-11-19,False,False
CUST-103330,Referral,US-South,0.581,2025-07-03,2,2,29.9,0.0,2025-07-09,2025-11-23,True,False
CUST-103331,Sponsored Ads,US-East,0.543,2025-04-01,1,1,33.19,0.0,2025-04-09,2025-04-09,False,True
CUST-103332,Sponsored Ads,US-Midwest,0.581,2025-08-13,3,3,64.82,0.0,2025-09-16,2025-12-31,True,False
CUST-103333,Sponsored Ads,US-Midwest,0.606,2025-10-27,1,1,18.65,0.0,2025-11-04,2025-11-04,False,False
CUST-103334,Sponsored Ads,US-East,0.445,2025-10-08,2,2,43.86,18.68,2025-10-20,2025-12-07,True,False
CUST-103335,Sponsored Ads,US-East,0.517,2025-07-26,4,4,67.36,0.0,2025-09-27,2025-12-31,True,False
CUST-103336,Organic Search,US-East,0.849,2025-04-19,2,2,51.77,0.0,2025-05-04,2025-12-21,True,False
CUST-103337,External Traffic,US-South,0.528,2025-09-30,1,1,12.94,0.0,2025-10-11,2025-10-11,False,False
CUST-103338,Sponsored Ads,US-South,0.509,2025-10-06,1,1,19.17,0.0,2025-11-22,2025-11-22,False,False
CUST-103339,Organic Search,US-South,0.521,2025-01-02,16,16,354.69,0.0,2025-01-02,2025-12-09,True,False
CUST-103340,Sponsored Ads,US-South,0.456,2025-04-12,4,4,100.82,0.0,2025-04-16,2025-12-30,True,False
CUST-103341,External Traffic,US-Midwest,0.413,2025-06-15,1,1,11.59,0.0,2025-06-18,2025-06-18,False,True
CUST-103342,Sponsored Ads,US-East,0.542,2025-06-23,2,2,36.35,0.0,2025-08-22,2025-10-18,True,False
CUST-103343,Sponsored Ads,US-West,0.399,2025-08-02,1,1,12.92,0.0,2025-08-07,2025-08-07,False,True
CUST-103344,Organic Search,US-Midwest,0.471,2025-06-04,1,1,15.58,0.0,2025-06-10,2025-06-10,False,True
CUST-103345,Organic Search,US-Midwest,0.342,2025-01-05,3,3,78.08,13.08,2025-01-08,2025-02-18,True,True
CUST-103346,External Traffic,US-South,0.522,2025-02-19,7,7,142.05,0.0,2025-03-01,2025-12-08,True,False
CUST-103347,Organic Search,US-East,0.617,2025-08-17,2,39,1255.31,11.87,2025-09-18,2025-11-03,True,False
CUST-103348,External Traffic,US-East,0.458,2025-07-28,4,4,86.14,0.0,2025-07-30,2025-12-09,True,False
CUST-103349,Sponsored Ads,US-East,0.098,2025-07-15,1,1,29.8,0.0,2025-07-16,2025-07-16,False,True
CUST-103350,Sponsored Ads,US-West,0.618,2025-05-13,1,1,20.52,0.0,2025-05-25,2025-05-25,False,True
CUST-103351,Sponsored Ads,US-South,0.524,2025-03-24,2,2,37.64,0.0,2025-04-08,2025-04-16,True,True
CUST-103352,Sponsored Ads,US-East,0.301,2025-04-03,1,1,17.57,0.0,2025-04-09,2025-04-09,False,True
CUST-103353,Sponsored Ads,US-East,0.655,2025-07-26,2,2,41.37,0.0,2025-08-20,2025-09-13,True,True
CUST-103354,Organic Search,US-South,0.22,2025-06-01,1,1,21.94,0.0,2025-06-02,2025-06-02,False,True
CUST-103355,Sponsored Ads,US-Midwest,0.709,2025-02-09,4,4,74.24,0.0,2025-02-10,2025-08-08,True,True
CUST-103356,Organic Search,US-West,0.489,2025-04-30,2,32,808.81,0.0,2025-05-10,2025-06-02,True,True
CUST-103357,Organic Search,US-Midwest,0.046,2025-09-05,1,1,16.04,0.0,2025-09-07,2025-09-07,False,True
CUST-103358,Organic Search,US-South,0.536,2025-06-29,2,2,33.18,0.0,2025-07-09,2025-12-21,True,False
CUST-103359,Organic Search,US-Midwest,0.419,2025-09-17,3,3,56.74,0.0,2025-09-23,2025-10-22,True,False
CUST-103360,Sponsored Ads,US-East,0.389,2025-06-02,3,3,65.77,0.0,2025-06-20,2025-11-18,True,False
CUST-103361,Sponsored Ads,US-Midwest,0.352,2025-05-26,1,1,12.77,0.0,2025-05-28,2025-05-28,False,True
CUST-103362,Organic Search,US-South,0.475,2025-10-12,1,1,19.31,0.0,2025-11-28,2025-11-28,False,False
CUST-103363,Organic Search,US-South,0.403,2025-06-02,3,3,58.36,0.0,2025-07-06,2025-12-02,True,False
CUST-103364,Sponsored Ads,US-South,0.129,2025-02-10,1,1,22.31,0.0,2025-02-24,2025-02-24,False,True
CUST-103365,Sponsored Ads,US-East,0.754,2025-05-01,4,4,77.46,0.0,2025-05-01,2025-12-11,True,False
CUST-103366,Organic Search,US-South,0.451,2025-07-14,2,2,52.93,0.0,2025-07-16,2025-09-05,True,True
CUST-103367,Organic Search,US-Midwest,0.354,2025-04-14,1,1,19.64,0.0,2025-05-01,2025-05-01,False,True
CUST-103368,Sponsored Ads,US-Midwest,0.274,2025-05-04,2,2,48.96,0.0,2025-05-04,2025-12-06,True,False
CUST-103369,Organic Search,US-West,0.654,2025-09-19,1,1,18.95,0.0,2025-11-06,2025-11-06,False,False
CUST-103370,External Traffic,US-South,0.24,2025-05-11,3,3,71.53,32.13,2025-05-14,2025-06-27,True,True
CUST-103371,Sponsored Ads,US-Midwest,0.527,2025-04-02,3,3,63.26,0.0,2025-04-19,2025-06-30,True,True
CUST-103372,External Traffic,US-South,0.383,2025-02-02,8,8,167.39,0.0,2025-02-11,2025-10-19,True,False
CUST-103373,Sponsored Ads,US-East,0.395,2025-05-01,2,2,53.37,0.0,2025-05-22,2025-07-03,True,True
CUST-103374,Organic Search,US-East,0.279,2025-08-18,1,1,18.51,0.0,2025-09-11,2025-09-11,False,True
CUST-103375,Organic Search,US-South,0.376,2025-03-31,1,1,29.52,0.0,2025-03-31,2025-03-31,False,True
CUST-103376,Sponsored Ads,US-South,0.502,2025-05-22,2,2,44.45,0.0,2025-06-03,2025-06-03,True,True
CUST-103377,Referral,US-East,0.547,2025-07-17,2,2,44.24,21.84,2025-07-25,2025-08-26,True,True
CUST-103378,Organic Search,US-East,0.343,2025-10-06,1,1,29.47,0.0,2025-11-20,2025-11-20,False,False
CUST-103379,Referral,US-East,0.482,2025-09-02,3,3,54.17,19.44,2025-09-17,2025-12-06,True,False
CUST-103380,Sponsored Ads,US-West,0.678,2025-03-27,5,5,123.84,0.0,2025-03-29,2025-12-31,True,False
CUST-103381,External Traffic,US-West,0.167,2025-02-19,2,2,44.46,0.0,2025-02-20,2025-04-13,True,True
CUST-103382,Referral,US-West,0.499,2025-07-21,2,2,38.23,0.0,2025-08-27,2025-12-07,True,False
CUST-103383,Organic Search,US-East,0.31,2025-03-18,3,3,50.28,0.0,2025-03-21,2025-05-28,True,True
CUST-103384,Sponsored Ads,US-South,0.289,2025-04-28,1,1,18.46,0.0,2025-04-29,2025-04-29,False,True
CUST-103385,Organic Search,US-East,0.552,2025-02-01,4,4,63.76,0.0,2025-02-13,2025-07-11,True,True
CUST-103386,Organic Search,US-Midwest,0.391,2025-08-21,1,1,21.54,0.0,2025-09-14,2025-09-14,False,True
CUST-103387,Referral,US-West,0.257,2025-02-18,2,2,59.26,0.0,2025-02-18,2025-05-10,True,True
CUST-103388,Organic Search,US-East,0.765,2025-04-25,3,3,66.47,0.0,2025-05-14,2025-10-18,True,False
CUST-103389,Sponsored Ads,US-West,0.684,2025-05-03,3,23,520.56,0.0,2025-08-06,2025-09-20,True,True
CUST-103390,Sponsored Ads,US-East,0.114,2025-01-13,4,4,100.17,0.0,2025-01-13,2025-12-29,True,False
CUST-103391,Organic Search,US-South,0.205,2025-08-21,2,2,49.42,0.0,2025-10-06,2025-11-11,True,False
CUST-103392,Referral,US-East,0.619,2025-07-05,2,2,38.41,0.0,2025-07-14,2025-12-20,True,False
CUST-103393,Sponsored Ads,US-East,0.443,2025-06-12,1,1,32.94,0.0,2025-06-19,2025-06-19,False,True
CUST-103394,Organic Search,US-South,0.8,2025-02-23,7,7,166.58,0.0,2025-02-25,2025-12-19,True,False
CUST-103395,Referral,US-Midwest,0.623,2025-01-16,3,56,1093.13,0.0,2025-01-16,2025-10-24,True,False
CUST-103396,Sponsored Ads,US-West,0.56,2025-01-17,6,6,114.21,0.0,2025-01-24,2025-12-22,True,False
CUST-103397,Sponsored Ads,US-West,0.296,2025-07-07,1,1,24.23,0.0,2025-10-08,2025-10-08,False,False
CUST-103398,Organic Search,US-West,0.598,2025-08-13,1,1,11.96,0.0,2025-11-21,2025-11-21,False,False
CUST-103399,Organic Search,US-South,0.245,2025-08-27,1,1,16.26,0.0,2025-09-09,2025-09-09,False,True
CUST-103400,Sponsored Ads,US-Midwest,0.761,2025-08-29,2,2,37.86,0.0,2025-09-21,2025-10-09,True,False
CUST-103401,External Traffic,US-West,0.584,2025-04-29,2,2,41.53,0.0,2025-04-30,2025-10-31,True,False
CUST-103402,Organic Search,US-West,0.335,2025-01-01,9,9,175.03,0.0,2025-01-01,2025-10-23,True,False
CUST-103403,Referral,US-South,0.661,2025-03-15,4,4,74.11,0.0,2025-03-25,2025-11-11,True,False
CUST-103404,External Traffic,US-Midwest,0.948,2025-08-25,2,2,47.98,0.0,2025-09-07,2025-09-23,True,True
CUST-103405,External Traffic,US-South,0.456,2025-08-18,3,3,61.84,0.0,2025-08-21,2025-12-22,True,False
CUST-103406,Organic Search,US-Midwest,0.61,2025-06-02,5,5,137.42,0.0,2025-06-23,2025-09-14,True,True
CUST-103407,Sponsored Ads,US-South,0.414,2025-01-08,5,5,111.87,0.0,2025-01-08,2025-12-17,True,False
CUST-103408,Organic Search,US-West,0.517,2025-08-22,2,2,32.08,0.0,2025-08-22,2025-10-26,True,False
CUST-103409,Sponsored Ads,US-East,0.199,2025-09-02,1,1,19.8,0.0,2025-11-21,2025-11-21,False,False
CUST-103410,Organic Search,US-Midwest,0.5,2025-03-10,3,3,48.84,0.0,2025-03-31,2025-12-20,True,False
CUST-103411,Sponsored Ads,US-South,0.509,2025-08-30,1,1,18.64,0.0,2025-11-25,2025-11-25,False,False
CUST-103412,Organic Search,US-West,0.86,2025-07-11,1,1,12.04,0.0,2025-07-12,2025-07-12,False,True
CUST-103413,Sponsored Ads,US-West,0.141,2025-09-24,1,1,26.22,0.0,2025-10-22,2025-10-22,False,False
CUST-103414,Sponsored Ads,US-South,0.444,2025-07-07,1,1,18.73,0.0,2025-07-22,2025-07-22,False,True
CUST-103415,Sponsored Ads,US-East,0.758,2025-01-27,9,9,194.58,0.0,2025-01-30,2025-11-15,True,False
CUST-103416,Organic Search,US-South,0.452,2025-07-14,2,2,24.43,0.0,2025-07-18,2025-09-07,True,True
CUST-103417,External Traffic,US-East,0.466,2025-02-02,4,4,78.83,0.0,2025-02-04,2025-08-20,True,True
CUST-103418,Sponsored Ads,US-East,0.333,2025-03-19,2,2,53.04,0.0,2025-04-16,2025-12-06,True,False
CUST-103419,External Traffic,US-South,0.313,2025-09-19,1,1,31.4,0.0,2025-09-26,2025-09-26,False,True
CUST-103420,External Traffic,US-West,0.135,2025-10-18,1,1,18.8,0.0,2025-11-27,2025-11-27,False,False
CUST-103421,Sponsored Ads,US-East,0.374,2025-05-23,1,1,19.09,0.0,2025-05-26,2025-05-26,False,True
CUST-103422,Organic Search,US-East,0.302,2025-03-29,3,3,70.46,0.0,2025-05-02,2025-12-19,True,False
CUST-103423,Organic Search,US-Midwest,0.524,2025-04-28,1,1,19.97,0.0,2025-05-26,2025-05-26,False,True
CUST-103424,Sponsored Ads,US-South,0.342,2025-03-14,2,2,42.21,0.0,2025-03-24,2025-07-29,True,True
CUST-103425,Organic Search,US-East,0.404,2025-06-21,3,3,66.47,29.83,2025-06-25,2025-11-13,True,False
CUST-103426,Sponsored Ads,US-East,0.41,2025-05-07,1,1,30.78,0.0,2025-05-17,2025-05-17,False,True
CUST-103427,External Traffic,US-West,0.49,2025-01-18,6,6,116.98,0.0,2025-01-20,2025-05-14,True,True
CUST-103428,Referral,US-West,0.394,2025-07-03,1,1,11.61,0.0,2025-08-04,2025-08-04,False,True
CUST-103429,External Traffic,US-East,0.288,2025-07-13,2,2,43.37,0.0,2025-08-22,2025-10-01,True,True
CUST-103430,Organic Search,US-Midwest,0.517,2025-07-20,2,33,453.6,24.62,2025-08-04,2025-12-11,True,False
CUST-103431,Organic Search,US-West,0.713,2025-10-11,1,1,15.98,0.0,2025-11-23,2025-11-23,False,False
CUST-103432,Referral,US-West,0.526,2025-07-31,1,1,13.52,0.0,2025-08-07,2025-08-07,False,True
CUST-103433,Sponsored Ads,US-South,0.378,2025-07-22,1,1,19.13,0.0,2025-08-14,2025-08-14,False,True
CUST-103434,Sponsored Ads,US-West,0.475,2025-03-05,2,2,46.41,0.0,2025-03-14,2025-11-01,True,False
CUST-103435,Organic Search,US-Midwest,0.09,2025-05-20,1,1,22.17,0.0,2025-05-23,2025-05-23,False,True
CUST-103436,Sponsored Ads,US-Midwest,0.472,2025-05-11,3,3,42.2,0.0,2025-05-15,2025-07-06,True,True
CUST-103437,Sponsored Ads,US-Midwest,0.42,2025-10-16,1,1,15.72,0.0,2025-10-23,2025-10-23,False,False
CUST-103438,Sponsored Ads,US-East,0.313,2025-05-23,3,3,54.02,0.0,2025-05-26,2025-12-10,True,False
CUST-103439,Organic Search,US-East,0.35,2025-07-26,1,1,20.25,0.0,2025-08-10,2025-08-10,False,True
CUST-103440,Sponsored Ads,US-East,0.418,2025-06-12,4,4,91.16,0.0,2025-06-17,2025-12-17,True,False
CUST-103441,Sponsored Ads,US-West,0.698,2025-01-18,4,4,67.96,21.95,2025-01-19,2025-11-08,True,False
CUST-103442,Sponsored Ads,US-South,0.718,2025-10-08,2,2,42.4,0.0,2025-10-10,2025-12-25,True,False
CUST-103443,Sponsored Ads,US-Midwest,0.314,2025-07-21,2,2,53.77,0.0,2025-08-02,2025-10-20,True,False
CUST-103444,External Traffic,US-East,0.396,2025-03-11,3,3,51.71,11.23,2025-03-12,2025-11-14,True,False
CUST-103445,Sponsored Ads,US-West,0.401,2025-01-18,4,4,96.06,22.93,2025-01-20,2025-05-13,True,True
CUST-103446,Organic Search,US-South,0.662,2025-10-09,1,1,12.93,0.0,2025-11-14,2025-11-14,False,False
CUST-103447,External Traffic,US-East,0.529,2025-04-03,2,2,45.0,19.19,2025-04-11,2025-12-30,True,False
CUST-103448,Sponsored Ads,US-Midwest,0.519,2025-01-06,9,9,188.32,0.0,2025-01-07,2025-09-29,True,True
CUST-103449,External Traffic,US-Midwest,0.607,2025-07-04,1,1,22.01,0.0,2025-08-17,2025-08-17,False,True
CUST-103450,Organic Search,US-Midwest,0.381,2025-01-05,6,6,102.32,0.0,2025-01-06,2025-12-29,True,False
CUST-103451,Organic Search,US-East,0.773,2025-03-06,3,3,40.59,0.0,2025-03-19,2025-08-31,True,True
CUST-103452,Sponsored Ads,US-Midwest,0.5,2025-09-26,2,2,52.72,0.0,2025-11-14,2025-12-25,True,False
CUST-103453,Sponsored Ads,US-West,0.329,2025-01-12,12,67,962.39,0.0,2025-01-13,2025-12-03,True,False
CUST-103454,Referral,US-East,0.454,2025-08-14,1,1,29.7,0.0,2025-08-18,2025-08-18,False,True
CUST-103455,External Traffic,US-East,0.746,2025-07-05,1,1,32.36,0.0,2025-07-11,2025-07-11,False,True
CUST-103456,Referral,US-Midwest,0.415,2025-04-02,2,2,34.92,0.0,2025-04-21,2025-10-31,True,False
CUST-103457,Referral,US-South,0.69,2025-03-27,4,4,68.82,0.0,2025-04-02,2025-11-03,True,False
CUST-103458,Sponsored Ads,US-East,0.375,2025-05-23,1,1,21.57,0.0,2025-05-24,2025-05-24,False,True
CUST-103459,External Traffic,US-West,0.347,2025-06-09,1,1,19.19,0.0,2025-06-11,2025-06-11,False,True
CUST-103460,Organic Search,US-Midwest,0.632,2025-09-25,2,2,42.98,0.0,2025-10-19,2025-11-16,True,False
CUST-103461,External Traffic,US-South,0.325,2025-03-20,2,2,57.26,0.0,2025-04-03,2025-06-30,True,True
CUST-103462,Sponsored Ads,US-Midwest,0.665,2025-06-27,2,2,49.68,0.0,2025-06-29,2025-08-07,True,True
CUST-103463,Sponsored Ads,US-East,0.57,2025-07-25,3,29,592.75,0.0,2025-08-24,2025-12-01,True,False
CUST-103464,External Traffic,US-West,0.325,2025-01-04,4,4,68.54,0.0,2025-01-06,2025-03-24,True,True
CUST-103465,External Traffic,US-East,0.486,2025-09-26,2,2,44.23,0.0,2025-10-11,2025-11-19,True,False
CUST-103466,Organic Search,US-South,0.39,2025-10-25,1,1,16.13,0.0,2025-10-25,2025-10-25,False,False
CUST-103467,Sponsored Ads,US-West,0.57,2025-01-26,7,21,561.96,0.0,2025-01-28,2025-12-08,True,False
CUST-103468,Sponsored Ads,US-West,0.878,2025-03-20,4,19,475.25,12.22,2025-05-02,2025-12-01,True,False
CUST-103469,Referral,US-Midwest,0.426,2025-08-24,1,1,21.08,0.0,2025-11-26,2025-11-26,False,False
CUST-103470,Organic Search,US-South,0.607,2025-08-31,1,1,20.98,0.0,2025-10-16,2025-10-16,False,False
CUST-103471,Organic Search,US-East,0.505,2025-02-16,3,3,76.05,0.0,2025-02-25,2025-09-11,True,True
CUST-103472,Organic Search,US-South,0.505,2025-10-03,3,29,726.14,0.0,2025-10-11,2025-12-28,True,False
CUST-103473,Organic Search,US-South,0.467,2025-04-09,3,3,64.67,0.0,2025-05-12,2025-10-26,True,False
CUST-103474,Organic Search,US-West,0.329,2025-03-30,4,4,77.44,0.0,2025-04-03,2025-12-25,True,False
CUST-103475,Organic Search,US-East,0.567,2025-04-18,3,3,77.09,0.0,2025-05-03,2025-12-03,True,False
CUST-103476,External Traffic,US-East,0.442,2025-07-21,1,1,27.48,0.0,2025-07-22,2025-07-22,False,True
CUST-103477,Referral,US-West,0.319,2025-03-03,5,5,118.16,0.0,2025-03-07,2025-12-17,True,False
CUST-103478,Referral,US-West,0.703,2025-06-12,2,2,50.44,0.0,2025-06-30,2025-12-30,True,False
CUST-103479,Organic Search,US-East,0.52,2025-01-23,6,6,142.83,0.0,2025-01-23,2025-12-27,True,False
CUST-103480,Organic Search,US-South,0.454,2025-02-14,3,3,67.11,0.0,2025-03-03,2025-03-29,True,True
CUST-103481,Organic Search,US-South,0.768,2025-08-19,2,2,44.27,24.64,2025-11-05,2025-12-08,True,False
CUST-103482,External Traffic,US-Midwest,0.133,2025-04-26,2,2,44.09,0.0,2025-04-26,2025-11-14,True,False
CUST-103483,Organic Search,US-East,0.755,2025-08-27,5,5,122.82,31.58,2025-10-03,2025-12-26,True,False
CUST-103484,Organic Search,US-South,0.324,2025-08-10,1,1,22.64,0.0,2025-08-29,2025-08-29,False,True
CUST-103485,Organic Search,US-Midwest,0.542,2025-10-27,1,1,12.61,0.0,2025-11-23,2025-11-23,False,False
CUST-103486,Organic Search,US-South,0.382,2025-02-11,2,2,42.03,0.0,2025-03-25,2025-04-12,True,True
CUST-103487,Organic Search,US-Midwest,0.315,2025-10-08,1,1,19.69,0.0,2025-11-19,2025-11-19,False,False
CUST-103488,Sponsored Ads,US-West,0.763,2025-09-25,3,3,49.73,0.0,2025-11-29,2025-12-13,True,False
CUST-103489,Organic Search,US-Midwest,0.871,2025-05-11,6,6,104.03,0.0,2025-06-04,2025-12-04,True,False
CUST-103490,Organic Search,US-South,0.456,2025-02-10,5,42,972.04,0.0,2025-02-14,2025-09-12,True,True
CUST-103491,Sponsored Ads,US-South,0.567,2025-02-10,5,5,136.6,0.0,2025-02-14,2025-12-08,True,False
CUST-103492,External Traffic,US-West,0.511,2025-06-03,3,3,54.42,0.0,2025-06-25,2025-10-07,True,False
CUST-103493,Organic Search,US-South,0.846,2025-01-04,9,9,181.72,0.0,2025-01-04,2025-12-04,True,False
CUST-103494,Sponsored Ads,US-Midwest,0.077,2025-01-29,1,1,30.11,0.0,2025-01-30,2025-01-30,False,True
CUST-103495,External Traffic,US-South,0.575,2025-06-09,7,7,161.67,0.0,2025-06-16,2025-12-26,True,False
CUST-103496,Organic Search,US-West,0.355,2025-06-18,4,4,69.91,0.0,2025-07-09,2025-11-30,True,False
CUST-103497,External Traffic,US-East,0.029,2025-09-16,2,2,44.45,0.0,2025-11-01,2025-12-10,True,False
CUST-103498,Sponsored Ads,US-South,0.428,2025-10-20,1,1,19.17,0.0,2025-11-06,2025-11-06,False,False
CUST-103499,External Traffic,US-Midwest,0.87,2025-03-22,1,1,33.3,0.0,2025-03-25,2025-03-25,False,True
CUST-103500,Organic Search,US-East,0.369,2025-04-10,2,2,42.9,0.0,2025-04-27,2025-09-07,True,True
CUST-103501,Organic Search,US-Midwest,0.658,2025-03-01,4,4,65.82,11.56,2025-03-11,2025-05-31,True,True
CUST-103502,Sponsored Ads,US-Midwest,0.74,2025-03-09,3,50,651.0,0.0,2025-04-05,2025-12-24,True,False
CUST-103503,Organic Search,US-East,0.497,2025-05-12,1,1,32.42,0.0,2025-05-16,2025-05-16,False,True
CUST-103504,Organic Search,US-West,0.524,2025-10-25,4,4,86.59,0.0,2025-11-29,2025-12-28,True,False
CUST-103505,Organic Search,US-Midwest,0.157,2025-09-26,2,2,30.91,0.0,2025-11-17,2025-11-22,True,False
CUST-103506,Organic Search,US-South,0.357,2025-10-01,1,1,33.75,0.0,2025-10-17,2025-10-17,False,False
CUST-103507,External Traffic,US-Midwest,0.681,2025-05-16,1,1,18.37,0.0,2025-05-24,2025-05-24,False,True
CUST-103508,Organic Search,US-Midwest,0.512,2025-07-17,2,2,42.16,42.16,2025-07-29,2025-11-22,True,False
CUST-103509,Sponsored Ads,US-East,0.573,2025-08-05,1,1,33.53,0.0,2025-08-11,2025-08-11,False,True
CUST-103510,Referral,US-West,0.527,2025-03-14,3,3,50.27,0.0,2025-03-22,2025-12-26,True,False
CUST-103511,Organic Search,US-Midwest,0.938,2025-05-19,4,4,88.84,0.0,2025-05-20,2025-09-19,True,True
CUST-103512,Referral,US-South,0.414,2025-06-15,2,2,42.49,0.0,2025-07-09,2025-07-11,True,True
CUST-103513,Referral,US-West,0.821,2025-04-22,4,4,62.47,0.0,2025-04-25,2025-12-05,True,False
CUST-103514,Referral,US-South,0.527,2025-05-22,2,2,47.3,0.0,2025-08-14,2025-11-24,True,False
CUST-103515,External Traffic,US-West,0.839,2025-05-13,3,3,49.95,0.0,2025-05-18,2025-10-26,True,False
CUST-103516,Organic Search,US-East,0.255,2025-01-19,2,2,46.44,0.0,2025-01-24,2025-04-22,True,True
CUST-103517,Sponsored Ads,US-East,0.537,2025-08-19,3,25,325.72,0.0,2025-08-31,2025-12-09,True,False
CUST-103518,Organic Search,US-East,0.421,2025-09-28,1,1,29.76,0.0,2025-10-04,2025-10-04,False,False
CUST-103519,External Traffic,US-South,0.528,2025-08-15,1,1,30.13,0.0,2025-08-24,2025-08-24,False,True
CUST-103520,Organic Search,US-Midwest,0.744,2025-10-08,1,1,19.27,0.0,2025-11-29,2025-11-29,False,False
CUST-103521,External Traffic,US-East,0.576,2025-05-10,4,4,66.12,0.0,2025-05-11,2025-12-31,True,False
CUST-103522,Sponsored Ads,US-South,0.744,2025-01-17,11,11,201.69,30.45,2025-01-18,2025-12-21,True,False
CUST-103523,Sponsored Ads,US-Midwest,0.366,2025-03-22,1,1,13.53,0.0,2025-04-22,2025-04-22,False,True
CUST-103524,Organic Search,US-South,0.335,2025-09-14,1,1,33.03,0.0,2025-09-25,2025-09-25,False,True
CUST-103525,Organic Search,US-East,0.503,2025-02-11,2,2,42.72,0.0,2025-02-12,2025-04-13,True,True
CUST-103526,Sponsored Ads,US-South,0.492,2025-06-14,1,1,32.36,0.0,2025-06-27,2025-06-27,False,True
CUST-103527,Sponsored Ads,US-East,0.463,2025-01-01,3,3,52.87,0.0,2025-01-07,2025-04-15,True,True
CUST-103528,External Traffic,US-East,0.308,2025-04-08,2,2,56.41,56.41,2025-04-13,2025-12-07,True,False
CUST-103529,Organic Search,US-South,0.74,2025-02-03,6,6,130.33,0.0,2025-02-03,2025-12-12,True,False
CUST-103530,Sponsored Ads,US-East,0.427,2025-02-04,2,2,39.94,0.0,2025-02-05,2025-06-23,True,True
CUST-103531,Sponsored Ads,US-West,0.785,2025-02-19,6,6,133.48,0.0,2025-02-21,2025-11-14,True,False
CUST-103532,Organic Search,US-Midwest,0.503,2025-06-11,1,1,16.45,0.0,2025-06-17,2025-06-17,False,True
CUST-103533,Sponsored Ads,US-South,0.63,2025-07-26,2,2,35.18,0.0,2025-08-02,2025-08-17,True,True
CUST-103534,Organic Search,US-West,0.612,2025-03-28,1,1,30.49,30.49,2025-04-01,2025-04-01,False,True
CUST-103535,External Traffic,US-East,0.335,2025-09-03,3,3,53.11,0.0,2025-09-03,2025-11-13,True,False
CUST-103536,Sponsored Ads,US-East,0.573,2025-04-28,2,2,50.64,0.0,2025-04-29,2025-09-09,True,True
CUST-103537,Organic Search,US-Midwest,0.886,2025-08-10,1,1,25.34,0.0,2025-08-16,2025-08-16,False,True
CUST-103538,Sponsored Ads,US-Midwest,0.55,2025-06-08,3,3,62.43,21.63,2025-06-23,2025-10-03,True,False
CUST-103539,Sponsored Ads,US-South,0.68,2025-08-05,1,1,21.91,0.0,2025-08-17,2025-08-17,False,True
CUST-103540,External Traffic,US-East,0.639,2025-10-21,1,1,21.43,21.43,2025-11-08,2025-11-08,False,False
CUST-103541,Organic Search,US-West,0.561,2025-10-26,1,1,19.63,0.0,2025-10-30,2025-10-30,False,False
CUST-103542,External Traffic,US-West,0.537,2025-06-26,3,3,57.51,0.0,2025-07-20,2025-08-11,True,True
CUST-103543,Sponsored Ads,US-West,0.609,2025-10-16,2,2,40.08,0.0,2025-11-20,2025-12-12,True,False
CUST-103544,Sponsored Ads,US-Midwest,0.653,2025-07-30,2,2,38.17,0.0,2025-08-15,2025-12-09,True,False
CUST-103545,Organic Search,US-West,0.23,2025-03-22,2,2,28.56,0.0,2025-04-14,2025-07-14,True,True
CUST-103546,Organic Search,US-South,0.549,2025-10-08,1,1,13.17,0.0,2025-11-17,2025-11-17,False,False
CUST-103547,Referral,US-Midwest,0.463,2025-02-13,5,5,96.02,0.0,2025-02-13,2025-12-13,True,False
CUST-103548,Sponsored Ads,US-East,0.422,2025-05-21,1,1,16.27,0.0,2025-05-21,2025-05-21,False,True
CUST-103549,External Traffic,US-South,0.759,2025-02-15,5,5,108.51,0.0,2025-02-18,2025-07-20,True,True
CUST-103550,External Traffic,US-Midwest,0.353,2025-08-24,2,2,28.16,11.9,2025-10-12,2025-12-19,True,False
CUST-103551,Organic Search,US-East,0.221,2025-09-26,1,1,11.74,0.0,2025-10-18,2025-10-18,False,False
CUST-103552,Sponsored Ads,US-East,0.659,2025-09-03,1,1,16.35,0.0,2025-09-30,2025-09-30,False,True
CUST-103553,Organic Search,US-West,0.216,2025-01-31,4,53,1213.97,21.11,2025-02-17,2025-11-24,True,False
CUST-103554,Sponsored Ads,US-East,0.114,2025-03-23,1,1,32.94,0.0,2025-04-01,2025-04-01,False,True
CUST-103555,External Traffic,US-Midwest,0.682,2025-04-13,3,3,61.91,0.0,2025-04-26,2025-07-01,True,True
CUST-103556,Organic Search,US-South,0.532,2025-02-04,6,6,127.82,0.0,2025-02-11,2025-12-27,True,False
CUST-103557,Referral,US-West,0.595,2025-06-09,1,1,30.55,30.55,2025-06-24,2025-06-24,False,True
CUST-103558,Organic Search,US-South,0.412,2025-01-11,6,6,107.22,0.0,2025-01-11,2025-10-02,True,False
CUST-103559,Organic Search,US-South,0.223,2025-07-04,2,2,45.66,0.0,2025-08-08,2025-12-20,True,False
CUST-103560,Organic Search,US-West,0.263,2025-06-22,1,1,24.65,0.0,2025-07-12,2025-07-12,False,True
CUST-103561,Organic Search,US-Midwest,0.446,2025-06-28,2,2,31.06,12.64,2025-07-20,2025-09-08,True,True
CUST-103562,Referral,US-West,0.246,2025-10-01,1,1,29.49,0.0,2025-10-19,2025-10-19,False,False
CUST-103563,Sponsored Ads,US-East,0.561,2025-08-24,1,1,18.91,0.0,2025-10-09,2025-10-09,False,False
CUST-103564,Referral,US-East,0.408,2025-03-19,2,2,61.68,0.0,2025-03-23,2025-12-02,True,False
CUST-103565,External Traffic,US-South,0.537,2025-06-21,1,1,21.69,0.0,2025-08-30,2025-08-30,False,True
CUST-103566,External Traffic,US-Midwest,0.531,2025-08-29,1,1,15.5,0.0,2025-11-24,2025-11-24,False,False
CUST-103567,Organic Search,US-West,0.577,2025-09-13,2,43,1371.32,0.0,2025-09-22,2025-12-18,True,False
CUST-103568,External Traffic,US-East,0.6,2025-07-12,2,2,28.56,0.0,2025-08-28,2025-12-08,True,False
CUST-103569,Sponsored Ads,US-East,0.431,2025-01-26,3,3,62.73,0.0,2025-01-30,2025-08-19,True,True
CUST-103570,External Traffic,US-Midwest,0.537,2025-05-11,2,2,39.11,0.0,2025-05-14,2025-05-17,True,True
CUST-103571,Sponsored Ads,US-Midwest,0.547,2025-09-15,1,1,24.61,24.61,2025-09-17,2025-09-17,False,True
CUST-103572,Sponsored Ads,US-East,0.02,2025-01-23,1,1,22.43,0.0,2025-02-05,2025-02-05,False,True
CUST-103573,Organic Search,US-South,0.629,2025-06-27,1,1,11.85,0.0,2025-06-29,2025-06-29,False,True
CUST-103574,Sponsored Ads,US-Midwest,0.53,2025-06-12,3,3,63.73,0.0,2025-06-13,2025-10-28,True,False
CUST-103575,Sponsored Ads,US-Midwest,0.613,2025-03-08,1,1,14.79,0.0,2025-03-09,2025-03-09,False,True
CUST-103576,External Traffic,US-South,0.243,2025-04-14,2,2,45.82,0.0,2025-04-15,2025-06-02,True,True
CUST-103577,Sponsored Ads,US-South,0.437,2025-10-21,1,1,19.66,0.0,2025-11-17,2025-11-17,False,False
CUST-103578,Organic Search,US-Midwest,0.282,2025-06-28,3,35,1141.18,0.0,2025-06-28,2025-12-04,True,False
CUST-103579,Sponsored Ads,US-West,0.649,2025-10-09,1,1,12.57,0.0,2025-10-23,2025-10-23,False,False
CUST-103580,External Traffic,US-East,0.219,2025-05-22,3,3,63.77,12.16,2025-05-23,2025-11-29,True,False
CUST-103581,External Traffic,US-South,0.314,2025-09-11,1,1,17.86,0.0,2025-11-01,2025-11-01,False,False
CUST-103582,Organic Search,US-West,0.607,2025-07-05,1,1,19.48,0.0,2025-07-29,2025-07-29,False,True
CUST-103583,Organic Search,US-South,0.374,2025-10-01,1,1,25.5,0.0,2025-10-10,2025-10-10,False,False
CUST-103584,Referral,US-Midwest,0.314,2025-04-09,1,1,29.09,0.0,2025-04-12,2025-04-12,False,True
CUST-103585,External Traffic,US-West,0.681,2025-04-25,3,3,54.69,0.0,2025-04-25,2025-12-14,True,False
CUST-103586,Sponsored Ads,US-Midwest,0.69,2025-01-13,7,7,117.91,0.0,2025-01-15,2025-03-05,True,True
CUST-103587,Organic Search,US-East,0.644,2025-03-10,3,3,78.32,22.21,2025-03-12,2025-09-16,True,True
CUST-103588,External Traffic,US-Midwest,0.67,2025-02-11,4,4,77.62,23.73,2025-02-18,2025-04-12,True,True
CUST-103589,Sponsored Ads,US-South,0.454,2025-02-24,2,2,51.6,0.0,2025-02-24,2025-03-12,True,True
CUST-103590,External Traffic,US-West,0.459,2025-04-03,3,3,48.8,0.0,2025-04-11,2025-12-31,True,False
CUST-103591,Sponsored Ads,US-South,0.37,2025-09-20,1,1,14.89,0.0,2025-11-08,2025-11-08,False,False
CUST-103592,External Traffic,US-West,0.534,2025-04-24,4,4,72.22,0.0,2025-04-24,2025-10-17,True,False
CUST-103593,Sponsored Ads,US-West,0.394,2025-09-05,1,1,30.57,0.0,2025-09-21,2025-09-21,False,True
CUST-103594,Sponsored Ads,US-Midwest,0.413,2025-09-02,2,2,57.8,0.0,2025-09-07,2025-10-20,True,False
CUST-103595,Referral,US-Midwest,0.62,2025-10-22,1,1,31.26,0.0,2025-11-20,2025-11-20,False,False
CUST-103596,External Traffic,US-West,0.737,2025-06-02,2,2,31.33,0.0,2025-06-08,2025-12-11,True,False
CUST-103597,External Traffic,US-East,0.58,2025-09-12,1,1,16.26,0.0,2025-10-08,2025-10-08,False,False
CUST-103598,Referral,US-West,0.859,2025-05-06,4,4,112.06,0.0,2025-05-10,2025-11-05,True,False
CUST-103599,Organic Search,US-East,0.359,2025-07-09,1,1,25.2,0.0,2025-07-17,2025-07-17,False,True
CUST-103600,Sponsored Ads,US-Midwest,0.132,2025-09-01,1,1,15.21,0.0,2025-09-09,2025-09-09,False,True
CUST-103601,Sponsored Ads,US-West,0.643,2025-02-12,6,6,124.12,0.0,2025-02-19,2025-12-29,True,False
CUST-103602,Organic Search,US-South,0.346,2025-01-18,4,4,108.98,0.0,2025-01-23,2025-03-24,True,True
CUST-103603,Sponsored Ads,US-Midwest,0.445,2025-02-19,4,4,123.39,32.6,2025-02-21,2025-08-15,True,True
CUST-103604,Referral,US-Midwest,0.146,2025-08-05,1,1,25.82,0.0,2025-08-07,2025-08-07,False,True
CUST-103605,Sponsored Ads,US-East,0.32,2025-05-23,1,1,29.65,0.0,2025-07-13,2025-07-13,False,True
CUST-103606,Sponsored Ads,US-South,0.2,2025-03-26,1,1,20.07,0.0,2025-05-04,2025-05-04,False,True
CUST-103607,Sponsored Ads,US-East,0.413,2025-08-19,1,1,31.78,0.0,2025-10-05,2025-10-05,False,False
CUST-103608,Sponsored Ads,US-West,0.421,2025-01-05,6,6,127.17,13.39,2025-01-05,2025-04-07,True,True
CUST-103609,Sponsored Ads,US-West,0.518,2025-02-21,4,4,89.18,0.0,2025-02-21,2025-12-11,True,False
CUST-103610,Organic Search,US-South,0.748,2025-05-21,2,47,924.28,0.0,2025-06-06,2025-09-23,True,True
CUST-103611,Sponsored Ads,US-South,0.635,2025-10-02,1,1,13.37,0.0,2025-11-24,2025-11-24,False,False
CUST-103612,Organic Search,US-South,0.176,2025-08-13,1,1,31.97,0.0,2025-09-25,2025-09-25,False,True
CUST-103613,External Traffic,US-Midwest,0.622,2025-07-25,1,1,18.64,0.0,2025-08-09,2025-08-09,False,True
CUST-103614,Organic Search,US-South,0.522,2025-08-02,1,1,25.48,0.0,2025-09-04,2025-09-04,False,True
CUST-103615,Organic Search,US-East,0.48,2025-04-04,4,4,73.89,0.0,2025-04-07,2025-11-03,True,False
CUST-103616,Sponsored Ads,US-East,0.495,2025-05-15,3,3,77.49,45.57,2025-05-24,2025-12-02,True,False
CUST-103617,Sponsored Ads,US-Midwest,0.541,2025-09-23,1,1,21.3,0.0,2025-10-10,2025-10-10,False,False
CUST-103618,Sponsored Ads,US-Midwest,0.362,2025-08-07,3,3,54.1,0.0,2025-11-23,2025-12-17,True,False
CUST-103619,Referral,US-West,0.464,2025-06-29,3,3,58.84,0.0,2025-09-23,2025-12-31,True,False
CUST-103620,Organic Search,US-Midwest,0.737,2025-01-25,8,8,162.22,0.0,2025-01-28,2025-12-12,True,False
CUST-103621,Sponsored Ads,US-West,0.359,2025-08-08,1,1,20.47,0.0,2025-08-28,2025-08-28,False,True
CUST-103622,Organic Search,US-Midwest,0.294,2025-04-20,2,2,24.06,0.0,2025-04-21,2025-12-26,True,False
CUST-103623,External Traffic,US-South,0.488,2025-04-26,1,1,21.91,21.91,2025-04-30,2025-04-30,False,True
CUST-103624,Organic Search,US-South,0.274,2025-07-22,2,2,34.93,0.0,2025-08-29,2025-11-28,True,False
CUST-103625,Organic Search,US-South,0.155,2025-04-29,1,1,15.4,0.0,2025-05-01,2025-05-01,False,True
CUST-103626,External Traffic,US-South,0.431,2025-06-21,1,1,21.87,0.0,2025-07-05,2025-07-05,False,True
CUST-103627,Organic Search,US-East,0.79,2025-01-04,11,11,234.85,32.26,2025-01-06,2025-12-18,True,False
CUST-103628,Organic Search,US-Midwest,0.492,2025-02-25,4,4,82.71,0.0,2025-02-28,2025-07-23,True,True
CUST-103629,Sponsored Ads,US-South,0.536,2025-06-11,4,4,56.93,0.0,2025-06-18,2025-12-23,True,False
CUST-103630,Sponsored Ads,US-South,0.074,2025-10-15,1,1,23.93,0.0,2025-11-18,2025-11-18,False,False
CUST-103631,Referral,US-East,0.588,2025-08-17,2,2,61.67,0.0,2025-09-25,2025-11-05,True,False
CUST-103632,Organic Search,US-West,0.519,2025-05-06,3,3,57.48,0.0,2025-05-19,2025-12-10,True,False
CUST-103633,Organic Search,US-South,0.367,2025-10-18,1,1,12.99,0.0,2025-10-22,2025-10-22,False,False
CUST-103634,Organic Search,US-East,0.536,2025-03-24,2,2,32.19,0.0,2025-04-22,2025-09-04,True,True
CUST-103635,Sponsored Ads,US-South,0.534,2025-09-25,2,2,39.74,0.0,2025-11-24,2025-12-06,True,False
CUST-103636,External Traffic,US-East,0.288,2025-05-02,2,2,40.47,0.0,2025-05-05,2025-12-15,True,False
CUST-103637,Sponsored Ads,US-Midwest,0.566,2025-01-27,1,1,14.43,0.0,2025-01-28,2025-01-28,False,True
CUST-103638,External Traffic,US-South,0.739,2025-01-01,13,13,253.39,14.88,2025-01-01,2025-12-31,True,False
CUST-103639,Organic Search,US-East,0.454,2025-10-22,2,2,30.73,0.0,2025-11-28,2025-12-20,True,False
CUST-103640,Sponsored Ads,US-South,0.326,2025-07-12,2,2,39.37,0.0,2025-09-25,2025-12-13,True,False
CUST-103641,Sponsored Ads,US-South,0.464,2025-02-14,5,5,82.22,0.0,2025-02-25,2025-11-28,True,False
CUST-103642,External Traffic,US-South,0.671,2025-10-25,2,2,40.05,0.0,2025-11-24,2025-12-01,True,False
CUST-103643,Sponsored Ads,US-South,0.255,2025-01-13,3,3,68.1,0.0,2025-01-14,2025-03-20,True,True
CUST-103644,Sponsored Ads,US-Midwest,0.616,2025-04-11,3,3,78.19,23.75,2025-04-17,2025-12-27,True,False
CUST-103645,External Traffic,US-East,0.364,2025-08-13,1,17,345.17,0.0,2025-11-01,2025-11-01,False,False
CUST-103646,Sponsored Ads,US-East,0.548,2025-01-16,6,45,962.84,0.0,2025-01-16,2025-09-20,True,True
CUST-103647,Sponsored Ads,US-East,0.387,2025-09-29,1,1,30.39,0.0,2025-10-18,2025-10-18,False,False
CUST-103648,Sponsored Ads,US-South,0.387,2025-07-23,1,1,16.19,0.0,2025-09-03,2025-09-03,False,True
CUST-103649,External Traffic,US-Midwest,0.805,2025-10-12,2,2,51.76,0.0,2025-11-18,2025-12-21,True,False
CUST-103650,Sponsored Ads,US-South,0.218,2025-09-09,1,1,15.83,0.0,2025-09-13,2025-09-13,False,True
CUST-103651,Sponsored Ads,US-West,0.597,2025-09-05,2,2,23.12,0.0,2025-09-09,2025-12-13,True,False
CUST-103652,Sponsored Ads,US-Midwest,0.846,2025-03-10,8,8,162.56,0.0,2025-03-23,2025-12-20,True,False
CUST-103653,Sponsored Ads,US-Midwest,0.637,2025-03-03,4,20,318.43,0.0,2025-03-07,2025-12-11,True,False
CUST-103654,Sponsored Ads,US-East,0.234,2025-03-14,1,1,24.99,0.0,2025-03-23,2025-03-23,False,True
CUST-103655,Sponsored Ads,US-West,0.244,2025-02-16,1,1,14.91,0.0,2025-03-31,2025-03-31,False,True
CUST-103656,Sponsored Ads,US-East,0.35,2025-07-19,2,2,42.41,20.11,2025-07-23,2025-12-06,True,False
CUST-103657,Organic Search,US-Midwest,0.532,2025-01-18,7,7,149.53,12.26,2025-01-25,2025-08-05,True,True
CUST-103658,External Traffic,US-South,0.545,2025-05-09,3,3,58.42,0.0,2025-05-18,2025-11-17,True,False
CUST-103659,Sponsored Ads,US-West,0.246,2025-06-24,3,3,50.37,12.52,2025-08-19,2025-10-19,True,False
CUST-103660,Sponsored Ads,US-West,0.325,2025-06-11,2,2,31.76,0.0,2025-07-10,2025-11-26,True,False
CUST-103661,Referral,US-Midwest,0.338,2025-05-27,1,1,24.01,0.0,2025-06-25,2025-06-25,False,True
CUST-103662,External Traffic,US-East,0.464,2025-03-08,3,3,68.16,0.0,2025-03-11,2025-07-10,True,True
CUST-103663,Organic Search,US-South,0.897,2025-02-02,8,8,191.16,0.0,2025-02-02,2025-04-17,True,True
CUST-103664,Sponsored Ads,US-East,0.313,2025-10-24,1,1,15.28,0.0,2025-11-29,2025-11-29,False,False
CUST-103665,Organic Search,US-West,0.305,2025-05-20,1,1,16.48,0.0,2025-05-28,2025-05-28,False,True
CUST-103666,Sponsored Ads,US-East,0.273,2025-06-28,1,1,26.22,0.0,2025-06-28,2025-06-28,False,True
CUST-103667,Sponsored Ads,US-South,0.627,2025-06-20,3,3,58.31,0.0,2025-07-10,2025-09-30,True,True
CUST-103668,Sponsored Ads,US-East,0.492,2025-04-21,4,4,84.46,0.0,2025-04-24,2025-12-02,True,False
CUST-103669,Organic Search,US-South,0.321,2025-08-05,3,3,40.53,0.0,2025-09-01,2025-12-09,True,False
CUST-103670,Sponsored Ads,US-East,0.427,2025-04-23,3,3,40.36,0.0,2025-05-16,2025-09-22,True,True
CUST-103671,Organic Search,US-East,0.342,2025-05-05,1,1,12.5,0.0,2025-05-08,2025-05-08,False,True
CUST-103672,Sponsored Ads,US-East,0.559,2025-08-30,3,3,43.02,0.0,2025-09-01,2025-12-13,True,False
CUST-103673,Sponsored Ads,US-East,0.95,2025-04-06,6,24,513.17,52.99,2025-04-06,2025-12-25,True,False
CUST-103674,External Traffic,US-East,0.61,2025-07-29,2,2,27.42,0.0,2025-08-27,2025-12-08,True,False
CUST-103675,External Traffic,US-South,0.481,2025-07-19,1,1,31.91,0.0,2025-08-01,2025-08-01,False,True
CUST-103676,Sponsored Ads,US-East,0.367,2025-01-10,6,6,122.54,0.0,2025-01-10,2025-12-25,True,False
CUST-103677,Organic Search,US-South,0.231,2025-07-25,2,2,44.19,0.0,2025-07-26,2025-12-29,True,False
CUST-103678,Sponsored Ads,US-East,0.647,2025-08-29,1,58,1161.62,0.0,2025-11-16,2025-11-16,False,False
CUST-103679,Sponsored Ads,US-East,0.636,2025-03-23,1,1,13.23,0.0,2025-03-26,2025-03-26,False,True
CUST-103680,Organic Search,US-Midwest,0.407,2025-10-02,1,1,15.19,0.0,2025-10-09,2025-10-09,False,False
CUST-103681,Sponsored Ads,US-Midwest,0.743,2025-01-06,7,7,175.39,0.0,2025-01-08,2025-11-22,True,False
CUST-103682,Organic Search,US-East,0.504,2025-02-23,3,3,82.91,0.0,2025-02-26,2025-06-07,True,True
CUST-103683,Organic Search,US-East,0.655,2025-10-11,3,3,56.09,0.0,2025-11-26,2025-12-05,True,False
CUST-103684,Sponsored Ads,US-South,0.559,2025-09-14,1,1,22.29,0.0,2025-11-26,2025-11-26,False,False
CUST-103685,Sponsored Ads,US-West,0.465,2025-08-15,1,1,15.54,0.0,2025-09-21,2025-09-21,False,True
CUST-103686,Sponsored Ads,US-East,0.309,2025-07-01,1,1,22.47,0.0,2025-09-20,2025-09-20,False,True
CUST-103687,Referral,US-South,0.471,2025-03-02,2,2,37.28,0.0,2025-03-03,2025-11-21,True,False
CUST-103688,Organic Search,US-South,0.668,2025-05-27,3,44,582.98,0.0,2025-05-31,2025-12-18,True,False
CUST-103689,Sponsored Ads,US-West,0.398,2025-06-19,2,2,39.98,0.0,2025-06-20,2025-12-29,True,False
CUST-103690,Sponsored Ads,US-West,0.588,2025-01-27,3,3,52.32,0.0,2025-01-30,2025-04-29,True,True
CUST-103691,Organic Search,US-East,0.283,2025-06-28,2,2,26.54,0.0,2025-06-29,2025-12-07,True,False
CUST-103692,Sponsored Ads,US-West,0.656,2025-01-27,8,44,752.99,0.0,2025-01-29,2025-11-01,True,False
CUST-103693,Organic Search,US-South,0.563,2025-02-07,2,2,34.83,0.0,2025-02-23,2025-04-19,True,True
CUST-103694,External Traffic,US-Midwest,0.26,2025-02-21,2,2,44.69,0.0,2025-02-23,2025-02-24,True,True
CUST-103695,Organic Search,US-East,0.455,2025-02-27,1,1,18.46,0.0,2025-02-28,2025-02-28,False,True
CUST-103696,Sponsored Ads,US-East,0.686,2025-01-25,12,12,244.56,18.41,2025-01-30,2025-12-17,True,False
CUST-103697,Sponsored Ads,US-West,0.248,2025-10-15,1,1,20.74,0.0,2025-11-25,2025-11-25,False,False
CUST-103698,Sponsored Ads,US-West,0.286,2025-08-29,2,2,26.41,0.0,2025-09-03,2025-12-17,True,False
CUST-103699,Organic Search,US-South,0.486,2025-06-02,3,3,67.22,0.0,2025-06-08,2025-11-13,True,False
CUST-103700,External Traffic,US-East,0.927,2025-04-21,5,5,103.61,0.0,2025-05-03,2025-07-24,True,True
CUST-103701,Sponsored Ads,US-South,0.365,2025-02-27,2,55,972.06,0.0,2025-03-01,2025-04-23,True,True
CUST-103702,Organic Search,US-South,0.599,2025-10-12,4,4,92.5,0.0,2025-10-20,2025-12-09,True,False
CUST-103703,Organic Search,US-Midwest,0.552,2025-08-28,2,2,41.62,0.0,2025-09-22,2025-12-27,True,False
CUST-103704,Sponsored Ads,US-West,0.382,2025-08-14,1,1,25.08,0.0,2025-08-16,2025-08-16,False,True
CUST-103705,Sponsored Ads,US-South,0.532,2025-05-22,2,2,38.76,0.0,2025-05-22,2025-09-15,True,True
CUST-103706,Sponsored Ads,US-Midwest,0.41,2025-01-09,3,3,61.86,0.0,2025-01-09,2025-02-20,True,True
CUST-103707,Organic Search,US-East,0.428,2025-07-11,2,2,44.64,0.0,2025-08-03,2025-09-15,True,True
CUST-103708,Organic Search,US-West,0.168,2025-05-27,2,2,37.57,0.0,2025-06-03,2025-10-21,True,False
CUST-103709,Organic Search,US-East,0.495,2025-03-31,6,6,126.95,0.0,2025-04-16,2025-12-21,True,False
CUST-103710,External Traffic,US-Midwest,0.68,2025-04-05,3,3,60.95,0.0,2025-04-07,2025-12-22,True,False
CUST-103711,External Traffic,US-Midwest,0.511,2025-01-18,8,26,565.05,34.32,2025-01-19,2025-08-20,True,True
CUST-103712,Referral,US-East,0.718,2025-09-19,1,1,19.19,0.0,2025-09-21,2025-09-21,False,True
CUST-103713,External Traffic,US-West,0.616,2025-02-19,2,2,38.28,0.0,2025-02-19,2025-07-11,True,True
CUST-103714,External Traffic,US-East,0.488,2025-09-01,1,1,28.83,0.0,2025-09-07,2025-09-07,False,True
CUST-103715,External Traffic,US-West,0.374,2025-10-19,1,1,19.85,0.0,2025-11-01,2025-11-01,False,False
CUST-103716,Organic Search,US-South,0.403,2025-01-14,3,37,740.39,0.0,2025-01-15,2025-12-25,True,False
CUST-103717,External Traffic,US-Midwest,0.206,2025-07-07,1,1,13.19,0.0,2025-07-23,2025-07-23,False,True
CUST-103718,Referral,US-West,0.447,2025-01-21,10,10,177.92,0.0,2025-01-26,2025-10-19,True,False
CUST-103719,Organic Search,US-South,0.529,2025-09-07,2,2,28.1,0.0,2025-09-07,2025-09-17,True,True
CUST-103720,Organic Search,US-Midwest,0.843,2025-06-02,4,4,77.2,0.0,2025-06-19,2025-12-27,True,False
CUST-103721,Organic Search,US-South,0.606,2025-01-07,3,3,63.37,0.0,2025-01-08,2025-05-15,True,True
CUST-103722,External Traffic,US-Midwest,0.327,2025-08-20,1,1,11.65,0.0,2025-11-28,2025-11-28,False,False
CUST-103723,Organic Search,US-West,0.212,2025-08-18,1,1,30.48,0.0,2025-11-27,2025-11-27,False,False
CUST-103724,External Traffic,US-South,0.459,2025-10-05,1,1,34.53,0.0,2025-10-29,2025-10-29,False,False
CUST-103725,External Traffic,US-West,0.662,2025-05-26,1,1,30.05,0.0,2025-06-04,2025-06-04,False,True
CUST-103726,Referral,US-Midwest,0.456,2025-10-07,2,2,47.45,0.0,2025-11-08,2025-12-30,True,False
CUST-103727,Sponsored Ads,US-East,0.608,2025-07-19,1,1,19.59,0.0,2025-08-01,2025-08-01,False,True
CUST-103728,Organic Search,US-West,0.464,2025-06-07,2,2,28.97,0.0,2025-06-18,2025-09-18,True,True
CUST-103729,External Traffic,US-South,0.643,2025-04-18,4,69,1133.18,0.0,2025-04-22,2025-12-28,True,False
CUST-103730,Referral,US-South,0.181,2025-03-29,1,1,32.15,0.0,2025-03-29,2025-03-29,False,True
CUST-103731,Referral,US-East,0.821,2025-07-06,1,1,31.07,0.0,2025-08-11,2025-08-11,False,True
CUST-103732,Organic Search,US-East,0.278,2025-08-10,1,1,29.11,0.0,2025-08-29,2025-08-29,False,True
CUST-103733,Organic Search,US-West,0.659,2025-01-11,7,7,141.38,37.96,2025-01-11,2025-10-18,True,False
CUST-103734,Sponsored Ads,US-Midwest,0.446,2025-05-04,3,3,63.58,0.0,2025-05-17,2025-08-07,True,True
CUST-103735,Referral,US-West,0.477,2025-01-14,9,39,940.41,18.23,2025-01-14,2025-09-02,True,True
CUST-103736,Sponsored Ads,US-Midwest,0.452,2025-04-29,2,2,53.54,0.0,2025-05-01,2025-12-11,True,False
CUST-103737,Organic Search,US-South,0.551,2025-08-28,2,2,28.7,0.0,2025-11-20,2025-12-27,True,False
CUST-103738,External Traffic,US-South,0.592,2025-07-27,3,3,56.54,24.83,2025-08-10,2025-12-22,True,False
CUST-103739,Organic Search,US-South,0.712,2025-02-07,3,3,84.05,0.0,2025-02-12,2025-05-07,True,True
CUST-103740,Sponsored Ads,US-Midwest,0.782,2025-08-04,2,2,54.21,0.0,2025-10-20,2025-10-21,True,False
CUST-103741,Sponsored Ads,US-West,0.566,2025-01-05,13,42,1001.83,48.5,2025-01-06,2025-11-07,True,False
CUST-103742,External Traffic,US-Midwest,0.843,2025-01-04,6,6,131.36,0.0,2025-01-07,2025-11-29,True,False
CUST-103743,Organic Search,US-West,0.519,2025-10-01,3,3,63.01,0.0,2025-10-01,2025-12-03,True,False
CUST-103744,Sponsored Ads,US-Midwest,0.715,2025-01-10,3,3,56.62,0.0,2025-01-10,2025-07-21,True,True
CUST-103745,Organic Search,US-East,0.586,2025-03-21,4,4,101.59,0.0,2025-03-23,2025-10-14,True,False
CUST-103746,Sponsored Ads,US-Midwest,0.39,2025-02-09,4,4,86.54,47.37,2025-02-18,2025-12-30,True,False
CUST-103747,External Traffic,US-West,0.536,2025-06-24,2,2,56.01,0.0,2025-07-15,2025-11-05,True,False
CUST-103748,Sponsored Ads,US-East,0.601,2025-06-06,2,2,28.29,0.0,2025-09-20,2025-12-11,True,False
CUST-103749,Sponsored Ads,US-South,0.494,2025-09-09,2,2,41.95,0.0,2025-11-17,2025-12-06,True,False
CUST-103750,Sponsored Ads,US-Midwest,0.583,2025-10-24,1,1,15.22,0.0,2025-11-12,2025-11-12,False,False
CUST-103751,Organic Search,US-West,0.673,2025-08-12,2,2,31.32,0.0,2025-09-15,2025-11-08,True,False
CUST-103752,Organic Search,US-West,0.495,2025-05-21,1,1,31.22,0.0,2025-05-21,2025-05-21,False,True
CUST-103753,External Traffic,US-South,0.02,2025-01-14,1,1,32.84,0.0,2025-01-16,2025-01-16,False,True
CUST-103754,Organic Search,US-West,0.836,2025-10-04,1,1,12.47,0.0,2025-11-08,2025-11-08,False,False
CUST-103755,Sponsored Ads,US-Midwest,0.44,2025-06-18,4,4,70.13,0.0,2025-07-21,2025-12-20,True,False
CUST-103756,Sponsored Ads,US-West,0.335,2025-03-07,4,4,65.59,0.0,2025-03-09,2025-12-28,True,False
CUST-103757,Sponsored Ads,US-Midwest,0.275,2025-06-12,1,1,14.98,0.0,2025-06-29,2025-06-29,False,True
CUST-103758,Referral,US-South,0.433,2025-04-28,1,1,31.65,0.0,2025-04-28,2025-04-28,False,True
CUST-103759,Sponsored Ads,US-Midwest,0.387,2025-04-16,2,2,39.9,0.0,2025-04-16,2025-10-02,True,False
CUST-103760,Referral,US-West,0.353,2025-05-16,2,2,55.98,0.0,2025-05-18,2025-12-16,True,False
CUST-103761,Sponsored Ads,US-East,0.364,2025-08-15,1,1,29.08,0.0,2025-11-25,2025-11-25,False,False
CUST-103762,Sponsored Ads,US-East,0.606,2025-02-19,4,4,113.12,0.0,2025-03-12,2025-08-15,True,True
CUST-103763,Sponsored Ads,US-West,0.906,2025-10-17,1,1,25.24,0.0,2025-11-07,2025-11-07,False,False
CUST-103764,Sponsored Ads,US-West,0.664,2025-01-19,3,3,48.87,0.0,2025-01-22,2025-10-24,True,False
CUST-103765,External Traffic,US-East,0.725,2025-02-14,6,6,133.01,0.0,2025-02-16,2025-05-30,True,True
CUST-103766,Organic Search,US-South,0.425,2025-07-22,3,3,64.06,0.0,2025-07-22,2025-09-30,True,True
CUST-103767,Sponsored Ads,US-South,0.521,2025-02-13,7,7,148.99,0.0,2025-02-13,2025-11-02,True,False
CUST-103768,Organic Search,US-West,0.585,2025-08-22,3,3,50.71,0.0,2025-10-07,2025-12-27,True,False
CUST-103769,Organic Search,US-West,0.368,2025-08-09,1,1,14.76,0.0,2025-09-14,2025-09-14,False,True
CUST-103770,Referral,US-South,0.415,2025-05-09,1,1,23.67,0.0,2025-05-18,2025-05-18,False,True
CUST-103771,Referral,US-East,0.671,2025-05-17,4,4,94.78,0.0,2025-05-20,2025-12-03,True,False
CUST-103772,Organic Search,US-Midwest,0.718,2025-10-27,1,42,786.51,0.0,2025-10-28,2025-10-28,False,False
CUST-103773,External Traffic,US-East,0.513,2025-08-27,1,1,32.89,0.0,2025-09-04,2025-09-04,False,True
CUST-103774,External Traffic,US-East,0.261,2025-07-09,3,3,72.82,12.94,2025-07-13,2025-12-30,True,False
CUST-103775,Organic Search,US-West,0.441,2025-02-12,4,4,117.64,0.0,2025-02-15,2025-10-25,True,False
CUST-103776,Organic Search,US-East,0.212,2025-06-26,1,1,13.22,0.0,2025-08-02,2025-08-02,False,True
CUST-103777,Sponsored Ads,US-South,0.515,2025-01-12,3,3,60.39,0.0,2025-01-16,2025-06-30,True,True
CUST-103778,External Traffic,US-East,0.551,2025-03-17,4,4,95.73,0.0,2025-04-09,2025-12-03,True,False
CUST-103779,Referral,US-South,0.446,2025-07-29,3,3,72.59,0.0,2025-08-01,2025-11-17,True,False
CUST-103780,Sponsored Ads,US-West,0.548,2025-05-03,2,19,458.69,0.0,2025-05-03,2025-05-28,True,True
CUST-103781,External Traffic,US-South,0.583,2025-10-26,1,1,15.46,0.0,2025-11-24,2025-11-24,False,False
CUST-103782,Referral,US-East,0.551,2025-10-09,1,1,18.52,0.0,2025-11-01,2025-11-01,False,False
CUST-103783,Sponsored Ads,US-Midwest,0.26,2025-01-29,2,2,41.98,0.0,2025-01-30,2025-02-17,True,True
CUST-103784,Organic Search,US-East,0.449,2025-09-23,1,1,12.63,12.63,2025-10-05,2025-10-05,False,False
CUST-103785,Referral,US-West,0.582,2025-09-17,2,2,44.01,0.0,2025-09-19,2025-10-31,True,False
CUST-103786,Referral,US-South,0.816,2025-02-01,6,6,114.76,0.0,2025-02-09,2025-11-13,True,False
CUST-103787,Sponsored Ads,US-West,0.446,2025-04-26,4,4,112.91,0.0,2025-04-30,2025-12-13,True,False
CUST-103788,Sponsored Ads,US-Midwest,0.61,2025-10-12,2,2,39.18,0.0,2025-10-13,2025-12-21,True,False
CUST-103789,Organic Search,US-East,0.676,2025-01-06,7,7,134.62,0.0,2025-01-07,2025-12-16,True,False
CUST-103790,Sponsored Ads,US-Midwest,0.461,2025-01-18,6,6,123.67,0.0,2025-01-18,2025-05-13,True,True
CUST-103791,Sponsored Ads,US-South,0.73,2025-06-03,1,1,23.92,0.0,2025-06-05,2025-06-05,False,True
CUST-103792,Sponsored Ads,US-East,0.74,2025-10-13,2,2,46.52,34.2,2025-11-18,2025-12-12,True,False
CUST-103793,Sponsored Ads,US-South,0.776,2025-03-25,4,4,108.93,0.0,2025-03-25,2025-08-09,True,True
CUST-103794,Organic Search,US-West,0.592,2025-08-20,2,2,48.33,0.0,2025-11-30,2025-12-29,True,False
CUST-103795,Organic Search,US-West,0.95,2025-07-28,1,1,20.57,0.0,2025-07-29,2025-07-29,False,True
CUST-103796,Organic Search,US-Midwest,0.377,2025-02-13,4,4,99.39,0.0,2025-02-14,2025-12-04,True,False
CUST-103797,External Traffic,US-Midwest,0.925,2025-03-28,9,59,1131.54,20.97,2025-04-11,2025-12-14,True,False
CUST-103798,Organic Search,US-Midwest,0.654,2025-07-07,3,3,63.17,0.0,2025-09-03,2025-12-05,True,False
CUST-103799,Sponsored Ads,US-East,0.768,2025-05-25,3,3,59.54,0.0,2025-05-28,2025-12-09,True,False
CUST-103800,Sponsored Ads,US-East,0.436,2025-03-13,5,5,90.79,0.0,2025-03-23,2025-12-17,True,False
CUST-103801,Sponsored Ads,US-East,0.669,2025-03-02,5,5,117.86,0.0,2025-03-09,2025-11-11,True,False
CUST-103802,Sponsored Ads,US-South,0.785,2025-06-17,1,1,32.67,0.0,2025-06-23,2025-06-23,False,True
CUST-103803,Sponsored Ads,US-South,0.283,2025-09-06,1,1,12.77,0.0,2025-10-05,2025-10-05,False,False
CUST-103804,Sponsored Ads,US-Midwest,0.467,2025-05-04,1,1,33.04,0.0,2025-05-07,2025-05-07,False,True
CUST-103805,Sponsored Ads,US-Midwest,0.072,2025-10-05,1,1,15.0,0.0,2025-10-21,2025-10-21,False,False
CUST-103806,Organic Search,US-East,0.464,2025-07-20,1,1,33.73,0.0,2025-07-30,2025-07-30,False,True
CUST-103807,Organic Search,US-South,0.337,2025-05-02,1,1,15.56,0.0,2025-05-10,2025-05-10,False,True
CUST-103808,Referral,US-South,0.456,2025-08-01,1,1,29.9,0.0,2025-08-24,2025-08-24,False,True
CUST-103809,External Traffic,US-Midwest,0.95,2025-05-15,2,2,36.73,0.0,2025-05-30,2025-08-02,True,True
CUST-103810,Organic Search,US-East,0.844,2025-08-16,3,3,41.24,0.0,2025-09-02,2025-12-05,True,False
CUST-103811,Sponsored Ads,US-West,0.212,2025-10-22,1,1,19.49,0.0,2025-10-29,2025-10-29,False,False
CUST-103812,Organic Search,US-East,0.611,2025-08-25,1,1,11.9,0.0,2025-09-25,2025-09-25,False,True
CUST-103813,Sponsored Ads,US-South,0.66,2025-02-12,5,5,115.45,0.0,2025-02-22,2025-12-21,True,False
CUST-103814,Organic Search,US-Midwest,0.432,2025-01-22,5,5,87.28,0.0,2025-01-23,2025-12-30,True,False
CUST-103815,Sponsored Ads,US-Midwest,0.536,2025-08-31,1,1,12.4,0.0,2025-10-14,2025-10-14,False,False
CUST-103816,Organic Search,US-West,0.555,2025-09-12,1,1,26.32,0.0,2025-09-14,2025-09-14,False,True
CUST-103817,Sponsored Ads,US-South,0.231,2025-06-20,3,3,43.12,0.0,2025-06-23,2025-12-08,True,False
CUST-103818,Organic Search,US-West,0.294,2025-03-15,3,3,75.07,0.0,2025-03-15,2025-11-27,True,False
CUST-103819,External Traffic,US-East,0.534,2025-09-22,1,1,32.78,0.0,2025-09-25,2025-09-25,False,True
CUST-103820,External Traffic,US-Midwest,0.52,2025-05-15,2,2,26.97,0.0,2025-05-17,2025-09-03,True,True
CUST-103821,Organic Search,US-Midwest,0.358,2025-03-29,1,1,21.27,0.0,2025-04-01,2025-04-01,False,True
CUST-103822,Organic Search,US-West,0.341,2025-04-20,1,1,18.21,0.0,2025-04-20,2025-04-20,False,True
CUST-103823,Sponsored Ads,US-West,0.482,2025-03-30,4,4,76.96,0.0,2025-04-16,2025-12-11,True,False
CUST-103824,Organic Search,US-South,0.677,2025-03-26,5,5,111.67,0.0,2025-03-26,2025-12-04,True,False
CUST-103825,Organic Search,US-East,0.485,2025-04-08,4,4,76.43,0.0,2025-04-18,2025-12-01,True,False
CUST-103826,Sponsored Ads,US-East,0.825,2025-07-22,2,2,24.09,0.0,2025-11-18,2025-12-25,True,False
CUST-103827,Sponsored Ads,US-Midwest,0.361,2025-01-05,1,1,19.51,0.0,2025-01-06,2025-01-06,False,True
CUST-103828,Referral,US-Midwest,0.539,2025-04-19,2,2,60.43,0.0,2025-04-19,2025-12-11,True,False
CUST-103829,Organic Search,US-Midwest,0.429,2025-02-20,2,2,39.88,18.34,2025-04-01,2025-04-14,True,True
CUST-103830,Organic Search,US-Midwest,0.618,2025-07-14,1,24,352.27,352.27,2025-08-30,2025-08-30,False,True
CUST-103831,Organic Search,US-Midwest,0.344,2025-10-26,1,1,19.48,0.0,2025-11-19,2025-11-19,False,False
CUST-103832,Organic Search,US-South,0.885,2025-08-25,2,2,32.57,0.0,2025-09-12,2025-09-17,True,True
CUST-103833,Organic Search,US-Midwest,0.162,2025-03-16,1,1,22.38,0.0,2025-03-18,2025-03-18,False,True
CUST-103834,Sponsored Ads,US-South,0.843,2025-06-03,3,3,75.14,0.0,2025-06-23,2025-10-30,True,False
CUST-103835,Organic Search,US-West,0.518,2025-01-06,5,5,106.96,22.21,2025-01-06,2025-12-07,True,False
CUST-103836,Organic Search,US-Midwest,0.61,2025-05-04,3,45,778.61,0.0,2025-05-10,2025-05-20,True,True
CUST-103837,Sponsored Ads,US-Midwest,0.767,2025-03-25,3,3,78.69,25.25,2025-04-27,2025-11-23,True,False
CUST-103838,External Traffic,US-East,0.672,2025-05-31,1,1,12.62,0.0,2025-06-04,2025-06-04,False,True
CUST-103839,Sponsored Ads,US-East,0.354,2025-05-03,3,3,66.29,0.0,2025-05-09,2025-12-14,True,False
CUST-103840,Organic Search,US-South,0.62,2025-07-24,3,3,53.0,0.0,2025-08-24,2025-10-12,True,False
CUST-103841,Organic Search,US-South,0.873,2025-06-14,5,5,112.27,0.0,2025-06-16,2025-12-13,True,False
CUST-103842,Organic Search,US-South,0.323,2025-10-09,2,2,44.6,0.0,2025-11-15,2025-12-17,True,False
CUST-103843,Organic Search,US-East,0.924,2025-01-21,13,65,1270.79,28.75,2025-01-25,2025-10-11,True,False
CUST-103844,Referral,US-Midwest,0.577,2025-10-11,1,1,21.44,0.0,2025-11-20,2025-11-20,False,False
CUST-103845,Organic Search,US-Midwest,0.413,2025-08-26,2,2,47.39,0.0,2025-11-19,2025-12-25,True,False
CUST-103846,Organic Search,US-Midwest,0.321,2025-08-02,3,3,73.46,0.0,2025-08-22,2025-10-15,True,False
CUST-103847,Organic Search,US-South,0.455,2025-09-05,2,2,30.71,0.0,2025-10-21,2025-12-02,True,False
CUST-103848,Sponsored Ads,US-West,0.109,2025-01-16,2,2,25.72,0.0,2025-01-18,2025-05-18,True,True
CUST-103849,Sponsored Ads,US-Midwest,0.417,2025-03-05,4,4,90.29,0.0,2025-03-17,2025-06-15,True,True
CUST-103850,Organic Search,US-West,0.447,2025-01-01,4,4,86.67,0.0,2025-01-05,2025-11-10,True,False
CUST-103851,Sponsored Ads,US-West,0.285,2025-08-28,2,2,38.12,0.0,2025-10-11,2025-12-25,True,False
CUST-103852,Sponsored Ads,US-East,0.65,2025-04-17,5,5,114.06,0.0,2025-04-20,2025-12-11,True,False
CUST-103853,Sponsored Ads,US-West,0.456,2025-04-19,3,3,68.49,15.95,2025-04-21,2025-10-03,True,False
CUST-103854,Organic Search,US-South,0.373,2025-07-03,1,1,19.29,0.0,2025-07-03,2025-07-03,False,True
CUST-103855,Sponsored Ads,US-East,0.435,2025-05-07,1,1,25.99,0.0,2025-05-14,2025-05-14,False,True
CUST-103856,External Traffic,US-West,0.571,2025-07-11,2,2,53.42,0.0,2025-07-23,2025-11-07,True,False
CUST-103857,Organic Search,US-West,0.515,2025-10-08,2,2,41.7,0.0,2025-10-16,2025-10-31,True,False
CUST-103858,Organic Search,US-West,0.36,2025-04-10,3,3,51.95,0.0,2025-04-17,2025-11-08,True,False
CUST-103859,Sponsored Ads,US-South,0.525,2025-09-25,3,3,41.23,0.0,2025-10-01,2025-12-09,True,False
CUST-103860,Organic Search,US-Midwest,0.49,2025-06-09,1,1,31.46,0.0,2025-06-19,2025-06-19,False,True
CUST-103861,Sponsored Ads,US-East,0.272,2025-04-23,5,5,115.4,0.0,2025-04-28,2025-06-28,True,True
CUST-103862,Organic Search,US-West,0.442,2025-10-03,1,1,18.23,0.0,2025-10-11,2025-10-11,False,False
CUST-103863,Sponsored Ads,US-South,0.616,2025-05-27,3,3,57.22,0.0,2025-05-27,2025-12-01,True,False
CUST-103864,Referral,US-Midwest,0.614,2025-02-08,4,4,79.91,0.0,2025-02-10,2025-10-17,True,False
CUST-103865,Sponsored Ads,US-West,0.454,2025-03-27,4,52,622.64,0.0,2025-04-08,2025-12-13,True,False
CUST-103866,Organic Search,US-Midwest,0.635,2025-09-11,2,2,33.94,0.0,2025-10-02,2025-12-23,True,False
CUST-103867,Sponsored Ads,US-West,0.304,2025-06-04,1,1,19.52,0.0,2025-07-12,2025-07-12,False,True
CUST-103868,Organic Search,US-East,0.31,2025-06-18,2,2,41.05,0.0,2025-06-26,2025-11-12,True,False
CUST-103869,Organic Search,US-South,0.45,2025-07-24,3,3,82.32,0.0,2025-08-31,2025-12-06,True,False
CUST-103870,Sponsored Ads,US-West,0.8,2025-02-28,4,4,97.76,0.0,2025-02-28,2025-12-10,True,False
CUST-103871,Sponsored Ads,US-East,0.533,2025-01-28,6,6,134.4,0.0,2025-01-29,2025-12-06,True,False
CUST-103872,Sponsored Ads,US-West,0.445,2025-05-13,1,1,17.52,0.0,2025-06-14,2025-06-14,False,True
CUST-103873,Sponsored Ads,US-West,0.809,2025-10-03,2,2,49.18,0.0,2025-10-13,2025-12-28,True,False
CUST-103874,Referral,US-Midwest,0.443,2025-02-08,5,5,104.91,21.68,2025-02-18,2025-11-26,True,False
CUST-103875,Organic Search,US-West,0.947,2025-08-04,4,4,75.71,0.0,2025-08-13,2025-11-17,True,False
CUST-103876,Sponsored Ads,US-West,0.398,2025-10-21,2,2,61.82,0.0,2025-11-18,2025-12-27,True,False
CUST-103877,Referral,US-West,0.298,2025-01-30,2,2,49.26,0.0,2025-02-04,2025-04-03,True,True
CUST-103878,Sponsored Ads,US-West,0.467,2025-02-09,3,3,40.19,0.0,2025-02-13,2025-12-22,True,False
CUST-103879,Organic Search,US-South,0.45,2025-09-18,2,2,28.18,0.0,2025-10-23,2025-12-03,True,False
CUST-103880,Organic Search,US-Midwest,0.338,2025-02-02,2,2,44.91,0.0,2025-02-10,2025-12-29,True,False
CUST-103881,Referral,US-West,0.95,2025-08-12,1,1,24.23,0.0,2025-10-06,2025-10-06,False,False
CUST-103882,Organic Search,US-South,0.564,2025-08-28,1,1,32.51,0.0,2025-09-02,2025-09-02,False,True
CUST-103883,Organic Search,US-East,0.593,2025-04-04,3,3,47.9,0.0,2025-04-09,2025-05-30,True,True
CUST-103884,Referral,US-West,0.408,2025-03-29,1,1,21.71,0.0,2025-03-29,2025-03-29,False,True
CUST-103885,Sponsored Ads,US-South,0.384,2025-06-06,3,3,69.62,0.0,2025-07-02,2025-09-09,True,True
CUST-103886,Referral,US-West,0.705,2025-06-01,4,4,84.42,0.0,2025-06-09,2025-12-05,True,False
CUST-103887,External Traffic,US-South,0.165,2025-09-16,1,1,20.67,20.67,2025-10-07,2025-10-07,False,False
CUST-103888,Referral,US-South,0.271,2025-06-27,1,1,11.44,0.0,2025-07-12,2025-07-12,False,True
CUST-103889,Sponsored Ads,US-South,0.451,2025-10-18,2,2,37.56,0.0,2025-11-11,2025-12-18,True,False
CUST-103890,Sponsored Ads,US-West,0.77,2025-03-13,3,3,75.12,0.0,2025-03-15,2025-11-22,True,False
CUST-103891,Organic Search,US-East,0.425,2025-03-26,5,5,87.93,0.0,2025-04-07,2025-12-27,True,False
CUST-103892,Organic Search,US-South,0.583,2025-03-14,4,4,96.31,0.0,2025-03-19,2025-09-09,True,True
CUST-103893,Organic Search,US-Midwest,0.506,2025-07-15,2,2,27.32,12.41,2025-09-23,2025-11-03,True,False
CUST-103894,Referral,US-West,0.759,2025-01-11,8,8,189.32,21.07,2025-01-11,2025-12-22,True,False
CUST-103895,Organic Search,US-East,0.183,2025-09-16,1,1,12.33,0.0,2025-09-30,2025-09-30,False,True
CUST-103896,Sponsored Ads,US-Midwest,0.647,2025-08-20,2,2,48.12,0.0,2025-09-12,2025-11-19,True,False
CUST-103897,Organic Search,US-East,0.46,2025-10-24,2,2,40.51,0.0,2025-11-24,2025-12-22,True,False
CUST-103898,Sponsored Ads,US-East,0.685,2025-10-15,1,1,31.61,0.0,2025-11-26,2025-11-26,False,False
CUST-103899,Sponsored Ads,US-Midwest,0.336,2025-01-22,3,3,51.42,0.0,2025-01-31,2025-04-25,True,True
CUST-103900,Sponsored Ads,US-Midwest,0.505,2025-08-13,1,1,11.56,0.0,2025-08-21,2025-08-21,False,True
CUST-103901,External Traffic,US-South,0.479,2025-06-01,1,1,23.72,0.0,2025-06-30,2025-06-30,False,True
CUST-103902,Organic Search,US-South,0.3,2025-08-09,1,1,25.08,0.0,2025-09-20,2025-09-20,False,True
CUST-103903,Organic Search,US-South,0.244,2025-09-20,1,1,29.87,0.0,2025-09-22,2025-09-22,False,True
CUST-103904,Sponsored Ads,US-East,0.384,2025-06-24,1,1,12.03,0.0,2025-07-06,2025-07-06,False,True
CUST-103905,Organic Search,US-Midwest,0.526,2025-01-01,14,37,759.98,46.08,2025-01-01,2025-09-14,True,True
CUST-103906,External Traffic,US-West,0.349,2025-09-17,2,2,34.48,0.0,2025-09-28,2025-10-13,True,False
CUST-103907,External Traffic,US-West,0.434,2025-05-12,2,2,41.95,0.0,2025-05-24,2025-07-26,True,True
CUST-103908,Organic Search,US-South,0.123,2025-05-18,1,1,34.45,0.0,2025-05-28,2025-05-28,False,True
CUST-103909,External Traffic,US-Midwest,0.426,2025-06-25,1,1,12.2,0.0,2025-08-19,2025-08-19,False,True
CUST-103910,Organic Search,US-Midwest,0.705,2025-10-01,1,1,23.1,0.0,2025-11-25,2025-11-25,False,False
CUST-103911,Organic Search,US-South,0.641,2025-06-07,1,1,16.48,0.0,2025-08-04,2025-08-04,False,True
CUST-103912,External Traffic,US-East,0.483,2025-03-04,1,1,11.96,0.0,2025-03-31,2025-03-31,False,True
CUST-103913,Sponsored Ads,US-East,0.549,2025-08-08,2,2,55.0,0.0,2025-08-12,2025-12-17,True,False
CUST-103914,Sponsored Ads,US-East,0.334,2025-07-09,1,1,34.66,0.0,2025-08-13,2025-08-13,False,True
CUST-103915,Sponsored Ads,US-East,0.825,2025-01-20,14,14,310.21,0.0,2025-01-24,2025-12-16,True,False
CUST-103916,Organic Search,US-East,0.914,2025-06-09,4,4,90.91,0.0,2025-07-04,2025-12-20,True,False
CUST-103917,Organic Search,US-West,0.533,2025-08-24,1,1,12.63,0.0,2025-11-05,2025-11-05,False,False
CUST-103918,Organic Search,US-East,0.95,2025-09-23,2,2,58.47,26.35,2025-11-06,2025-12-03,True,False
CUST-103919,Organic Search,US-Midwest,0.364,2025-03-26,3,3,65.65,0.0,2025-03-26,2025-10-23,True,False
CUST-103920,Sponsored Ads,US-South,0.25,2025-06-06,2,2,40.3,0.0,2025-06-24,2025-12-17,True,False
CUST-103921,External Traffic,US-West,0.358,2025-09-05,2,2,38.67,0.0,2025-10-06,2025-11-13,True,False
CUST-103922,Sponsored Ads,US-East,0.456,2025-06-25,1,1,24.77,0.0,2025-08-11,2025-08-11,False,True
CUST-103923,Referral,US-East,0.95,2025-05-06,3,3,61.6,0.0,2025-05-14,2025-08-19,True,True
CUST-103924,Sponsored Ads,US-East,0.444,2025-02-25,3,3,62.88,0.0,2025-03-05,2025-06-20,True,True
CUST-103925,Organic Search,US-South,0.328,2025-01-13,2,2,51.6,0.0,2025-01-13,2025-01-17,True,True
CUST-103926,Organic Search,US-Midwest,0.32,2025-07-27,2,2,27.15,0.0,2025-08-16,2025-12-20,True,False
CUST-103927,External Traffic,US-South,0.728,2025-10-17,2,2,34.15,0.0,2025-11-04,2025-12-16,True,False
CUST-103928,Sponsored Ads,US-East,0.699,2025-06-30,3,3,78.53,0.0,2025-06-30,2025-12-14,True,False
CUST-103929,Referral,US-West,0.403,2025-08-23,2,2,32.93,0.0,2025-10-01,2025-10-18,True,False
CUST-103930,Organic Search,US-West,0.125,2025-07-23,3,3,71.93,0.0,2025-08-21,2025-12-02,True,False
CUST-103931,Organic Search,US-Midwest,0.274,2025-04-15,3,3,58.09,0.0,2025-04-19,2025-10-24,True,False
CUST-103932,Organic Search,US-South,0.844,2025-06-06,4,4,76.3,0.0,2025-06-19,2025-08-08,True,True
CUST-103933,Sponsored Ads,US-South,0.638,2025-03-23,4,4,67.51,0.0,2025-03-27,2025-09-10,True,True
CUST-103934,Organic Search,US-South,0.513,2025-03-08,2,2,60.57,0.0,2025-03-10,2025-04-09,True,True
CUST-103935,Sponsored Ads,US-Midwest,0.874,2025-06-26,1,1,24.2,0.0,2025-07-18,2025-07-18,False,True
CUST-103936,Sponsored Ads,US-Midwest,0.892,2025-07-13,1,1,20.41,0.0,2025-07-18,2025-07-18,False,True
CUST-103937,Organic Search,US-West,0.493,2025-10-24,2,2,45.1,0.0,2025-11-15,2025-11-24,True,False
CUST-103938,Organic Search,US-East,0.496,2025-03-12,2,2,46.16,0.0,2025-03-20,2025-03-25,True,True
CUST-103939,Sponsored Ads,US-West,0.384,2025-03-29,2,2,50.32,0.0,2025-04-11,2025-08-02,True,True
CUST-103940,Sponsored Ads,US-East,0.443,2025-02-19,1,1,29.67,0.0,2025-02-23,2025-02-23,False,True
CUST-103941,Sponsored Ads,US-South,0.203,2025-10-12,1,1,24.83,0.0,2025-11-22,2025-11-22,False,False
CUST-103942,Sponsored Ads,US-West,0.202,2025-08-23,3,3,51.74,0.0,2025-09-03,2025-12-08,True,False
CUST-103943,Organic Search,US-West,0.155,2025-04-10,2,2,27.75,0.0,2025-05-01,2025-11-21,True,False
CUST-103944,Sponsored Ads,US-East,0.717,2025-10-18,2,42,1069.21,0.0,2025-11-24,2025-12-06,True,False
CUST-103945,External Traffic,US-South,0.188,2025-07-31,1,1,12.41,0.0,2025-08-15,2025-08-15,False,True
CUST-103946,Sponsored Ads,US-South,0.89,2025-05-23,3,3,57.13,0.0,2025-05-23,2025-12-18,True,False
CUST-103947,Sponsored Ads,US-West,0.354,2025-04-25,4,4,87.58,0.0,2025-05-05,2025-12-13,True,False
CUST-103948,External Traffic,US-West,0.847,2025-06-20,2,2,44.18,0.0,2025-07-11,2025-11-16,True,False
CUST-103949,Sponsored Ads,US-Midwest,0.427,2025-01-26,4,4,62.37,12.57,2025-01-27,2025-11-17,True,False
CUST-103950,Organic Search,US-South,0.187,2025-02-21,5,5,104.15,19.1,2025-02-24,2025-12-11,True,False
CUST-103951,Referral,US-Midwest,0.757,2025-10-08,2,2,41.85,0.0,2025-10-15,2025-12-15,True,False
CUST-103952,Referral,US-Midwest,0.78,2025-03-03,3,3,83.3,0.0,2025-03-15,2025-04-25,True,True
CUST-103953,Organic Search,US-Midwest,0.319,2025-02-19,2,2,50.52,0.0,2025-02-20,2025-03-19,True,True
CUST-103954,Sponsored Ads,US-South,0.434,2025-09-15,2,2,52.02,33.13,2025-11-16,2025-11-29,True,False
CUST-103955,Organic Search,US-Midwest,0.319,2025-10-11,1,1,25.32,0.0,2025-11-02,2025-11-02,False,False
CUST-103956,Referral,US-East,0.476,2025-09-03,1,1,25.8,0.0,2025-09-09,2025-09-09,False,True
CUST-103957,Referral,US-Midwest,0.522,2025-01-31,4,4,80.35,0.0,2025-02-01,2025-05-02,True,True
CUST-103958,Sponsored Ads,US-East,0.43,2025-09-09,1,1,11.97,0.0,2025-11-25,2025-11-25,False,False
CUST-103959,Sponsored Ads,US-East,0.136,2025-03-22,1,57,1742.36,0.0,2025-04-29,2025-04-29,False,True
CUST-103960,Sponsored Ads,US-South,0.384,2025-01-04,3,3,59.52,0.0,2025-01-05,2025-02-15,True,True
CUST-103961,Sponsored Ads,US-East,0.641,2025-10-04,1,1,19.38,0.0,2025-10-05,2025-10-05,False,False
CUST-103962,Organic Search,US-West,0.458,2025-03-22,1,1,20.14,0.0,2025-03-25,2025-03-25,False,True
CUST-103963,Sponsored Ads,US-Midwest,0.435,2025-07-17,1,1,33.29,0.0,2025-07-23,2025-07-23,False,True
CUST-103964,Sponsored Ads,US-East,0.314,2025-01-23,4,53,1490.78,1466.75,2025-01-23,2025-04-02,True,True
CUST-103965,Sponsored Ads,US-Midwest,0.378,2025-02-26,4,4,70.57,0.0,2025-04-10,2025-11-05,True,False
CUST-103966,Organic Search,US-East,0.782,2025-09-22,1,1,22.65,0.0,2025-10-30,2025-10-30,False,False
CUST-103967,Sponsored Ads,US-Midwest,0.272,2025-06-27,2,2,38.63,0.0,2025-07-31,2025-12-16,True,False
CUST-103968,Organic Search,US-South,0.644,2025-10-27,1,1,20.15,0.0,2025-11-06,2025-11-06,False,False
CUST-103969,Sponsored Ads,US-Midwest,0.509,2025-02-24,5,5,96.32,0.0,2025-02-25,2025-12-29,True,False
CUST-103970,Referral,US-Midwest,0.549,2025-09-25,1,1,21.37,0.0,2025-10-14,2025-10-14,False,False
CUST-103971,Sponsored Ads,US-West,0.354,2025-09-20,1,1,32.08,0.0,2025-09-25,2025-09-25,False,True
CUST-103972,Organic Search,US-Midwest,0.43,2025-10-05,1,1,20.3,0.0,2025-11-20,2025-11-20,False,False
CUST-103973,Sponsored Ads,US-Midwest,0.499,2025-01-15,3,3,69.5,0.0,2025-01-22,2025-07-17,True,True
CUST-103974,Sponsored Ads,US-South,0.396,2025-02-01,3,52,1041.08,0.0,2025-02-01,2025-08-22,True,True
CUST-103975,Sponsored Ads,US-Midwest,0.566,2025-06-08,2,2,36.52,0.0,2025-07-17,2025-11-28,True,False
CUST-103976,Sponsored Ads,US-Midwest,0.591,2025-02-04,5,5,125.86,0.0,2025-02-17,2025-12-08,True,False
CUST-103977,Sponsored Ads,US-South,0.935,2025-01-20,8,8,164.88,0.0,2025-01-24,2025-12-09,True,False
CUST-103978,Organic Search,US-East,0.556,2025-09-01,1,1,15.45,0.0,2025-09-25,2025-09-25,False,True
CUST-103979,Organic Search,US-Midwest,0.118,2025-07-28,1,1,24.7,0.0,2025-08-29,2025-08-29,False,True
CUST-103980,Sponsored Ads,US-West,0.733,2025-09-11,1,1,29.47,0.0,2025-09-27,2025-09-27,False,True
CUST-103981,Organic Search,US-South,0.459,2025-10-08,1,1,34.07,0.0,2025-10-10,2025-10-10,False,False
CUST-103982,Organic Search,US-Midwest,0.902,2025-02-12,5,5,111.74,0.0,2025-02-12,2025-08-14,True,True
CUST-103983,Sponsored Ads,US-Midwest,0.794,2025-09-07,2,2,24.09,0.0,2025-10-04,2025-10-13,True,False
CUST-103984,Sponsored Ads,US-East,0.399,2025-01-14,4,4,71.43,0.0,2025-01-15,2025-04-01,True,True
CUST-103985,Sponsored Ads,US-West,0.644,2025-04-22,4,4,102.15,0.0,2025-05-17,2025-12-25,True,False
CUST-103986,Sponsored Ads,US-East,0.381,2025-03-31,2,2,33.16,0.0,2025-04-22,2025-09-17,True,True
CUST-103987,Organic Search,US-Midwest,0.501,2025-03-13,3,3,45.39,0.0,2025-03-24,2025-04-21,True,True
CUST-103988,Referral,US-South,0.635,2025-08-04,2,2,27.44,0.0,2025-08-07,2025-10-17,True,False
CUST-103989,Referral,US-West,0.723,2025-02-06,3,3,54.87,0.0,2025-02-20,2025-12-27,True,False
CUST-103990,Referral,US-West,0.679,2025-08-31,2,2,32.08,0.0,2025-09-13,2025-10-07,True,False
CUST-103991,Organic Search,US-East,0.515,2025-09-20,1,1,31.33,0.0,2025-11-21,2025-11-21,False,False
CUST-103992,Sponsored Ads,US-East,0.95,2025-07-19,2,2,44.87,0.0,2025-07-26,2025-12-25,True,False
CUST-103993,Sponsored Ads,US-West,0.427,2025-01-25,9,9,186.02,0.0,2025-01-25,2025-12-28,True,False
CUST-103994,Sponsored Ads,US-East,0.179,2025-06-28,2,2,40.02,0.0,2025-07-14,2025-11-12,True,False
CUST-103995,Sponsored Ads,US-East,0.217,2025-07-08,1,1,11.77,0.0,2025-08-19,2025-08-19,False,True
CUST-103996,Sponsored Ads,US-West,0.795,2025-04-22,5,5,115.01,0.0,2025-05-02,2025-07-23,True,True
CUST-103997,Organic Search,US-West,0.485,2025-04-21,4,4,108.71,0.0,2025-05-12,2025-12-14,True,False
CUST-103998,Sponsored Ads,US-South,0.532,2025-05-21,3,3,80.15,0.0,2025-05-28,2025-12-16,True,False
CUST-103999,Sponsored Ads,US-Midwest,0.391,2025-10-26,2,2,42.99,0.0,2025-11-20,2025-12-04,True,False
CUST-104000,Organic Search,US-Midwest,0.409,2025-01-02,7,7,129.56,0.0,2025-01-05,2025-07-25,True,True
CUST-104001,Sponsored Ads,US-South,0.343,2025-06-02,2,2,44.89,0.0,2025-06-21,2025-07-30,True,True
CUST-104002,External Traffic,US-West,0.594,2025-04-06,2,2,42.71,30.22,2025-04-22,2025-07-08,True,True
CUST-104003,Sponsored Ads,US-Midwest,0.481,2025-06-14,1,1,19.31,0.0,2025-07-01,2025-07-01,False,True
CUST-104004,Organic Search,US-Midwest,0.587,2025-01-02,7,7,135.32,0.0,2025-01-02,2025-08-26,True,True
CUST-104005,Sponsored Ads,US-East,0.568,2025-10-03,1,1,31.63,0.0,2025-11-12,2025-11-12,False,False
CUST-104006,Organic Search,US-East,0.415,2025-05-18,1,1,19.25,0.0,2025-05-19,2025-05-19,False,True
CUST-104007,Sponsored Ads,US-West,0.208,2025-10-18,2,2,49.33,0.0,2025-11-29,2025-12-23,True,False
CUST-104008,Sponsored Ads,US-Midwest,0.191,2025-02-16,1,1,21.12,0.0,2025-02-25,2025-02-25,False,True
CUST-104009,Organic Search,US-Midwest,0.95,2025-06-25,4,4,86.32,0.0,2025-07-11,2025-11-25,True,False
CUST-104010,Sponsored Ads,US-West,0.796,2025-07-23,1,1,13.08,0.0,2025-08-14,2025-08-14,False,True
CUST-104011,Sponsored Ads,US-South,0.768,2025-08-27,1,1,12.02,0.0,2025-11-16,2025-11-16,False,False
CUST-104012,Referral,US-East,0.365,2025-01-03,5,5,110.81,0.0,2025-01-03,2025-12-29,True,False
CUST-104013,Sponsored Ads,US-South,0.502,2025-07-10,5,5,73.83,0.0,2025-07-17,2025-12-29,True,False
CUST-104014,Organic Search,US-West,0.337,2025-02-14,4,4,102.3,0.0,2025-02-18,2025-12-24,True,False
CUST-104015,Organic Search,US-Midwest,0.238,2025-05-09,1,1,12.1,0.0,2025-05-17,2025-05-17,False,True
CUST-104016,Sponsored Ads,US-East,0.382,2025-01-17,3,3,46.83,0.0,2025-01-20,2025-11-03,True,False
CUST-104017,Organic Search,US-Midwest,0.765,2025-01-18,8,8,184.94,0.0,2025-01-18,2025-04-01,True,True
CUST-104018,Sponsored Ads,US-West,0.668,2025-08-18,2,42,893.75,0.0,2025-08-29,2025-10-05,True,False
CUST-104019,Organic Search,US-South,0.306,2025-08-04,1,1,18.83,0.0,2025-09-16,2025-09-16,False,True
CUST-104020,Sponsored Ads,US-East,0.437,2025-09-26,1,1,28.55,0.0,2025-10-10,2025-10-10,False,False
CUST-104021,Sponsored Ads,US-Midwest,0.65,2025-07-30,1,1,21.59,0.0,2025-09-01,2025-09-01,False,True
CUST-104022,Sponsored Ads,US-South,0.386,2025-06-28,1,1,29.59,0.0,2025-07-09,2025-07-09,False,True
CUST-104023,Referral,US-South,0.516,2025-02-05,2,2,44.84,0.0,2025-02-22,2025-07-04,True,True
CUST-104024,External Traffic,US-West,0.58,2025-08-18,1,1,12.83,0.0,2025-09-27,2025-09-27,False,True
CUST-104025,Referral,US-South,0.578,2025-03-11,7,52,1269.1,19.48,2025-03-12,2025-11-19,True,False
CUST-104026,Organic Search,US-West,0.551,2025-02-01,3,3,60.46,0.0,2025-02-02,2025-12-03,True,False
CUST-104027,Organic Search,US-East,0.369,2025-08-08,3,3,66.87,0.0,2025-08-23,2025-12-22,True,False
CUST-104028,Organic Search,US-West,0.39,2025-06-26,4,4,90.11,19.03,2025-06-27,2025-12-15,True,False
CUST-104029,Referral,US-West,0.273,2025-02-14,2,2,48.36,0.0,2025-02-20,2025-03-19,True,True
CUST-104030,Organic Search,US-South,0.188,2025-06-14,1,1,25.49,0.0,2025-07-03,2025-07-03,False,True
CUST-104031,Sponsored Ads,US-West,0.477,2025-07-27,3,3,70.44,0.0,2025-08-15,2025-11-05,True,False
CUST-104032,Organic Search,US-South,0.663,2025-05-30,3,3,71.15,0.0,2025-06-08,2025-10-06,True,False
CUST-104033,Organic Search,US-Midwest,0.224,2025-08-04,1,1,34.19,34.19,2025-09-17,2025-09-17,False,True
CUST-104034,Sponsored Ads,US-West,0.555,2025-06-01,4,4,65.21,0.0,2025-06-06,2025-09-06,True,True
CUST-104035,Sponsored Ads,US-South,0.657,2025-04-17,2,2,44.27,0.0,2025-04-29,2025-07-30,True,True
CUST-104036,Sponsored Ads,US-East,0.133,2025-03-09,2,2,56.6,0.0,2025-03-09,2025-03-21,True,True
CUST-104037,External Traffic,US-East,0.446,2025-03-19,2,2,53.71,0.0,2025-03-25,2025-07-04,True,True
CUST-104038,Sponsored Ads,US-South,0.829,2025-08-31,1,1,19.74,0.0,2025-10-31,2025-10-31,False,False
CUST-104039,External Traffic,US-South,0.61,2025-04-22,3,3,67.59,51.86,2025-05-04,2025-10-27,True,False
CUST-104040,Organic Search,US-South,0.126,2025-08-03,2,2,25.35,0.0,2025-08-25,2025-12-29,True,False
CUST-104041,External Traffic,US-West,0.632,2025-04-18,2,2,50.53,0.0,2025-04-21,2025-07-11,True,True
CUST-104042,Sponsored Ads,US-South,0.35,2025-06-07,2,2,36.66,0.0,2025-06-30,2025-12-28,True,False
CUST-104043,Referral,US-East,0.638,2025-07-02,3,3,58.5,12.11,2025-07-07,2025-08-27,True,True
CUST-104044,Organic Search,US-East,0.362,2025-05-24,3,3,71.06,0.0,2025-05-24,2025-10-26,True,False
CUST-104045,Sponsored Ads,US-Midwest,0.489,2025-08-12,3,3,74.51,0.0,2025-09-15,2025-10-22,True,False
CUST-104046,Sponsored Ads,US-West,0.392,2025-10-05,2,2,53.09,0.0,2025-10-09,2025-12-23,True,False
CUST-104047,Sponsored Ads,US-East,0.501,2025-09-16,3,3,61.58,20.72,2025-10-01,2025-11-24,True,False
CUST-104048,Sponsored Ads,US-East,0.387,2025-10-04,1,1,11.67,0.0,2025-10-23,2025-10-23,False,False
CUST-104049,Organic Search,US-West,0.455,2025-01-09,6,6,105.44,0.0,2025-01-09,2025-12-15,True,False
CUST-104050,Referral,US-Midwest,0.265,2025-08-16,3,3,55.73,0.0,2025-09-03,2025-12-09,True,False
CUST-104051,Organic Search,US-East,0.598,2025-08-06,3,3,48.16,0.0,2025-08-08,2025-12-24,True,False
CUST-104052,Organic Search,US-South,0.535,2025-05-04,5,5,99.64,0.0,2025-05-04,2025-10-22,True,False
CUST-104053,Organic Search,US-East,0.177,2025-04-05,2,52,1476.54,0.0,2025-04-06,2025-12-01,True,False
CUST-104054,External Traffic,US-Midwest,0.699,2025-01-16,11,11,233.69,0.0,2025-01-26,2025-12-22,True,False
CUST-104055,External Traffic,US-South,0.465,2025-09-09,1,1,16.74,0.0,2025-11-05,2025-11-05,False,False
CUST-104056,Sponsored Ads,US-East,0.532,2025-09-10,3,20,277.89,24.84,2025-09-19,2025-12-03,True,False
CUST-104057,Referral,US-Midwest,0.653,2025-01-23,7,7,150.04,0.0,2025-01-23,2025-12-15,True,False
CUST-104058,Sponsored Ads,US-Midwest,0.566,2025-06-24,1,1,25.24,0.0,2025-07-12,2025-07-12,False,True
CUST-104059,External Traffic,US-South,0.733,2025-06-15,2,2,50.71,31.03,2025-07-19,2025-10-18,True,False
CUST-104060,Referral,US-West,0.441,2025-02-21,2,2,56.86,0.0,2025-02-25,2025-12-08,True,False
CUST-104061,Organic Search,US-South,0.707,2025-06-14,1,1,18.69,18.69,2025-06-21,2025-06-21,False,True
CUST-104062,Sponsored Ads,US-South,0.525,2025-09-01,1,1,22.25,0.0,2025-09-17,2025-09-17,False,True
CUST-104063,Organic Search,US-East,0.602,2025-04-08,1,1,14.76,0.0,2025-04-13,2025-04-13,False,True
CUST-104064,Sponsored Ads,US-West,0.581,2025-08-06,1,1,29.24,0.0,2025-10-23,2025-10-23,False,False
CUST-104065,External Traffic,US-South,0.748,2025-10-19,1,1,12.4,0.0,2025-10-25,2025-10-25,False,False
CUST-104066,Sponsored Ads,US-Midwest,0.644,2025-05-17,1,1,12.87,0.0,2025-05-28,2025-05-28,False,True
CUST-104067,Organic Search,US-East,0.411,2025-02-02,2,2,27.65,0.0,2025-02-02,2025-02-28,True,True
CUST-104068,Referral,US-East,0.372,2025-03-31,1,1,18.42,0.0,2025-04-20,2025-04-20,False,True
CUST-104069,Sponsored Ads,US-West,0.49,2025-02-10,2,2,48.21,25.8,2025-02-11,2025-07-02,True,True
CUST-104070,Sponsored Ads,US-South,0.348,2025-04-16,3,3,56.83,0.0,2025-04-17,2025-06-07,True,True
CUST-104071,Organic Search,US-Midwest,0.29,2025-07-13,1,1,18.55,0.0,2025-08-14,2025-08-14,False,True
CUST-104072,Organic Search,US-Midwest,0.074,2025-03-02,1,1,21.5,0.0,2025-03-02,2025-03-02,False,True
CUST-104073,Sponsored Ads,US-East,0.19,2025-06-04,3,3,97.13,0.0,2025-06-06,2025-12-28,True,False
CUST-104074,Sponsored Ads,US-West,0.897,2025-10-27,1,1,33.3,0.0,2025-11-04,2025-11-04,False,False
CUST-104075,Organic Search,US-East,0.369,2025-03-21,3,3,56.9,0.0,2025-03-23,2025-09-16,True,True
CUST-104076,Organic Search,US-Midwest,0.881,2025-09-21,1,1,22.12,0.0,2025-10-20,2025-10-20,False,False
CUST-104077,Organic Search,US-West,0.581,2025-04-02,4,4,57.62,0.0,2025-04-02,2025-11-13,True,False
CUST-104078,Sponsored Ads,US-West,0.49,2025-07-04,3,37,797.18,0.0,2025-07-11,2025-12-21,True,False
CUST-104079,Organic Search,US-Midwest,0.2,2025-02-17,2,2,41.78,0.0,2025-02-23,2025-03-14,True,True
CUST-104080,Sponsored Ads,US-South,0.501,2025-03-22,1,1,25.5,0.0,2025-03-23,2025-03-23,False,True
CUST-104081,Sponsored Ads,US-West,0.878,2025-09-18,2,2,58.71,0.0,2025-11-20,2025-12-26,True,False
CUST-104082,Organic Search,US-West,0.812,2025-06-26,1,1,19.77,0.0,2025-06-26,2025-06-26,False,True
CUST-104083,Sponsored Ads,US-East,0.555,2025-06-20,2,2,33.21,0.0,2025-08-12,2025-12-20,True,False
CUST-104084,Organic Search,US-South,0.27,2025-06-03,2,34,539.85,0.0,2025-07-30,2025-10-30,True,False
CUST-104085,Referral,US-Midwest,0.309,2025-03-15,2,2,45.19,0.0,2025-03-19,2025-12-29,True,False
CUST-104086,Organic Search,US-Midwest,0.329,2025-10-06,1,1,33.83,0.0,2025-11-04,2025-11-04,False,False
CUST-104087,Organic Search,US-East,0.756,2025-04-29,6,6,153.26,0.0,2025-05-03,2025-10-20,True,False
CUST-104088,Sponsored Ads,US-East,0.826,2025-01-04,12,12,282.34,24.55,2025-01-05,2025-09-05,True,True
CUST-104089,Sponsored Ads,US-Midwest,0.539,2025-09-30,1,1,19.87,0.0,2025-11-12,2025-11-12,False,False
CUST-104090,Sponsored Ads,US-Midwest,0.439,2025-01-14,5,23,482.38,365.52,2025-01-14,2025-05-16,True,True
CUST-104091,External Traffic,US-West,0.81,2025-09-24,1,1,29.93,0.0,2025-11-07,2025-11-07,False,False
CUST-104092,External Traffic,US-South,0.304,2025-03-21,2,2,31.89,12.46,2025-03-21,2025-12-06,True,False
CUST-104093,Sponsored Ads,US-South,0.51,2025-01-21,7,7,137.6,0.0,2025-01-23,2025-12-29,True,False
CUST-104094,Sponsored Ads,US-West,0.593,2025-03-08,6,6,131.64,0.0,2025-03-17,2025-11-19,True,False
CUST-104095,Sponsored Ads,US-Midwest,0.327,2025-07-16,1,1,34.24,0.0,2025-07-23,2025-07-23,False,True
CUST-104096,Organic Search,US-East,0.373,2025-06-13,2,2,43.12,0.0,2025-07-16,2025-12-25,True,False
CUST-104097,Organic Search,US-South,0.357,2025-02-15,3,3,74.56,0.0,2025-03-07,2025-12-29,True,False
CUST-104098,Organic Search,US-East,0.783,2025-04-01,4,4,72.74,0.0,2025-04-02,2025-11-29,True,False
CUST-104099,Referral,US-South,0.883,2025-03-05,5,5,127.39,0.0,2025-03-11,2025-09-23,True,True
CUST-104100,Sponsored Ads,US-Midwest,0.523,2025-07-15,2,2,43.32,0.0,2025-08-15,2025-08-27,True,True
CUST-104101,Organic Search,US-East,0.446,2025-09-17,2,2,43.67,0.0,2025-10-17,2025-12-17,True,False
CUST-104102,Organic Search,US-East,0.38,2025-03-18,4,4,92.38,0.0,2025-03-23,2025-07-13,True,True
CUST-104103,Sponsored Ads,US-Midwest,0.5,2025-09-26,2,40,778.64,0.0,2025-09-26,2025-09-30,True,True
CUST-104104,Referral,US-Midwest,0.39,2025-05-03,3,3,50.49,0.0,2025-05-11,2025-12-02,True,False
CUST-104105,Sponsored Ads,US-Midwest,0.481,2025-01-25,5,5,98.26,0.0,2025-01-26,2025-12-24,True,False
CUST-104106,Organic Search,US-Midwest,0.583,2025-04-07,6,6,134.15,0.0,2025-04-09,2025-12-09,True,False
CUST-104107,Organic Search,US-South,0.419,2025-09-20,1,1,30.58,0.0,2025-11-26,2025-11-26,False,False
CUST-104108,Referral,US-Midwest,0.462,2025-08-31,1,1,33.18,0.0,2025-09-28,2025-09-28,False,True
CUST-104109,Organic Search,US-Midwest,0.463,2025-08-07,2,2,65.51,0.0,2025-10-04,2025-12-17,True,False
CUST-104110,Sponsored Ads,US-West,0.436,2025-04-30,3,3,64.6,0.0,2025-05-08,2025-08-20,True,True
CUST-104111,External Traffic,US-South,0.412,2025-08-21,1,1,33.12,0.0,2025-10-19,2025-10-19,False,False
CUST-104112,External Traffic,US-West,0.652,2025-08-02,2,2,56.45,0.0,2025-11-19,2025-12-17,True,False
CUST-104113,Organic Search,US-South,0.146,2025-08-26,1,1,20.56,0.0,2025-08-28,2025-08-28,False,True
CUST-104114,External Traffic,US-East,0.815,2025-06-17,2,2,45.83,0.0,2025-07-14,2025-09-26,True,True
CUST-104115,Sponsored Ads,US-East,0.527,2025-06-02,2,2,39.43,0.0,2025-10-02,2025-10-29,True,False
CUST-104116,Organic Search,US-Midwest,0.622,2025-10-18,1,1,19.26,0.0,2025-11-27,2025-11-27,False,False
CUST-104117,External Traffic,US-South,0.645,2025-10-12,2,2,31.87,0.0,2025-11-16,2025-12-20,True,False
CUST-104118,Sponsored Ads,US-South,0.358,2025-06-10,1,1,32.0,0.0,2025-06-13,2025-06-13,False,True
CUST-104119,Organic Search,US-Midwest,0.317,2025-03-02,3,3,59.79,0.0,2025-03-04,2025-05-14,True,True
CUST-104120,Referral,US-West,0.294,2025-05-03,1,1,13.32,0.0,2025-05-05,2025-05-05,False,True
CUST-104121,External Traffic,US-South,0.451,2025-06-01,2,2,41.03,0.0,2025-06-25,2025-12-01,True,False
CUST-104122,External Traffic,US-West,0.64,2025-07-23,1,1,18.88,0.0,2025-10-28,2025-10-28,False,False
CUST-104123,Sponsored Ads,US-West,0.383,2025-04-06,2,2,49.91,0.0,2025-04-14,2025-12-31,True,False
CUST-104124,Referral,US-West,0.622,2025-01-14,8,8,187.34,12.1,2025-01-15,2025-04-24,True,True
CUST-104125,Sponsored Ads,US-South,0.026,2025-09-04,1,1,12.65,0.0,2025-10-05,2025-10-05,False,False
CUST-104126,Organic Search,US-South,0.423,2025-10-12,1,1,34.36,0.0,2025-11-15,2025-11-15,False,False
CUST-104127,Organic Search,US-Midwest,0.733,2025-01-25,8,8,171.3,0.0,2025-01-26,2025-10-21,True,False
CUST-104128,External Traffic,US-East,0.466,2025-04-06,1,1,29.95,0.0,2025-04-24,2025-04-24,False,True
CUST-104129,Referral,US-Midwest,0.334,2025-05-11,2,2,46.5,0.0,2025-06-01,2025-08-19,True,True
CUST-104130,Organic Search,US-East,0.369,2025-08-17,2,2,27.68,0.0,2025-08-17,2025-11-19,True,False
CUST-104131,Organic Search,US-West,0.02,2025-08-21,1,1,14.39,0.0,2025-08-22,2025-08-22,False,True
CUST-104132,Organic Search,US-West,0.298,2025-04-13,4,4,91.44,0.0,2025-04-16,2025-07-25,True,True
CUST-104133,Organic Search,US-West,0.711,2025-04-04,3,3,82.09,0.0,2025-04-20,2025-06-23,True,True
CUST-104134,Organic Search,US-East,0.383,2025-05-02,1,1,34.55,0.0,2025-05-12,2025-05-12,False,True
CUST-104135,Sponsored Ads,US-East,0.407,2025-03-14,1,1,21.66,0.0,2025-03-24,2025-03-24,False,True
CUST-104136,Organic Search,US-Midwest,0.034,2025-05-11,1,1,13.06,0.0,2025-05-22,2025-05-22,False,True
CUST-104137,External Traffic,US-West,0.174,2025-03-20,3,3,65.07,31.91,2025-03-31,2025-12-23,True,False
CUST-104138,Organic Search,US-East,0.738,2025-01-19,8,8,172.65,21.94,2025-01-26,2025-12-02,True,False
CUST-104139,External Traffic,US-Midwest,0.623,2025-08-03,1,1,21.13,0.0,2025-11-07,2025-11-07,False,False
CUST-104140,Sponsored Ads,US-West,0.241,2025-08-25,1,1,12.72,0.0,2025-11-13,2025-11-13,False,False
CUST-104141,Organic Search,US-East,0.374,2025-03-28,1,1,12.12,0.0,2025-04-08,2025-04-08,False,True
CUST-104142,Sponsored Ads,US-West,0.494,2025-05-01,2,2,47.77,0.0,2025-05-07,2025-09-13,True,True
CUST-104143,Sponsored Ads,US-South,0.261,2025-05-01,1,1,22.02,0.0,2025-05-03,2025-05-03,False,True
CUST-104144,Organic Search,US-Midwest,0.099,2025-01-07,1,1,19.18,0.0,2025-01-07,2025-01-07,False,True
CUST-104145,Sponsored Ads,US-West,0.468,2025-06-13,3,3,61.08,0.0,2025-06-26,2025-11-24,True,False
CUST-104146,Sponsored Ads,US-East,0.615,2025-05-18,1,1,12.19,0.0,2025-05-31,2025-05-31,False,True
CUST-104147,Organic Search,US-East,0.618,2025-10-10,1,1,21.73,0.0,2025-10-29,2025-10-29,False,False
CUST-104148,Organic Search,US-Midwest,0.675,2025-04-22,4,4,77.5,0.0,2025-05-02,2025-10-07,True,False
CUST-104149,Organic Search,US-Midwest,0.189,2025-08-27,1,1,23.69,0.0,2025-09-25,2025-09-25,False,True
CUST-104150,Sponsored Ads,US-West,0.512,2025-04-28,1,1,32.44,0.0,2025-04-30,2025-04-30,False,True
CUST-104151,Organic Search,US-East,0.446,2025-02-25,1,1,18.95,18.95,2025-03-02,2025-03-02,False,True
CUST-104152,Organic Search,US-Midwest,0.483,2025-04-15,3,3,76.81,35.26,2025-05-06,2025-11-24,True,False
CUST-104153,Organic Search,US-West,0.458,2025-09-22,1,1,32.38,0.0,2025-09-25,2025-09-25,False,True
CUST-104154,Organic Search,US-Midwest,0.368,2025-03-18,2,2,27.03,0.0,2025-04-18,2025-08-15,True,True
CUST-104155,Sponsored Ads,US-West,0.02,2025-09-11,1,1,12.9,0.0,2025-10-17,2025-10-17,False,False
CUST-104156,Referral,US-South,0.732,2025-07-19,3,3,49.21,0.0,2025-07-23,2025-11-23,True,False
CUST-104157,Sponsored Ads,US-Midwest,0.566,2025-08-12,3,3,64.04,0.0,2025-08-17,2025-12-21,True,False
CUST-104158,Organic Search,US-South,0.203,2025-08-14,1,1,31.68,0.0,2025-11-03,2025-11-03,False,False
CUST-104159,Sponsored Ads,US-Midwest,0.595,2025-06-05,4,4,92.46,0.0,2025-06-27,2025-12-05,True,False
CUST-104160,Organic Search,US-South,0.411,2025-06-30,5,5,95.69,0.0,2025-07-02,2025-12-25,True,False
CUST-104161,Sponsored Ads,US-West,0.416,2025-01-21,5,5,100.59,0.0,2025-01-21,2025-10-30,True,False
CUST-104162,External Traffic,US-South,0.346,2025-07-29,1,1,32.8,0.0,2025-09-16,2025-09-16,False,True
CUST-104163,Sponsored Ads,US-South,0.607,2025-08-02,1,1,13.67,0.0,2025-08-09,2025-08-09,False,True
CUST-104164,Organic Search,US-East,0.34,2025-02-01,6,6,138.43,0.0,2025-02-06,2025-12-25,True,False
CUST-104165,Sponsored Ads,US-West,0.281,2025-06-05,1,1,16.38,0.0,2025-06-05,2025-06-05,False,True
CUST-104166,Sponsored Ads,US-South,0.726,2025-06-02,1,1,19.51,0.0,2025-07-07,2025-07-07,False,True
CUST-104167,Organic Search,US-South,0.464,2025-04-03,1,1,18.84,0.0,2025-04-16,2025-04-16,False,True
CUST-104168,Organic Search,US-Midwest,0.471,2025-01-20,3,3,69.1,0.0,2025-01-20,2025-02-24,True,True
CUST-104169,Organic Search,US-West,0.638,2025-01-03,8,58,823.07,12.95,2025-01-06,2025-05-05,True,True
CUST-104170,Referral,US-South,0.366,2025-03-04,1,1,12.87,0.0,2025-03-17,2025-03-17,False,True
CUST-104171,Organic Search,US-Midwest,0.406,2025-03-11,3,3,56.71,0.0,2025-03-17,2025-09-28,True,True
CUST-104172,Referral,US-Midwest,0.561,2025-03-05,4,4,85.41,0.0,2025-03-07,2025-10-24,True,False
CUST-104173,Sponsored Ads,US-Midwest,0.192,2025-07-01,1,1,12.44,0.0,2025-07-07,2025-07-07,False,True
CUST-104174,External Traffic,US-West,0.544,2025-05-07,1,1,30.25,0.0,2025-05-19,2025-05-19,False,True
CUST-104175,Organic Search,US-West,0.349,2025-02-03,3,3,60.69,0.0,2025-02-04,2025-07-08,True,True
CUST-104176,Organic Search,US-South,0.671,2025-01-26,6,31,857.36,15.87,2025-01-31,2025-11-08,True,False
CUST-104177,Referral,US-East,0.609,2025-07-16,1,1,11.62,0.0,2025-08-01,2025-08-01,False,True
CUST-104178,Organic Search,US-West,0.583,2025-10-08,1,1,35.3,0.0,2025-11-10,2025-11-10,False,False
CUST-104179,External Traffic,US-West,0.179,2025-09-03,2,2,24.41,0.0,2025-10-09,2025-12-23,True,False
CUST-104180,Organic Search,US-West,0.479,2025-08-16,1,1,23.42,23.42,2025-11-22,2025-11-22,False,False
CUST-104181,Sponsored Ads,US-East,0.265,2025-04-06,3,3,66.95,0.0,2025-04-26,2025-07-11,True,True
CUST-104182,Organic Search,US-South,0.493,2025-07-31,3,3,70.86,24.3,2025-09-06,2025-12-15,True,False
CUST-104183,Organic Search,US-West,0.037,2025-01-25,3,3,58.2,0.0,2025-01-28,2025-02-28,True,True
CUST-104184,Referral,US-West,0.192,2025-02-21,3,3,81.91,0.0,2025-03-11,2025-07-14,True,True
CUST-104185,External Traffic,US-East,0.738,2025-02-11,4,4,57.1,0.0,2025-02-16,2025-10-20,True,False
CUST-104186,Sponsored Ads,US-Midwest,0.574,2025-02-25,3,3,74.7,0.0,2025-02-26,2025-06-15,True,True
CUST-104187,Sponsored Ads,US-Midwest,0.429,2025-04-18,4,4,61.4,0.0,2025-04-22,2025-09-26,True,True
CUST-104188,Sponsored Ads,US-East,0.318,2025-01-14,5,5,106.22,0.0,2025-01-22,2025-12-08,True,False
CUST-104189,Organic Search,US-West,0.283,2025-09-02,2,2,35.91,22.38,2025-09-09,2025-12-16,True,False
CUST-104190,Sponsored Ads,US-West,0.54,2025-08-03,1,1,31.4,0.0,2025-08-04,2025-08-04,False,True
CUST-104191,Organic Search,US-Midwest,0.431,2025-07-10,1,1,11.47,0.0,2025-07-13,2025-07-13,False,True
CUST-104192,Organic Search,US-East,0.809,2025-02-22,8,8,166.03,0.0,2025-02-24,2025-12-13,True,False
CUST-104193,External Traffic,US-West,0.463,2025-09-18,1,1,12.48,0.0,2025-11-06,2025-11-06,False,False
CUST-104194,Sponsored Ads,US-Midwest,0.512,2025-01-02,3,3,74.56,0.0,2025-01-03,2025-01-14,True,True
CUST-104195,Organic Search,US-South,0.222,2025-10-26,2,2,42.23,0.0,2025-11-12,2025-12-27,True,False
CUST-104196,Sponsored Ads,US-East,0.428,2025-08-07,1,1,14.56,0.0,2025-10-02,2025-10-02,False,False
CUST-104197,External Traffic,US-East,0.535,2025-03-02,6,6,96.61,0.0,2025-03-31,2025-12-07,True,False
CUST-104198,Sponsored Ads,US-West,0.425,2025-03-01,5,5,98.72,0.0,2025-03-09,2025-11-24,True,False
CUST-104199,Sponsored Ads,US-Midwest,0.403,2025-07-28,1,47,1033.79,0.0,2025-08-08,2025-08-08,False,True
CUST-104200,Sponsored Ads,US-Midwest,0.565,2025-08-31,1,1,11.75,0.0,2025-11-12,2025-11-12,False,False
CUST-104201,External Traffic,US-West,0.803,2025-05-20,5,5,101.96,0.0,2025-05-22,2025-09-26,True,True
CUST-104202,Sponsored Ads,US-South,0.529,2025-01-19,5,5,103.33,0.0,2025-01-24,2025-07-21,True,True
CUST-104203,Organic Search,US-West,0.729,2025-05-29,4,4,81.48,0.0,2025-06-03,2025-12-10,True,False
CUST-104204,Organic Search,US-East,0.624,2025-05-24,4,22,483.18,0.0,2025-05-25,2025-12-22,True,False
CUST-104205,External Traffic,US-South,0.717,2025-04-08,4,4,94.82,0.0,2025-05-06,2025-09-16,True,True
CUST-104206,Sponsored Ads,US-West,0.378,2025-09-28,1,1,12.35,0.0,2025-11-02,2025-11-02,False,False
CUST-104207,Sponsored Ads,US-South,0.459,2025-04-13,1,1,16.06,0.0,2025-04-15,2025-04-15,False,True
CUST-104208,Organic Search,US-West,0.459,2025-03-15,2,2,34.65,0.0,2025-03-20,2025-04-05,True,True
CUST-104209,Sponsored Ads,US-South,0.609,2025-07-22,1,1,16.3,0.0,2025-08-27,2025-08-27,False,True
CUST-104210,Organic Search,US-East,0.658,2025-07-05,3,3,60.97,0.0,2025-08-10,2025-12-27,True,False
CUST-104211,Sponsored Ads,US-West,0.525,2025-07-06,1,1,16.02,0.0,2025-07-08,2025-07-08,False,True
CUST-104212,Organic Search,US-Midwest,0.675,2025-06-01,3,3,59.62,20.12,2025-06-13,2025-11-23,True,False
CUST-104213,Sponsored Ads,US-East,0.387,2025-04-06,2,2,43.95,0.0,2025-05-24,2025-10-13,True,False
CUST-104214,Organic Search,US-Midwest,0.677,2025-03-19,4,4,97.99,0.0,2025-04-08,2025-12-08,True,False
CUST-104215,Sponsored Ads,US-Midwest,0.703,2025-02-05,5,5,94.16,0.0,2025-02-13,2025-08-21,True,True
CUST-104216,Organic Search,US-West,0.635,2025-02-25,2,2,33.84,0.0,2025-02-25,2025-05-21,True,True
CUST-104217,Sponsored Ads,US-South,0.527,2025-06-23,2,2,47.45,0.0,2025-06-28,2025-12-27,True,False
CUST-104218,Referral,US-East,0.643,2025-05-02,5,5,116.45,0.0,2025-05-06,2025-07-11,True,True
CUST-104219,Organic Search,US-South,0.321,2025-08-10,2,2,29.25,0.0,2025-08-26,2025-12-06,True,False
CUST-104220,Sponsored Ads,US-South,0.54,2025-08-30,2,2,59.43,0.0,2025-10-11,2025-12-04,True,False
CUST-104221,Sponsored Ads,US-East,0.56,2025-06-17,2,2,56.44,0.0,2025-06-23,2025-07-01,True,True
CUST-104222,Sponsored Ads,US-South,0.234,2025-02-01,1,1,32.75,0.0,2025-02-01,2025-02-01,False,True
CUST-104223,Sponsored Ads,US-East,0.595,2025-01-02,10,10,232.94,31.67,2025-01-03,2025-09-13,True,True
CUST-104224,Sponsored Ads,US-Midwest,0.25,2025-03-10,2,2,50.23,0.0,2025-03-18,2025-05-28,True,True
CUST-104225,External Traffic,US-Midwest,0.414,2025-03-26,1,1,22.29,0.0,2025-04-15,2025-04-15,False,True
CUST-104226,Organic Search,US-West,0.508,2025-01-23,2,2,43.11,0.0,2025-01-26,2025-01-30,True,True
CUST-104227,Sponsored Ads,US-South,0.354,2025-08-22,1,1,21.42,0.0,2025-09-19,2025-09-19,False,True
CUST-104228,Organic Search,US-Midwest,0.517,2025-04-21,3,3,63.4,0.0,2025-04-23,2025-12-20,True,False
CUST-104229,Sponsored Ads,US-West,0.513,2025-08-11,1,1,19.73,0.0,2025-08-19,2025-08-19,False,True
CUST-104230,Referral,US-South,0.336,2025-03-04,2,2,52.17,0.0,2025-03-09,2025-05-29,True,True
CUST-104231,Sponsored Ads,US-Midwest,0.614,2025-01-04,6,6,157.46,0.0,2025-01-07,2025-04-19,True,True
CUST-104232,Organic Search,US-West,0.347,2025-02-11,3,3,60.12,20.92,2025-02-17,2025-12-06,True,False
CUST-104233,External Traffic,US-South,0.95,2025-05-22,4,4,97.37,12.61,2025-06-04,2025-11-27,True,False
CUST-104234,Sponsored Ads,US-Midwest,0.478,2025-05-24,4,4,75.56,0.0,2025-05-28,2025-11-22,True,False
CUST-104235,Sponsored Ads,US-East,0.266,2025-05-12,2,2,35.64,0.0,2025-06-10,2025-07-28,True,True
CUST-104236,Sponsored Ads,US-West,0.303,2025-10-15,1,28,351.74,0.0,2025-11-23,2025-11-23,False,False
CUST-104237,External Traffic,US-East,0.73,2025-07-15,1,1,20.16,0.0,2025-07-31,2025-07-31,False,True
CUST-104238,Organic Search,US-East,0.418,2025-08-08,1,1,12.46,0.0,2025-08-27,2025-08-27,False,True
CUST-104239,Organic Search,US-South,0.227,2025-02-07,4,28,488.07,0.0,2025-02-13,2025-12-31,True,False
CUST-104240,External Traffic,US-East,0.671,2025-05-20,2,2,47.32,0.0,2025-05-21,2025-08-11,True,True
CUST-104241,External Traffic,US-East,0.417,2025-07-06,2,2,51.93,0.0,2025-07-15,2025-07-26,True,True
CUST-104242,Organic Search,US-Midwest,0.631,2025-06-25,2,2,44.1,0.0,2025-06-25,2025-09-08,True,True
CUST-104243,Organic Search,US-South,0.687,2025-10-12,1,1,28.03,0.0,2025-11-25,2025-11-25,False,False
CUST-104244,Organic Search,US-Midwest,0.555,2025-05-23,2,2,44.13,0.0,2025-07-06,2025-07-24,True,True
CUST-104245,Sponsored Ads,US-South,0.95,2025-04-22,5,27,617.45,535.95,2025-04-24,2025-09-22,True,True
CUST-104246,External Traffic,US-Midwest,0.155,2025-10-11,1,1,12.61,0.0,2025-11-29,2025-11-29,False,False
CUST-104247,Sponsored Ads,US-West,0.336,2025-04-12,2,2,46.95,0.0,2025-04-20,2025-10-19,True,False
CUST-104248,Sponsored Ads,US-Midwest,0.449,2025-06-21,3,3,71.72,0.0,2025-07-19,2025-12-06,True,False
CUST-104249,External Traffic,US-Midwest,0.95,2025-01-09,8,8,181.81,0.0,2025-01-09,2025-10-14,True,False
CUST-104250,Sponsored Ads,US-West,0.86,2025-02-19,6,6,109.35,0.0,2025-03-01,2025-12-26,True,False
CUST-104251,Sponsored Ads,US-East,0.758,2025-01-18,13,13,324.91,45.11,2025-01-19,2025-12-18,True,False
CUST-104252,Sponsored Ads,US-East,0.341,2025-05-06,1,1,23.46,0.0,2025-05-06,2025-05-06,False,True
CUST-104253,Organic Search,US-East,0.364,2025-10-07,1,1,19.69,19.69,2025-10-30,2025-10-30,False,False
CUST-104254,External Traffic,US-Midwest,0.334,2025-01-22,3,3,60.9,0.0,2025-01-27,2025-07-02,True,True
CUST-104255,Sponsored Ads,US-South,0.343,2025-10-20,2,2,43.61,0.0,2025-10-23,2025-12-01,True,False
CUST-104256,Sponsored Ads,US-West,0.799,2025-09-18,2,2,24.6,0.0,2025-09-24,2025-12-06,True,False
CUST-104257,Organic Search,US-South,0.451,2025-01-02,9,9,224.07,0.0,2025-01-02,2025-03-09,True,True
CUST-104258,Referral,US-Midwest,0.478,2025-01-05,5,5,121.73,0.0,2025-01-05,2025-09-17,True,True
CUST-104259,Sponsored Ads,US-East,0.655,2025-09-28,2,2,36.22,0.0,2025-10-24,2025-11-12,True,False
CUST-104260,Referral,US-Midwest,0.167,2025-06-25,1,1,16.42,0.0,2025-07-21,2025-07-21,False,True
CUST-104261,External Traffic,US-South,0.511,2025-02-22,3,3,45.99,0.0,2025-02-23,2025-12-23,True,False
CUST-104262,Sponsored Ads,US-Midwest,0.281,2025-10-14,2,2,44.28,0.0,2025-11-22,2025-12-19,True,False
CUST-104263,External Traffic,US-Midwest,0.441,2025-06-18,2,2,25.76,0.0,2025-07-10,2025-12-05,True,False
CUST-104264,Organic Search,US-West,0.383,2025-07-10,2,2,47.65,0.0,2025-07-18,2025-08-03,True,True
CUST-104265,Organic Search,US-Midwest,0.372,2025-07-23,2,2,34.39,19.72,2025-08-04,2025-08-14,True,True
CUST-104266,Organic Search,US-West,0.545,2025-03-02,4,4,77.27,21.98,2025-03-04,2025-09-08,True,True
CUST-104267,External Traffic,US-Midwest,0.544,2025-04-18,7,50,769.07,18.75,2025-04-25,2025-10-25,True,False
CUST-104268,External Traffic,US-Midwest,0.456,2025-02-08,2,2,50.46,0.0,2025-02-08,2025-02-22,True,True
CUST-104269,External Traffic,US-East,0.574,2025-06-08,1,1,19.04,0.0,2025-07-04,2025-07-04,False,True
CUST-104270,Referral,US-West,0.326,2025-10-24,1,1,19.07,0.0,2025-10-31,2025-10-31,False,False
CUST-104271,Organic Search,US-East,0.636,2025-07-08,2,2,42.83,0.0,2025-09-16,2025-11-18,True,False
CUST-104272,External Traffic,US-East,0.459,2025-07-27,2,2,41.39,0.0,2025-08-29,2025-12-11,True,False
CUST-104273,External Traffic,US-South,0.403,2025-02-28,2,2,44.08,0.0,2025-03-05,2025-08-31,True,True
CUST-104274,Sponsored Ads,US-West,0.341,2025-06-12,3,3,83.38,0.0,2025-07-02,2025-11-20,True,False
CUST-104275,Sponsored Ads,US-West,0.452,2025-10-26,1,1,28.87,0.0,2025-11-14,2025-11-14,False,False
CUST-104276,Organic Search,US-East,0.874,2025-01-27,5,5,112.29,0.0,2025-02-06,2025-07-05,True,True
CUST-104277,External Traffic,US-Midwest,0.487,2025-03-03,3,3,83.8,0.0,2025-03-09,2025-12-17,True,False
CUST-104278,Sponsored Ads,US-East,0.271,2025-08-04,3,3,50.06,0.0,2025-08-10,2025-11-02,True,False
CUST-104279,Organic Search,US-East,0.684,2025-01-04,10,35,697.13,527.28,2025-01-05,2025-09-05,True,True
CUST-104280,Sponsored Ads,US-West,0.406,2025-03-03,2,2,32.49,0.0,2025-03-09,2025-04-29,True,True
CUST-104281,Sponsored Ads,US-East,0.557,2025-10-11,1,1,12.91,0.0,2025-10-14,2025-10-14,False,False
CUST-104282,Organic Search,US-East,0.379,2025-01-06,5,5,99.33,0.0,2025-01-07,2025-10-26,True,False
CUST-104283,Sponsored Ads,US-East,0.756,2025-05-09,2,2,60.26,0.0,2025-05-19,2025-07-01,True,True
CUST-104284,External Traffic,US-East,0.382,2025-04-09,3,3,69.58,20.77,2025-04-19,2025-12-24,True,False
CUST-104285,Sponsored Ads,US-East,0.78,2025-04-30,1,1,29.73,0.0,2025-05-11,2025-05-11,False,True
CUST-104286,Referral,US-South,0.29,2025-03-19,1,1,20.02,0.0,2025-03-19,2025-03-19,False,True
CUST-104287,Sponsored Ads,US-East,0.441,2025-03-24,2,2,52.68,0.0,2025-03-27,2025-09-01,True,True
CUST-104288,Referral,US-Midwest,0.78,2025-08-17,1,1,12.92,0.0,2025-09-06,2025-09-06,False,True
CUST-104289,Organic Search,US-South,0.534,2025-01-08,11,11,233.26,0.0,2025-01-08,2025-12-06,True,False
CUST-104290,Sponsored Ads,US-South,0.95,2025-02-08,8,8,175.29,0.0,2025-03-07,2025-12-04,True,False
CUST-104291,Sponsored Ads,US-South,0.446,2025-03-21,5,5,98.67,33.0,2025-03-27,2025-12-22,True,False
CUST-104292,Sponsored Ads,US-Midwest,0.551,2025-09-05,3,3,77.51,0.0,2025-09-08,2025-12-03,True,False
CUST-104293,Organic Search,US-East,0.881,2025-04-28,1,1,14.73,0.0,2025-05-14,2025-05-14,False,True
CUST-104294,External Traffic,US-Midwest,0.197,2025-01-11,1,1,31.97,0.0,2025-01-11,2025-01-11,False,True
CUST-104295,Organic Search,US-West,0.172,2025-06-06,1,1,19.38,0.0,2025-06-20,2025-06-20,False,True
CUST-104296,Organic Search,US-West,0.341,2025-07-08,1,1,18.7,0.0,2025-07-18,2025-07-18,False,True
CUST-104297,Organic Search,US-Midwest,0.663,2025-05-18,2,2,41.58,0.0,2025-05-29,2025-07-09,True,True
CUST-104298,Organic Search,US-Midwest,0.178,2025-01-27,2,2,31.4,12.37,2025-01-30,2025-03-13,True,True
CUST-104299,Organic Search,US-West,0.619,2025-09-21,1,1,33.88,0.0,2025-09-30,2025-09-30,False,True
CUST-104300,Organic Search,US-South,0.605,2025-09-15,1,1,20.28,0.0,2025-09-24,2025-09-24,False,True
CUST-104301,Organic Search,US-South,0.903,2025-10-01,2,2,46.87,0.0,2025-10-22,2025-12-05,True,False
CUST-104302,Referral,US-West,0.709,2025-10-17,2,2,47.65,0.0,2025-10-17,2025-11-21,True,False
CUST-104303,Sponsored Ads,US-South,0.573,2025-04-06,6,6,132.9,0.0,2025-04-10,2025-10-17,True,False
CUST-104304,Sponsored Ads,US-South,0.772,2025-05-07,2,2,41.01,0.0,2025-05-17,2025-10-12,True,False
CUST-104305,Sponsored Ads,US-South,0.608,2025-10-15,3,3,74.99,0.0,2025-11-17,2025-12-31,True,False
CUST-104306,Organic Search,US-South,0.408,2025-05-15,2,2,30.89,0.0,2025-05-21,2025-10-11,True,False
CUST-104307,Sponsored Ads,US-Midwest,0.271,2025-09-17,1,1,18.89,18.89,2025-10-24,2025-10-24,False,False
CUST-104308,Referral,US-West,0.386,2025-07-14,2,2,41.11,0.0,2025-07-31,2025-12-04,True,False
CUST-104309,Organic Search,US-South,0.492,2025-10-06,2,2,55.27,0.0,2025-10-06,2025-12-01,True,False
CUST-104310,Organic Search,US-East,0.535,2025-01-04,11,11,185.07,0.0,2025-01-05,2025-12-19,True,False
CUST-104311,External Traffic,US-Midwest,0.073,2025-07-31,1,1,28.67,0.0,2025-10-01,2025-10-01,False,True
CUST-104312,Sponsored Ads,US-East,0.456,2025-08-29,2,2,43.6,0.0,2025-09-20,2025-10-13,True,False
CUST-104313,External Traffic,US-Midwest,0.506,2025-03-01,5,5,93.64,0.0,2025-03-06,2025-12-13,True,False
CUST-104314,Sponsored Ads,US-South,0.61,2025-08-09,1,1,12.4,0.0,2025-08-09,2025-08-09,False,True
CUST-104315,Organic Search,US-West,0.825,2025-02-28,1,1,15.2,0.0,2025-03-03,2025-03-03,False,True
CUST-104316,Referral,US-Midwest,0.537,2025-09-29,1,1,30.52,0.0,2025-10-06,2025-10-06,False,False
CUST-104317,External Traffic,US-West,0.318,2025-09-30,2,38,833.79,821.18,2025-11-22,2025-12-30,True,False
CUST-104318,External Traffic,US-East,0.136,2025-01-02,3,3,67.21,0.0,2025-01-04,2025-02-15,True,True
CUST-104319,Sponsored Ads,US-East,0.637,2025-06-02,3,3,70.11,0.0,2025-06-04,2025-10-09,True,False
CUST-104320,External Traffic,US-South,0.326,2025-04-25,3,3,59.8,0.0,2025-04-28,2025-10-04,True,False
CUST-104321,Organic Search,US-East,0.673,2025-09-25,2,2,44.03,0.0,2025-10-09,2025-10-31,True,False
CUST-104322,Organic Search,US-South,0.779,2025-04-07,7,7,166.06,0.0,2025-04-11,2025-12-06,True,False
CUST-104323,Sponsored Ads,US-South,0.191,2025-08-05,2,2,42.0,0.0,2025-08-30,2025-09-02,True,True
CUST-104324,Sponsored Ads,US-West,0.611,2025-02-05,7,7,156.97,0.0,2025-02-07,2025-11-04,True,False
CUST-104325,Organic Search,US-West,0.759,2025-03-05,6,6,105.33,18.34,2025-03-11,2025-08-18,True,True
CUST-104326,Sponsored Ads,US-East,0.704,2025-10-23,1,1,12.54,0.0,2025-11-28,2025-11-28,False,False
CUST-104327,Organic Search,US-West,0.081,2025-04-26,1,1,21.18,0.0,2025-04-29,2025-04-29,False,True
CUST-104328,External Traffic,US-Midwest,0.329,2025-08-18,1,1,24.49,0.0,2025-11-25,2025-11-25,False,False
CUST-104329,Referral,US-East,0.244,2025-10-18,1,1,19.59,0.0,2025-10-20,2025-10-20,False,False
CUST-104330,Sponsored Ads,US-East,0.605,2025-10-17,1,1,15.21,0.0,2025-11-08,2025-11-08,False,False
CUST-104331,Referral,US-South,0.583,2025-01-06,9,55,1551.2,0.0,2025-01-06,2025-10-06,True,False
CUST-104332,Sponsored Ads,US-Midwest,0.02,2025-03-11,1,1,25.84,25.84,2025-03-11,2025-03-11,False,True
CUST-104333,Organic Search,US-South,0.44,2025-08-03,2,2,48.24,0.0,2025-09-19,2025-11-29,True,False
CUST-104334,External Traffic,US-South,0.66,2025-10-06,1,1,25.81,0.0,2025-10-19,2025-10-19,False,False
CUST-104335,Sponsored Ads,US-Midwest,0.53,2025-10-21,1,1,32.61,0.0,2025-10-28,2025-10-28,False,False
CUST-104336,Sponsored Ads,US-Midwest,0.529,2025-08-05,7,7,132.4,0.0,2025-10-30,2025-12-20,True,False
CUST-104337,Sponsored Ads,US-West,0.427,2025-02-01,4,4,73.11,0.0,2025-02-01,2025-09-02,True,True
CUST-104338,Organic Search,US-West,0.288,2025-08-11,2,2,51.83,29.91,2025-10-04,2025-12-20,True,False
CUST-104339,External Traffic,US-East,0.497,2025-03-23,5,5,88.24,0.0,2025-03-23,2025-11-07,True,False
CUST-104340,Sponsored Ads,US-Midwest,0.51,2025-08-31,1,1,22.4,0.0,2025-10-05,2025-10-05,False,False
CUST-104341,Sponsored Ads,US-Midwest,0.623,2025-06-14,2,2,47.24,0.0,2025-06-27,2025-06-28,True,True
CUST-104342,Organic Search,US-South,0.639,2025-02-25,5,5,116.37,0.0,2025-03-01,2025-12-15,True,False
CUST-104343,Sponsored Ads,US-South,0.517,2025-09-11,2,2,29.32,0.0,2025-11-26,2025-12-27,True,False
CUST-104344,Organic Search,US-West,0.719,2025-10-24,1,1,33.49,0.0,2025-11-23,2025-11-23,False,False
CUST-104345,Referral,US-South,0.425,2025-06-01,1,1,22.12,0.0,2025-06-16,2025-06-16,False,True
CUST-104346,External Traffic,US-West,0.211,2025-09-01,2,2,44.36,0.0,2025-09-11,2025-10-17,True,False
CUST-104347,External Traffic,US-South,0.595,2025-01-18,9,52,1227.12,22.44,2025-01-25,2025-12-19,True,False
CUST-104348,Organic Search,US-West,0.525,2025-03-23,5,5,97.21,0.0,2025-05-17,2025-09-30,True,True
CUST-104349,External Traffic,US-West,0.599,2025-02-08,4,4,99.74,0.0,2025-02-24,2025-12-30,True,False
CUST-104350,Sponsored Ads,US-Midwest,0.247,2025-03-27,2,2,62.53,0.0,2025-03-31,2025-06-15,True,True
CUST-104351,Sponsored Ads,US-Midwest,0.858,2025-04-23,3,3,91.36,0.0,2025-04-29,2025-11-28,True,False
CUST-104352,Organic Search,US-South,0.642,2025-05-10,2,2,52.12,0.0,2025-05-12,2025-06-30,True,True
CUST-104353,Sponsored Ads,US-South,0.442,2025-04-07,1,1,12.97,0.0,2025-04-17,2025-04-17,False,True
CUST-104354,External Traffic,US-West,0.313,2025-06-13,2,2,41.4,0.0,2025-07-10,2025-12-17,True,False
CUST-104355,Organic Search,US-South,0.715,2025-03-07,2,2,54.41,0.0,2025-03-14,2025-07-30,True,True
CUST-104356,Referral,US-South,0.28,2025-04-15,5,5,117.47,0.0,2025-04-22,2025-12-22,True,False
CUST-104357,Sponsored Ads,US-South,0.95,2025-09-10,3,3,64.72,0.0,2025-10-01,2025-12-21,True,False
CUST-104358,Organic Search,US-East,0.377,2025-06-18,3,3,53.14,0.0,2025-06-25,2025-12-20,True,False
CUST-104359,Organic Search,US-East,0.844,2025-01-09,6,6,102.98,0.0,2025-01-09,2025-07-13,True,True
CUST-104360,Sponsored Ads,US-Midwest,0.463,2025-04-09,4,4,88.09,0.0,2025-04-12,2025-07-13,True,True
CUST-104361,Organic Search,US-East,0.816,2025-09-06,5,41,846.79,30.26,2025-10-03,2025-12-29,True,False
CUST-104362,Organic Search,US-Midwest,0.353,2025-02-24,5,5,122.85,0.0,2025-03-02,2025-12-14,True,False
CUST-104363,Referral,US-Midwest,0.504,2025-10-04,1,1,25.38,0.0,2025-11-03,2025-11-03,False,False
CUST-104364,Organic Search,US-Midwest,0.661,2025-03-30,6,6,119.25,19.72,2025-04-06,2025-12-23,True,False
CUST-104365,Sponsored Ads,US-South,0.632,2025-07-09,2,2,51.16,0.0,2025-07-10,2025-09-05,True,True
CUST-104366,Organic Search,US-West,0.72,2025-05-23,1,1,24.9,0.0,2025-06-01,2025-06-01,False,True
CUST-104367,Organic Search,US-West,0.403,2025-07-07,2,2,41.63,0.0,2025-07-18,2025-10-25,True,False
CUST-104368,Sponsored Ads,US-South,0.517,2025-08-28,1,1,26.22,0.0,2025-09-02,2025-09-02,False,True
CUST-104369,Organic Search,US-East,0.75,2025-02-14,4,4,84.7,0.0,2025-02-18,2025-05-27,True,True
CUST-104370,Sponsored Ads,US-West,0.359,2025-04-16,1,1,24.2,0.0,2025-04-23,2025-04-23,False,True
CUST-104371,Sponsored Ads,US-Midwest,0.615,2025-06-20,4,4,81.6,25.66,2025-06-26,2025-12-04,True,False
CUST-104372,Organic Search,US-Midwest,0.456,2025-03-20,2,2,37.27,0.0,2025-04-02,2025-08-15,True,True
CUST-104373,Sponsored Ads,US-East,0.541,2025-04-23,4,4,97.45,22.78,2025-04-30,2025-09-01,True,True
CUST-104374,Organic Search,US-South,0.517,2025-09-23,1,1,33.06,0.0,2025-09-27,2025-09-27,False,True
CUST-104375,Sponsored Ads,US-East,0.342,2025-03-10,3,49,764.56,0.0,2025-03-16,2025-10-22,True,False
CUST-104376,Organic Search,US-East,0.448,2025-02-26,1,1,11.94,11.94,2025-03-31,2025-03-31,False,True
CUST-104377,Sponsored Ads,US-South,0.529,2025-06-24,2,2,32.87,0.0,2025-07-10,2025-12-10,True,False
CUST-104378,External Traffic,US-East,0.479,2025-01-30,2,2,38.79,0.0,2025-02-10,2025-02-28,True,True
CUST-104379,Sponsored Ads,US-Midwest,0.815,2025-01-01,10,10,181.49,25.82,2025-01-03,2025-12-27,True,False
CUST-104380,Organic Search,US-West,0.702,2025-09-18,1,1,23.0,0.0,2025-11-23,2025-11-23,False,False
CUST-104381,Sponsored Ads,US-South,0.558,2025-03-24,2,2,48.96,0.0,2025-04-15,2025-12-02,True,False
CUST-104382,Sponsored Ads,US-Midwest,0.347,2025-02-06,1,1,20.75,0.0,2025-02-08,2025-02-08,False,True
CUST-104383,Organic Search,US-Midwest,0.335,2025-07-16,1,1,31.2,0.0,2025-08-01,2025-08-01,False,True
CUST-104384,External Traffic,US-West,0.895,2025-05-25,6,6,125.66,0.0,2025-06-06,2025-12-30,True,False
CUST-104385,Referral,US-West,0.298,2025-05-17,2,2,41.91,0.0,2025-05-19,2025-07-11,True,True
CUST-104386,Sponsored Ads,US-South,0.523,2025-05-12,4,4,75.36,15.42,2025-05-24,2025-12-28,True,False
CUST-104387,Sponsored Ads,US-Midwest,0.572,2025-02-13,5,5,103.23,0.0,2025-02-15,2025-03-18,True,True
CUST-104388,Organic Search,US-Midwest,0.438,2025-09-15,1,1,18.58,0.0,2025-10-20,2025-10-20,False,False
CUST-104389,Organic Search,US-Midwest,0.3,2025-01-01,5,5,105.19,0.0,2025-01-02,2025-02-24,True,True
CUST-104390,Sponsored Ads,US-West,0.343,2025-05-25,2,2,34.79,15.75,2025-06-03,2025-07-01,True,True
CUST-104391,External Traffic,US-South,0.391,2025-03-23,2,2,34.49,0.0,2025-04-02,2025-08-14,True,True
CUST-104392,Organic Search,US-South,0.358,2025-07-12,1,1,13.91,0.0,2025-11-25,2025-11-25,False,False
CUST-104393,Organic Search,US-South,0.766,2025-06-14,3,3,58.38,0.0,2025-06-22,2025-10-02,True,False
CUST-104394,Sponsored Ads,US-Midwest,0.498,2025-04-26,2,2,42.08,0.0,2025-05-12,2025-10-27,True,False
CUST-104395,Organic Search,US-West,0.395,2025-06-10,4,4,85.03,25.08,2025-06-20,2025-12-16,True,False
CUST-104396,Sponsored Ads,US-East,0.521,2025-03-10,2,2,50.2,0.0,2025-03-24,2025-12-30,True,False
CUST-104397,External Traffic,US-East,0.634,2025-02-09,7,7,145.37,19.3,2025-02-10,2025-06-06,True,True
CUST-104398,Sponsored Ads,US-Midwest,0.431,2025-09-29,1,1,18.54,0.0,2025-09-29,2025-09-29,False,True
CUST-104399,External Traffic,US-West,0.68,2025-07-04,4,4,82.13,0.0,2025-07-04,2025-12-20,True,False
CUST-104400,External Traffic,US-East,0.246,2025-07-16,1,1,29.55,0.0,2025-08-15,2025-08-15,False,True
CUST-104401,Organic Search,US-West,0.734,2025-10-27,1,1,24.25,0.0,2025-11-14,2025-11-14,False,False
CUST-104402,Sponsored Ads,US-West,0.498,2025-09-29,2,2,28.19,0.0,2025-09-29,2025-10-02,True,False
CUST-104403,Sponsored Ads,US-Midwest,0.49,2025-06-25,2,2,54.19,0.0,2025-07-16,2025-11-06,True,False
CUST-104404,Organic Search,US-Midwest,0.361,2025-08-26,1,1,12.46,0.0,2025-10-11,2025-10-11,False,False
CUST-104405,Organic Search,US-East,0.254,2025-06-08,1,1,16.21,0.0,2025-06-17,2025-06-17,False,True
CUST-104406,Referral,US-South,0.167,2025-03-13,5,5,100.34,0.0,2025-03-14,2025-12-25,True,False
CUST-104407,Sponsored Ads,US-South,0.347,2025-07-06,1,1,16.57,0.0,2025-07-20,2025-07-20,False,True
CUST-104408,External Traffic,US-Midwest,0.618,2025-10-01,2,2,31.52,0.0,2025-11-01,2025-12-12,True,False
CUST-104409,Sponsored Ads,US-East,0.308,2025-09-21,1,1,19.12,0.0,2025-10-03,2025-10-03,False,False
CUST-104410,Sponsored Ads,US-Midwest,0.19,2025-06-01,1,1,19.69,0.0,2025-06-11,2025-06-11,False,True
CUST-104411,Sponsored Ads,US-East,0.318,2025-10-11,1,1,33.62,0.0,2025-11-28,2025-11-28,False,False
CUST-104412,Organic Search,US-South,0.423,2025-03-01,1,1,12.19,0.0,2025-03-13,2025-03-13,False,True
CUST-104413,Sponsored Ads,US-East,0.431,2025-01-13,3,3,69.55,0.0,2025-01-20,2025-12-04,True,False
CUST-104414,Sponsored Ads,US-South,0.474,2025-05-01,2,2,31.73,0.0,2025-06-03,2025-10-20,True,False
CUST-104415,External Traffic,US-East,0.707,2025-03-03,5,51,954.98,15.81,2025-03-04,2025-05-15,True,True
CUST-104416,Organic Search,US-Midwest,0.75,2025-10-15,1,1,22.57,0.0,2025-11-19,2025-11-19,False,False
CUST-104417,Sponsored Ads,US-South,0.901,2025-02-04,10,10,211.77,0.0,2025-02-07,2025-12-25,True,False
CUST-104418,Sponsored Ads,US-East,0.175,2025-06-10,1,1,12.66,0.0,2025-08-03,2025-08-03,False,True
CUST-104419,Organic Search,US-Midwest,0.329,2025-08-20,1,1,28.62,0.0,2025-09-02,2025-09-02,False,True
CUST-104420,Sponsored Ads,US-South,0.64,2025-02-03,5,5,97.26,0.0,2025-02-05,2025-12-03,True,False
CUST-104421,Sponsored Ads,US-East,0.409,2025-01-14,6,6,115.58,0.0,2025-01-19,2025-12-21,True,False
CUST-104422,Organic Search,US-West,0.672,2025-06-16,1,1,11.92,0.0,2025-07-05,2025-07-05,False,True
CUST-104423,Sponsored Ads,US-Midwest,0.541,2025-09-28,1,1,19.72,0.0,2025-10-04,2025-10-04,False,False
CUST-104424,Organic Search,US-Midwest,0.816,2025-01-05,8,8,179.33,0.0,2025-01-07,2025-10-03,True,False
CUST-104425,Sponsored Ads,US-South,0.709,2025-01-07,11,11,216.99,21.38,2025-01-07,2025-08-11,True,True
CUST-104426,Sponsored Ads,US-Midwest,0.712,2025-10-05,2,2,64.49,0.0,2025-10-09,2025-11-08,True,False
CUST-104427,Sponsored Ads,US-South,0.418,2025-06-30,2,2,41.3,0.0,2025-07-10,2025-09-05,True,True
CUST-104428,Sponsored Ads,US-West,0.481,2025-07-30,1,1,16.3,0.0,2025-08-30,2025-08-30,False,True
CUST-104429,Sponsored Ads,US-West,0.439,2025-03-24,1,1,16.01,0.0,2025-04-04,2025-04-04,False,True
CUST-104430,Sponsored Ads,US-West,0.199,2025-04-04,2,2,39.24,0.0,2025-04-09,2025-09-19,True,True
CUST-104431,Referral,US-West,0.794,2025-05-22,5,5,106.2,28.49,2025-06-03,2025-12-22,True,False
CUST-104432,External Traffic,US-South,0.649,2025-03-06,3,3,90.76,0.0,2025-03-06,2025-12-14,True,False
CUST-104433,Sponsored Ads,US-Midwest,0.431,2025-05-13,1,1,29.29,0.0,2025-05-15,2025-05-15,False,True
CUST-104434,Organic Search,US-West,0.761,2025-10-14,2,2,30.23,0.0,2025-11-20,2025-12-19,True,False
CUST-104435,Organic Search,US-South,0.374,2025-08-13,1,1,12.84,0.0,2025-09-02,2025-09-02,False,True
CUST-104436,External Traffic,US-West,0.132,2025-09-18,1,1,30.04,0.0,2025-11-07,2025-11-07,False,False
CUST-104437,Sponsored Ads,US-East,0.701,2025-05-29,1,1,25.01,0.0,2025-05-29,2025-05-29,False,True
CUST-104438,Sponsored Ads,US-Midwest,0.244,2025-08-25,2,2,31.41,0.0,2025-10-20,2025-12-20,True,False
CUST-104439,Sponsored Ads,US-Midwest,0.461,2025-05-07,2,2,28.73,0.0,2025-05-17,2025-11-29,True,False
CUST-104440,Sponsored Ads,US-Midwest,0.541,2025-07-05,1,1,28.78,0.0,2025-07-15,2025-07-15,False,True
CUST-104441,Sponsored Ads,US-East,0.577,2025-08-08,2,2,62.24,0.0,2025-10-18,2025-11-18,True,False
CUST-104442,External Traffic,US-Midwest,0.67,2025-09-05,1,1,25.88,0.0,2025-11-06,2025-11-06,False,False
CUST-104443,Referral,US-Midwest,0.616,2025-10-05,1,1,34.02,0.0,2025-10-13,2025-10-13,False,False
CUST-104444,Sponsored Ads,US-East,0.61,2025-02-01,6,6,115.94,15.82,2025-02-03,2025-11-03,True,False
CUST-104445,Organic Search,US-East,0.342,2025-08-27,1,1,33.59,0.0,2025-09-29,2025-09-29,False,True
CUST-104446,Sponsored Ads,US-West,0.559,2025-08-01,2,2,35.26,0.0,2025-08-08,2025-09-28,True,True
CUST-104447,Organic Search,US-Midwest,0.199,2025-08-10,1,1,31.95,0.0,2025-09-11,2025-09-11,False,True
CUST-104448,Organic Search,US-West,0.812,2025-01-05,11,11,238.07,34.67,2025-01-06,2025-09-16,True,True
CUST-104449,Sponsored Ads,US-East,0.219,2025-05-27,2,2,66.36,0.0,2025-06-22,2025-09-21,True,True
CUST-104450,External Traffic,US-East,0.431,2025-10-16,1,1,19.51,0.0,2025-11-23,2025-11-23,False,False
CUST-104451,Referral,US-West,0.236,2025-09-28,2,2,36.84,0.0,2025-11-08,2025-12-17,True,False
CUST-104452,Organic Search,US-Midwest,0.354,2025-03-11,2,2,49.37,0.0,2025-03-14,2025-07-27,True,True
CUST-104453,Organic Search,US-South,0.503,2025-05-26,2,2,49.41,0.0,2025-06-03,2025-09-29,True,True
CUST-104454,Organic Search,US-West,0.394,2025-09-17,1,1,21.49,0.0,2025-09-18,2025-09-18,False,True
CUST-104455,Sponsored Ads,US-West,0.729,2025-10-07,1,1,14.14,0.0,2025-11-15,2025-11-15,False,False
CUST-104456,Sponsored Ads,US-West,0.545,2025-04-10,5,5,103.75,0.0,2025-04-11,2025-11-25,True,False
CUST-104457,Organic Search,US-Midwest,0.407,2025-08-29,1,1,12.55,0.0,2025-10-30,2025-10-30,False,False
CUST-104458,Sponsored Ads,US-East,0.473,2025-09-08,5,5,123.1,0.0,2025-09-10,2025-12-30,True,False
CUST-104459,External Traffic,US-South,0.744,2025-02-15,2,2,46.22,0.0,2025-03-08,2025-05-11,True,True
CUST-104460,Organic Search,US-West,0.682,2025-01-10,5,5,118.34,0.0,2025-01-10,2025-09-09,True,True
CUST-104461,Organic Search,US-West,0.272,2025-01-15,2,2,42.49,0.0,2025-01-16,2025-12-20,True,False
CUST-104462,Sponsored Ads,US-South,0.364,2025-02-13,3,3,60.08,0.0,2025-02-13,2025-10-14,True,False
CUST-104463,Referral,US-West,0.595,2025-08-11,1,1,12.76,0.0,2025-08-16,2025-08-16,False,True
CUST-104464,Sponsored Ads,US-South,0.571,2025-04-27,6,34,633.31,0.0,2025-05-17,2025-11-30,True,False
CUST-104465,Sponsored Ads,US-Midwest,0.29,2025-07-25,2,2,36.83,0.0,2025-09-02,2025-12-17,True,False
CUST-104466,Sponsored Ads,US-East,0.65,2025-01-27,9,9,179.13,0.0,2025-01-29,2025-12-15,True,False
CUST-104467,Organic Search,US-South,0.322,2025-06-30,3,3,50.15,0.0,2025-08-01,2025-11-17,True,False
CUST-104468,Referral,US-Midwest,0.761,2025-08-12,2,2,53.48,0.0,2025-09-07,2025-10-06,True,False
CUST-104469,Sponsored Ads,US-Midwest,0.606,2025-10-20,2,2,46.03,0.0,2025-11-19,2025-11-22,True,False
CUST-104470,Referral,US-West,0.274,2025-04-06,2,2,48.47,0.0,2025-04-18,2025-07-30,True,True
CUST-104471,Sponsored Ads,US-West,0.394,2025-06-13,2,2,48.02,0.0,2025-07-04,2025-10-13,True,False
CUST-104472,Organic Search,US-Midwest,0.391,2025-05-25,2,42,516.2,0.0,2025-06-09,2025-11-03,True,False
CUST-104473,Sponsored Ads,US-Midwest,0.532,2025-04-15,4,4,94.98,0.0,2025-04-18,2025-12-18,True,False
CUST-104474,Organic Search,US-East,0.459,2025-07-11,1,1,26.11,0.0,2025-08-02,2025-08-02,False,True
CUST-104475,Organic Search,US-South,0.271,2025-06-19,3,3,68.48,0.0,2025-07-07,2025-12-30,True,False
CUST-104476,Organic Search,US-South,0.221,2025-09-07,1,1,12.06,0.0,2025-11-14,2025-11-14,False,False
CUST-104477,Sponsored Ads,US-South,0.61,2025-01-09,9,9,196.83,0.0,2025-01-09,2025-10-10,True,False
CUST-104478,External Traffic,US-Midwest,0.557,2025-03-08,3,3,59.27,0.0,2025-03-13,2025-08-23,True,True
CUST-104479,Referral,US-East,0.521,2025-06-23,4,4,100.6,0.0,2025-07-05,2025-11-29,True,False
CUST-104480,Organic Search,US-Midwest,0.554,2025-06-22,2,2,39.49,0.0,2025-07-28,2025-08-01,True,True
CUST-104481,Organic Search,US-West,0.376,2025-09-28,1,1,21.66,0.0,2025-10-16,2025-10-16,False,False
CUST-104482,External Traffic,US-West,0.537,2025-07-22,3,3,69.07,0.0,2025-11-21,2025-12-09,True,False
CUST-104483,Sponsored Ads,US-Midwest,0.95,2025-01-02,12,12,272.77,0.0,2025-01-04,2025-06-06,True,True
CUST-104484,External Traffic,US-West,0.735,2025-05-27,4,23,730.34,0.0,2025-06-02,2025-12-15,True,False
CUST-104485,Sponsored Ads,US-Midwest,0.442,2025-09-11,1,1,30.24,30.24,2025-11-28,2025-11-28,False,False
CUST-104486,External Traffic,US-East,0.395,2025-09-19,1,1,12.81,0.0,2025-11-23,2025-11-23,False,False
CUST-104487,Sponsored Ads,US-East,0.02,2025-08-29,1,1,23.83,0.0,2025-09-03,2025-09-03,False,True
CUST-104488,Sponsored Ads,US-West,0.714,2025-05-24,2,2,57.45,35.93,2025-06-04,2025-06-19,True,True
CUST-104489,Organic Search,US-Midwest,0.657,2025-02-01,3,3,61.55,0.0,2025-02-03,2025-12-27,True,False
CUST-104490,Organic Search,US-East,0.391,2025-03-05,6,6,138.62,0.0,2025-03-25,2025-12-17,True,False
CUST-104491,External Traffic,US-West,0.214,2025-09-12,1,1,24.63,0.0,2025-11-29,2025-11-29,False,False
CUST-104492,Referral,US-East,0.269,2025-04-13,1,1,32.38,0.0,2025-04-26,2025-04-26,False,True
CUST-104493,Sponsored Ads,US-West,0.589,2025-08-18,2,2,67.88,0.0,2025-09-19,2025-12-05,True,False
CUST-104494,Sponsored Ads,US-Midwest,0.482,2025-01-11,6,27,492.56,0.0,2025-01-11,2025-11-18,True,False
CUST-104495,Sponsored Ads,US-West,0.638,2025-05-28,1,1,22.35,0.0,2025-06-19,2025-06-19,False,True
CUST-104496,Organic Search,US-East,0.517,2025-10-13,1,1,32.98,0.0,2025-11-10,2025-11-10,False,False
CUST-104497,Organic Search,US-East,0.693,2025-03-15,1,1,32.16,0.0,2025-03-19,2025-03-19,False,True
CUST-104498,External Traffic,US-West,0.574,2025-01-10,12,12,283.83,0.0,2025-01-10,2025-09-17,True,True
CUST-104499,External Traffic,US-West,0.666,2025-03-28,2,2,25.08,0.0,2025-05-26,2025-12-26,True,False
CUST-104500,Sponsored Ads,US-South,0.082,2025-01-19,2,2,54.82,0.0,2025-01-20,2025-06-08,True,True
CUST-104501,Organic Search,US-East,0.253,2025-07-03,1,1,15.71,0.0,2025-07-06,2025-07-06,False,True
CUST-104502,Organic Search,US-West,0.427,2025-02-27,6,6,113.83,0.0,2025-02-27,2025-12-28,True,False
CUST-104503,Organic Search,US-West,0.716,2025-03-15,3,3,44.7,0.0,2025-04-27,2025-06-18,True,True
CUST-104504,Sponsored Ads,US-Midwest,0.876,2025-06-26,1,1,20.08,0.0,2025-08-01,2025-08-01,False,True
CUST-104505,Sponsored Ads,US-South,0.467,2025-04-08,4,4,105.44,0.0,2025-04-08,2025-05-26,True,True
CUST-104506,Organic Search,US-South,0.378,2025-07-15,1,1,18.37,0.0,2025-08-09,2025-08-09,False,True
CUST-104507,Sponsored Ads,US-Midwest,0.109,2025-10-07,1,1,26.44,0.0,2025-10-08,2025-10-08,False,False
CUST-104508,External Traffic,US-West,0.673,2025-10-07,1,1,30.24,0.0,2025-11-27,2025-11-27,False,False
CUST-104509,Sponsored Ads,US-South,0.39,2025-08-07,3,3,59.03,0.0,2025-11-26,2025-12-28,True,False
CUST-104510,Organic Search,US-Midwest,0.95,2025-10-18,2,2,43.05,0.0,2025-11-29,2025-12-06,True,False
CUST-104511,Organic Search,US-West,0.352,2025-08-09,1,1,32.7,32.7,2025-10-04,2025-10-04,False,False
CUST-104512,External Traffic,US-South,0.921,2025-01-21,8,8,139.77,15.76,2025-01-23,2025-12-11,True,False
CUST-104513,Sponsored Ads,US-Midwest,0.65,2025-10-14,1,1,12.68,0.0,2025-11-18,2025-11-18,False,False
CUST-104514,Sponsored Ads,US-South,0.294,2025-06-20,1,1,17.93,0.0,2025-07-12,2025-07-12,False,True
CUST-104515,Sponsored Ads,US-West,0.546,2025-01-02,7,7,148.72,0.0,2025-01-02,2025-01-12,True,True
CUST-104516,Organic Search,US-South,0.654,2025-07-06,2,2,27.45,0.0,2025-08-02,2025-12-07,True,False
CUST-104517,Sponsored Ads,US-Midwest,0.455,2025-03-15,1,1,12.02,0.0,2025-03-16,2025-03-16,False,True
CUST-104518,External Traffic,US-West,0.668,2025-06-10,2,2,44.89,14.26,2025-08-28,2025-11-05,True,False
CUST-104519,Sponsored Ads,US-South,0.663,2025-07-17,2,2,47.82,0.0,2025-07-24,2025-07-25,True,True
CUST-104520,Sponsored Ads,US-South,0.619,2025-01-09,11,11,243.04,30.09,2025-01-09,2025-10-29,True,False
CUST-104521,Organic Search,US-East,0.497,2025-05-12,3,3,65.69,0.0,2025-05-16,2025-09-03,True,True
CUST-104522,External Traffic,US-West,0.265,2025-01-17,6,6,129.63,20.42,2025-01-17,2025-06-08,True,True
CUST-104523,External Traffic,US-West,0.485,2025-02-03,5,5,107.19,19.19,2025-02-04,2025-12-20,True,False
CUST-104524,Organic Search,US-Midwest,0.535,2025-03-05,3,3,64.15,0.0,2025-03-06,2025-04-05,True,True
CUST-104525,Organic Search,US-Midwest,0.125,2025-08-23,1,1,22.74,0.0,2025-09-09,2025-09-09,False,True
CUST-104526,Organic Search,US-East,0.534,2025-05-04,4,4,87.12,0.0,2025-05-15,2025-10-07,True,False
CUST-104527,Organic Search,US-Midwest,0.481,2025-01-15,1,1,24.53,24.53,2025-01-15,2025-01-15,False,True
CUST-104528,Sponsored Ads,US-Midwest,0.241,2025-08-13,2,2,31.35,0.0,2025-09-04,2025-10-10,True,False
CUST-104529,Organic Search,US-South,0.433,2025-06-13,2,2,40.82,0.0,2025-06-14,2025-11-13,True,False
CUST-104530,External Traffic,US-South,0.438,2025-02-12,3,3,67.89,0.0,2025-02-15,2025-05-05,True,True
CUST-104531,Sponsored Ads,US-Midwest,0.886,2025-06-18,2,2,33.35,0.0,2025-07-11,2025-09-29,True,True
CUST-104532,Organic Search,US-South,0.544,2025-03-16,4,41,811.54,0.0,2025-03-16,2025-12-03,True,False
CUST-104533,Organic Search,US-Midwest,0.707,2025-07-10,4,4,64.23,0.0,2025-07-21,2025-12-14,True,False
CUST-104534,Organic Search,US-Midwest,0.476,2025-10-12,1,1,32.09,0.0,2025-10-27,2025-10-27,False,False
CUST-104535,Sponsored Ads,US-West,0.125,2025-04-05,1,1,24.94,0.0,2025-04-17,2025-04-17,False,True
CUST-104536,Organic Search,US-South,0.634,2025-08-12,1,1,16.22,0.0,2025-08-18,2025-08-18,False,True
CUST-104537,External Traffic,US-South,0.368,2025-01-08,3,3,65.36,0.0,2025-01-08,2025-10-23,True,False
CUST-104538,Sponsored Ads,US-Midwest,0.433,2025-05-03,1,1,25.02,0.0,2025-05-16,2025-05-16,False,True
CUST-104539,Sponsored Ads,US-East,0.289,2025-09-24,1,1,12.32,0.0,2025-11-28,2025-11-28,False,False
CUST-104540,Sponsored Ads,US-Midwest,0.515,2025-01-23,1,1,30.32,0.0,2025-01-23,2025-01-23,False,True
CUST-104541,Sponsored Ads,US-East,0.713,2025-10-06,1,1,25.72,0.0,2025-11-22,2025-11-22,False,False
CUST-104542,Referral,US-East,0.687,2025-01-29,7,7,122.96,0.0,2025-02-06,2025-12-26,True,False
CUST-104543,Organic Search,US-West,0.817,2025-05-25,3,3,52.54,0.0,2025-06-09,2025-09-08,True,True
CUST-104544,Sponsored Ads,US-East,0.846,2025-02-24,4,4,95.44,0.0,2025-04-02,2025-04-27,True,True
CUST-104545,Sponsored Ads,US-Midwest,0.091,2025-01-07,1,46,928.76,0.0,2025-01-07,2025-01-07,False,True
CUST-104546,Referral,US-South,0.261,2025-04-15,2,2,50.38,0.0,2025-05-03,2025-08-09,True,True
CUST-104547,Sponsored Ads,US-South,0.138,2025-06-24,1,1,12.66,0.0,2025-09-22,2025-09-22,False,True
CUST-104548,Organic Search,US-Midwest,0.626,2025-08-05,1,1,13.04,0.0,2025-08-06,2025-08-06,False,True
CUST-104549,Sponsored Ads,US-East,0.361,2025-04-05,2,2,47.78,0.0,2025-04-09,2025-04-23,True,True
CUST-104550,Sponsored Ads,US-South,0.402,2025-05-28,1,1,21.83,0.0,2025-06-01,2025-06-01,False,True
CUST-104551,Organic Search,US-East,0.457,2025-02-24,1,1,14.31,0.0,2025-02-28,2025-02-28,False,True
CUST-104552,Sponsored Ads,US-Midwest,0.577,2025-08-07,2,2,37.23,0.0,2025-08-13,2025-09-02,True,True
CUST-104553,Organic Search,US-East,0.203,2025-02-20,2,2,43.71,0.0,2025-02-25,2025-04-22,True,True
CUST-104554,Sponsored Ads,US-Midwest,0.248,2025-09-16,1,1,20.06,0.0,2025-10-11,2025-10-11,False,False
CUST-104555,Organic Search,US-South,0.5,2025-02-23,2,2,33.77,0.0,2025-03-11,2025-09-24,True,True
CUST-104556,External Traffic,US-Midwest,0.74,2025-07-19,4,4,99.27,0.0,2025-09-01,2025-12-30,True,False
CUST-104557,Organic Search,US-Midwest,0.495,2025-04-10,3,3,46.11,0.0,2025-04-12,2025-10-06,True,False
CUST-104558,Sponsored Ads,US-Midwest,0.342,2025-10-26,1,1,26.01,0.0,2025-11-13,2025-11-13,False,False
CUST-104559,Organic Search,US-East,0.07,2025-03-26,1,1,21.94,0.0,2025-03-29,2025-03-29,False,True
CUST-104560,Referral,US-South,0.691,2025-10-12,1,1,26.1,0.0,2025-10-30,2025-10-30,False,False
CUST-104561,Sponsored Ads,US-East,0.353,2025-09-08,1,1,13.32,0.0,2025-09-28,2025-09-28,False,True
CUST-104562,Sponsored Ads,US-West,0.271,2025-05-21,1,1,19.19,0.0,2025-05-27,2025-05-27,False,True
CUST-104563,External Traffic,US-South,0.157,2025-05-29,1,1,20.76,0.0,2025-06-06,2025-06-06,False,True
CUST-104564,Sponsored Ads,US-East,0.212,2025-04-17,2,2,34.92,0.0,2025-04-23,2025-06-16,True,True
CUST-104565,Organic Search,US-East,0.308,2025-05-09,1,1,13.57,0.0,2025-05-11,2025-05-11,False,True
CUST-104566,External Traffic,US-West,0.452,2025-05-20,3,3,66.99,0.0,2025-05-25,2025-11-09,True,False
CUST-104567,Sponsored Ads,US-South,0.258,2025-02-13,3,3,65.97,0.0,2025-02-13,2025-12-09,True,False
CUST-104568,Organic Search,US-South,0.537,2025-04-07,4,4,95.95,0.0,2025-05-03,2025-11-27,True,False
CUST-104569,Organic Search,US-West,0.451,2025-09-20,2,2,35.49,23.16,2025-09-27,2025-10-19,True,False
CUST-104570,Sponsored Ads,US-South,0.944,2025-10-21,1,1,30.57,0.0,2025-11-05,2025-11-05,False,False
CUST-104571,External Traffic,US-West,0.159,2025-01-17,2,2,53.99,0.0,2025-01-21,2025-06-10,True,True
CUST-104572,Sponsored Ads,US-West,0.532,2025-08-08,1,1,15.89,0.0,2025-08-24,2025-08-24,False,True
CUST-104573,Sponsored Ads,US-East,0.535,2025-03-13,5,5,116.41,0.0,2025-03-15,2025-12-18,True,False
CUST-104574,External Traffic,US-East,0.294,2025-07-16,1,1,19.11,0.0,2025-09-08,2025-09-08,False,True
CUST-104575,Sponsored Ads,US-Midwest,0.519,2025-07-06,1,1,32.23,0.0,2025-07-13,2025-07-13,False,True
CUST-104576,External Traffic,US-West,0.654,2025-09-21,2,2,53.11,0.0,2025-11-14,2025-12-31,True,False
CUST-104577,Sponsored Ads,US-East,0.519,2025-07-30,3,3,54.19,0.0,2025-08-15,2025-10-26,True,False
CUST-104578,Organic Search,US-South,0.777,2025-09-05,2,2,26.08,0.0,2025-09-11,2025-12-19,True,False
CUST-104579,Sponsored Ads,US-West,0.064,2025-08-29,1,1,25.03,0.0,2025-10-25,2025-10-25,False,False
CUST-104580,Organic Search,US-Midwest,0.332,2025-07-14,3,3,71.82,0.0,2025-07-14,2025-12-27,True,False
CUST-104581,External Traffic,US-South,0.795,2025-05-04,4,4,87.01,0.0,2025-05-06,2025-12-29,True,False
CUST-104582,External Traffic,US-Midwest,0.682,2025-04-12,2,2,58.05,0.0,2025-04-19,2025-06-21,True,True
CUST-104583,Referral,US-Midwest,0.608,2025-04-15,2,2,65.05,0.0,2025-04-16,2025-07-18,True,True
CUST-104584,Organic Search,US-West,0.747,2025-04-18,2,2,49.32,0.0,2025-05-20,2025-07-10,True,True
CUST-104585,External Traffic,US-East,0.117,2025-03-28,2,2,35.72,0.0,2025-04-09,2025-12-21,True,False
CUST-104586,Organic Search,US-South,0.659,2025-04-04,4,4,119.1,23.93,2025-04-13,2025-09-02,True,True
CUST-104587,Referral,US-West,0.713,2025-06-20,1,1,22.39,0.0,2025-07-02,2025-07-02,False,True
CUST-104588,Organic Search,US-East,0.368,2025-03-23,3,3,60.49,0.0,2025-03-30,2025-10-11,True,False
CUST-104589,External Traffic,US-South,0.95,2025-04-15,6,6,148.59,0.0,2025-04-25,2025-12-12,True,False
CUST-104590,Sponsored Ads,US-Midwest,0.539,2025-08-01,3,3,40.38,27.06,2025-09-09,2025-10-14,True,False
CUST-104591,Organic Search,US-East,0.061,2025-04-09,2,2,28.48,0.0,2025-04-16,2025-12-27,True,False
CUST-104592,Organic Search,US-Midwest,0.576,2025-02-01,5,5,113.81,0.0,2025-02-02,2025-12-16,True,False
CUST-104593,Sponsored Ads,US-South,0.356,2025-01-06,9,9,150.32,14.6,2025-01-06,2025-03-14,True,True
CUST-104594,Sponsored Ads,US-West,0.733,2025-08-18,1,1,25.11,0.0,2025-10-10,2025-10-10,False,False
CUST-104595,Referral,US-East,0.61,2025-10-12,1,1,21.83,0.0,2025-11-14,2025-11-14,False,False
CUST-104596,Organic Search,US-Midwest,0.38,2025-07-24,2,2,42.9,0.0,2025-08-09,2025-11-04,True,False
CUST-104597,Sponsored Ads,US-West,0.8,2025-01-19,10,10,201.62,0.0,2025-01-20,2025-09-08,True,True
CUST-104598,Sponsored Ads,US-West,0.688,2025-06-19,1,1,19.65,0.0,2025-06-27,2025-06-27,False,True
CUST-104599,Sponsored Ads,US-East,0.334,2025-03-23,3,3,74.45,0.0,2025-03-23,2025-12-08,True,False
CUST-104600,Organic Search,US-Midwest,0.47,2025-04-07,4,45,845.0,810.9,2025-04-30,2025-08-09,True,True
CUST-104601,Referral,US-South,0.603,2025-10-04,1,1,32.94,32.94,2025-10-21,2025-10-21,False,False
CUST-104602,Referral,US-West,0.427,2025-09-05,1,1,34.14,0.0,2025-09-14,2025-09-14,False,True
CUST-104603,Organic Search,US-East,0.433,2025-08-09,2,2,36.84,0.0,2025-08-13,2025-10-21,True,False
CUST-104604,Organic Search,US-Midwest,0.507,2025-05-31,1,1,29.05,0.0,2025-06-09,2025-06-09,False,True
CUST-104605,Sponsored Ads,US-West,0.287,2025-06-23,3,3,83.59,0.0,2025-07-08,2025-08-21,True,True
CUST-104606,External Traffic,US-South,0.053,2025-10-02,1,1,18.58,0.0,2025-11-14,2025-11-14,False,False
CUST-104607,Sponsored Ads,US-East,0.548,2025-07-18,1,1,13.41,0.0,2025-07-26,2025-07-26,False,True
CUST-104608,Sponsored Ads,US-Midwest,0.102,2025-06-23,1,1,31.31,0.0,2025-06-28,2025-06-28,False,True
CUST-104609,Referral,US-Midwest,0.301,2025-01-30,5,5,105.8,0.0,2025-01-31,2025-08-04,True,True
CUST-104610,External Traffic,US-Midwest,0.146,2025-10-26,1,1,18.68,0.0,2025-11-07,2025-11-07,False,False
CUST-104611,Sponsored Ads,US-West,0.17,2025-08-31,1,1,18.93,0.0,2025-09-09,2025-09-09,False,True
CUST-104612,Organic Search,US-East,0.585,2025-04-20,6,6,150.86,0.0,2025-04-25,2025-12-23,True,False
CUST-104613,Organic Search,US-South,0.456,2025-03-17,4,4,95.52,0.0,2025-03-26,2025-12-19,True,False
CUST-104614,Sponsored Ads,US-East,0.448,2025-10-18,1,1,19.13,0.0,2025-11-05,2025-11-05,False,False
CUST-104615,Sponsored Ads,US-South,0.237,2025-10-14,2,2,45.74,32.77,2025-10-24,2025-12-19,True,False
CUST-104616,Sponsored Ads,US-South,0.369,2025-05-07,5,5,120.53,0.0,2025-05-22,2025-12-23,True,False
CUST-104617,Organic Search,US-East,0.575,2025-03-11,3,3,70.73,0.0,2025-03-13,2025-09-08,True,True
CUST-104618,Organic Search,US-West,0.49,2025-08-28,5,5,98.96,0.0,2025-08-29,2025-12-30,True,False
CUST-104619,Organic Search,US-Midwest,0.665,2025-07-07,2,56,870.66,0.0,2025-07-27,2025-08-02,True,True
CUST-104620,Sponsored Ads,US-Midwest,0.693,2025-09-28,1,1,13.28,0.0,2025-11-21,2025-11-21,False,False
CUST-104621,Referral,US-Midwest,0.45,2025-06-13,2,2,33.62,0.0,2025-06-25,2025-08-17,True,True
CUST-104622,Organic Search,US-East,0.13,2025-06-15,1,1,33.34,0.0,2025-07-18,2025-07-18,False,True
CUST-104623,External Traffic,US-East,0.349,2025-02-12,2,2,51.12,0.0,2025-02-18,2025-04-17,True,True
CUST-104624,Sponsored Ads,US-East,0.48,2025-06-30,4,4,98.15,0.0,2025-07-11,2025-11-20,True,False
CUST-104625,Organic Search,US-West,0.345,2025-04-19,4,4,85.23,0.0,2025-05-02,2025-05-28,True,True
CUST-104626,External Traffic,US-West,0.289,2025-03-03,2,24,427.15,0.0,2025-03-19,2025-08-20,True,True
CUST-104627,Sponsored Ads,US-East,0.514,2025-08-23,3,3,62.98,0.0,2025-11-13,2025-12-04,True,False
CUST-104628,Sponsored Ads,US-Midwest,0.95,2025-04-14,4,4,97.32,0.0,2025-04-24,2025-06-09,True,True
CUST-104629,Sponsored Ads,US-West,0.402,2025-03-05,1,1,19.76,0.0,2025-03-08,2025-03-08,False,True
CUST-104630,Sponsored Ads,US-South,0.499,2025-10-16,2,2,33.2,0.0,2025-11-21,2025-12-12,True,False
CUST-104631,Organic Search,US-South,0.238,2025-10-16,3,3,48.78,0.0,2025-11-03,2025-12-22,True,False
CUST-104632,Sponsored Ads,US-East,0.749,2025-05-29,2,2,31.32,16.14,2025-06-02,2025-08-14,True,True
CUST-104633,Sponsored Ads,US-Midwest,0.675,2025-03-30,3,3,44.66,0.0,2025-04-03,2025-05-16,True,True
CUST-104634,Organic Search,US-West,0.661,2025-02-18,1,29,465.06,0.0,2025-03-08,2025-03-08,False,True
CUST-104635,Sponsored Ads,US-Midwest,0.772,2025-07-08,2,2,35.31,0.0,2025-07-22,2025-12-18,True,False
CUST-104636,Sponsored Ads,US-South,0.415,2025-07-03,2,2,36.23,0.0,2025-07-08,2025-12-16,True,False
CUST-104637,Organic Search,US-East,0.44,2025-07-05,1,1,32.6,0.0,2025-07-20,2025-07-20,False,True
CUST-104638,Sponsored Ads,US-Midwest,0.842,2025-08-19,2,2,25.58,0.0,2025-10-04,2025-12-29,True,False
CUST-104639,Sponsored Ads,US-East,0.627,2025-05-22,2,2,25.14,0.0,2025-05-27,2025-10-18,True,False
CUST-104640,Sponsored Ads,US-Midwest,0.056,2025-07-24,1,1,12.65,0.0,2025-08-04,2025-08-04,False,True
CUST-104641,Sponsored Ads,US-West,0.591,2025-07-16,3,3,87.69,0.0,2025-07-26,2025-11-24,True,False
CUST-104642,Organic Search,US-West,0.384,2025-08-27,2,2,36.23,0.0,2025-09-16,2025-12-30,True,False
CUST-104643,Sponsored Ads,US-South,0.68,2025-08-12,1,1,19.47,0.0,2025-08-24,2025-08-24,False,True
CUST-104644,Sponsored Ads,US-Midwest,0.582,2025-01-11,9,9,211.22,0.0,2025-01-11,2025-12-08,True,False
CUST-104645,Referral,US-West,0.152,2025-07-05,1,1,32.01,0.0,2025-07-24,2025-07-24,False,True
CUST-104646,Referral,US-Midwest,0.554,2025-10-20,1,1,14.93,0.0,2025-11-15,2025-11-15,False,False
CUST-104647,Sponsored Ads,US-Midwest,0.542,2025-06-17,3,3,59.83,0.0,2025-06-17,2025-12-31,True,False
CUST-104648,Sponsored Ads,US-East,0.573,2025-06-08,1,1,21.61,0.0,2025-06-14,2025-06-14,False,True
CUST-104649,Organic Search,US-Midwest,0.615,2025-07-01,4,4,89.19,0.0,2025-07-24,2025-12-04,True,False
CUST-104650,External Traffic,US-Midwest,0.799,2025-06-17,3,3,78.92,59.61,2025-07-29,2025-10-24,True,False
CUST-104651,External Traffic,US-West,0.583,2025-05-01,4,4,111.95,25.07,2025-05-11,2025-06-14,True,True
CUST-104652,Sponsored Ads,US-Midwest,0.505,2025-10-26,1,1,21.61,0.0,2025-11-14,2025-11-14,False,False
CUST-104653,Sponsored Ads,US-South,0.73,2025-01-22,8,8,178.42,0.0,2025-01-25,2025-12-17,True,False
CUST-104654,Organic Search,US-West,0.949,2025-09-02,2,2,36.79,0.0,2025-10-03,2025-10-13,True,False
CUST-104655,External Traffic,US-South,0.683,2025-02-17,2,2,28.82,0.0,2025-03-05,2025-06-03,True,True
CUST-104656,External Traffic,US-South,0.541,2025-03-03,7,24,334.48,0.0,2025-03-13,2025-12-14,True,False
CUST-104657,Sponsored Ads,US-Midwest,0.587,2025-07-02,2,2,45.0,30.06,2025-07-14,2025-09-11,True,True
CUST-104658,Organic Search,US-Midwest,0.551,2025-07-11,2,2,65.14,0.0,2025-07-18,2025-08-26,True,True
CUST-104659,Sponsored Ads,US-East,0.504,2025-10-06,2,2,49.63,0.0,2025-11-21,2025-11-29,True,False
CUST-104660,Organic Search,US-East,0.933,2025-03-30,6,6,120.62,0.0,2025-04-09,2025-08-24,True,True
CUST-104661,Referral,US-West,0.35,2025-01-08,6,6,138.03,0.0,2025-01-08,2025-04-22,True,True
CUST-104662,Organic Search,US-West,0.731,2025-03-18,4,60,1179.69,0.0,2025-03-20,2025-10-19,True,False
CUST-104663,Sponsored Ads,US-South,0.475,2025-06-13,2,2,24.8,0.0,2025-06-15,2025-10-04,True,False
CUST-104664,Organic Search,US-Midwest,0.204,2025-04-18,1,1,22.57,0.0,2025-05-19,2025-05-19,False,True
CUST-104665,Organic Search,US-West,0.462,2025-03-17,4,30,918.89,877.05,2025-03-19,2025-12-21,True,False
CUST-104666,External Traffic,US-South,0.391,2025-10-02,1,1,19.61,0.0,2025-11-10,2025-11-10,False,False
CUST-104667,Sponsored Ads,US-South,0.616,2025-06-18,2,2,46.16,0.0,2025-06-25,2025-12-08,True,False
CUST-104668,External Traffic,US-West,0.518,2025-07-21,4,18,363.75,0.0,2025-07-30,2025-09-20,True,True
CUST-104669,Sponsored Ads,US-West,0.296,2025-08-13,1,1,12.62,0.0,2025-09-08,2025-09-08,False,True
CUST-104670,Sponsored Ads,US-East,0.794,2025-05-03,5,5,111.18,0.0,2025-05-08,2025-12-30,True,False
CUST-104671,Sponsored Ads,US-South,0.718,2025-08-09,4,4,93.99,0.0,2025-08-15,2025-12-25,True,False
CUST-104672,Sponsored Ads,US-East,0.817,2025-10-17,1,1,20.33,0.0,2025-11-12,2025-11-12,False,False
CUST-104673,Sponsored Ads,US-Midwest,0.547,2025-08-06,1,1,16.16,0.0,2025-08-10,2025-08-10,False,True
CUST-104674,Organic Search,US-East,0.493,2025-03-31,4,4,87.11,0.0,2025-03-31,2025-12-04,True,False
CUST-104675,Sponsored Ads,US-West,0.641,2025-08-22,1,1,13.26,0.0,2025-09-10,2025-09-10,False,True
CUST-104676,Sponsored Ads,US-West,0.385,2025-03-12,2,2,40.95,0.0,2025-03-16,2025-08-21,True,True
CUST-104677,Sponsored Ads,US-East,0.526,2025-01-22,6,6,162.24,0.0,2025-01-22,2025-12-19,True,False
CUST-104678,Sponsored Ads,US-East,0.465,2025-05-14,4,4,80.75,0.0,2025-06-05,2025-12-19,True,False
CUST-104679,External Traffic,US-South,0.208,2025-06-02,3,3,69.44,0.0,2025-06-08,2025-12-02,True,False
CUST-104680,Referral,US-East,0.525,2025-05-21,2,2,50.62,0.0,2025-05-24,2025-07-14,True,True
CUST-104681,Sponsored Ads,US-West,0.412,2025-03-20,3,3,57.19,0.0,2025-03-20,2025-04-09,True,True
CUST-104682,External Traffic,US-West,0.451,2025-03-23,3,57,1073.2,1040.68,2025-03-31,2025-08-12,True,True
CUST-104683,Organic Search,US-South,0.573,2025-10-04,1,1,13.01,0.0,2025-11-15,2025-11-15,False,False
CUST-104684,Referral,US-East,0.755,2025-03-29,7,7,142.64,0.0,2025-04-02,2025-07-03,True,True
CUST-104685,Sponsored Ads,US-South,0.33,2025-08-23,2,2,56.55,22.76,2025-11-02,2025-12-08,True,False
CUST-104686,Sponsored Ads,US-Midwest,0.433,2025-03-19,3,3,62.47,0.0,2025-03-21,2025-11-15,True,False
CUST-104687,Organic Search,US-East,0.347,2025-02-02,3,3,62.17,0.0,2025-02-06,2025-08-16,True,True
CUST-104688,External Traffic,US-South,0.334,2025-01-19,6,6,131.4,0.0,2025-01-19,2025-08-22,True,True
CUST-104689,Organic Search,US-Midwest,0.381,2025-03-14,2,2,36.89,0.0,2025-03-22,2025-05-15,True,True
CUST-104690,Organic Search,US-West,0.461,2025-09-10,2,2,52.39,0.0,2025-11-19,2025-12-07,True,False
CUST-104691,Sponsored Ads,US-South,0.617,2025-05-17,3,3,55.14,0.0,2025-05-24,2025-12-06,True,False
CUST-104692,Organic Search,US-East,0.564,2025-07-28,2,2,25.17,0.0,2025-11-10,2025-12-18,True,False
CUST-104693,External Traffic,US-South,0.289,2025-10-16,2,2,31.29,0.0,2025-11-15,2025-12-05,True,False
CUST-104694,Sponsored Ads,US-South,0.759,2025-01-15,12,12,244.86,52.68,2025-01-16,2025-11-10,True,False
CUST-104695,Organic Search,US-West,0.689,2025-02-02,9,9,223.87,24.93,2025-02-06,2025-12-11,True,False
CUST-104696,Organic Search,US-West,0.32,2025-10-04,2,2,29.89,0.0,2025-11-24,2025-12-19,True,False
CUST-104697,Organic Search,US-West,0.745,2025-06-20,4,4,90.42,0.0,2025-07-11,2025-12-20,True,False
CUST-104698,Organic Search,US-West,0.565,2025-07-05,3,3,51.52,0.0,2025-09-12,2025-12-05,True,False
CUST-104699,External Traffic,US-West,0.469,2025-04-13,2,2,49.78,0.0,2025-04-21,2025-11-24,True,False
CUST-104700,Referral,US-South,0.572,2025-09-06,2,2,41.89,0.0,2025-10-30,2025-12-06,True,False
CUST-104701,Organic Search,US-Midwest,0.495,2025-07-13,1,1,25.55,0.0,2025-07-15,2025-07-15,False,True
CUST-104702,Sponsored Ads,US-East,0.609,2025-03-19,3,3,70.95,0.0,2025-03-19,2025-11-19,True,False
CUST-104703,Sponsored Ads,US-Midwest,0.537,2025-07-14,2,2,49.08,0.0,2025-07-28,2025-10-22,True,False
CUST-104704,Sponsored Ads,US-South,0.433,2025-01-02,1,1,21.99,0.0,2025-01-03,2025-01-03,False,True
CUST-104705,Sponsored Ads,US-Midwest,0.095,2025-03-14,1,1,25.81,0.0,2025-03-14,2025-03-14,False,True
CUST-104706,Sponsored Ads,US-South,0.605,2025-03-03,5,5,117.37,0.0,2025-03-04,2025-12-24,True,False
CUST-104707,Organic Search,US-West,0.425,2025-08-24,1,1,19.98,0.0,2025-09-29,2025-09-29,False,True
CUST-104708,Sponsored Ads,US-South,0.656,2025-08-09,2,2,48.21,0.0,2025-08-26,2025-12-29,True,False
CUST-104709,Sponsored Ads,US-South,0.596,2025-01-28,5,5,98.19,41.51,2025-02-03,2025-12-10,True,False
CUST-104710,External Traffic,US-South,0.43,2025-09-29,3,3,56.67,0.0,2025-11-08,2025-12-30,True,False
CUST-104711,Sponsored Ads,US-Midwest,0.705,2025-09-03,1,1,23.97,0.0,2025-09-04,2025-09-04,False,True
CUST-104712,Organic Search,US-West,0.541,2025-05-11,2,2,30.06,0.0,2025-05-13,2025-07-27,True,True
CUST-104713,Referral,US-South,0.533,2025-03-05,4,4,106.21,0.0,2025-03-08,2025-05-05,True,True
CUST-104714,Organic Search,US-Midwest,0.472,2025-05-07,2,2,43.77,0.0,2025-05-26,2025-12-29,True,False
CUST-104715,Sponsored Ads,US-West,0.837,2025-06-26,3,3,82.33,57.58,2025-07-16,2025-09-05,True,True
CUST-104716,Sponsored Ads,US-East,0.357,2025-07-09,2,2,38.56,0.0,2025-07-12,2025-12-06,True,False
CUST-104717,Organic Search,US-Midwest,0.435,2025-04-15,1,1,24.87,24.87,2025-04-17,2025-04-17,False,True
CUST-104718,Organic Search,US-West,0.253,2025-01-31,3,3,59.92,19.48,2025-02-02,2025-11-30,True,False
CUST-104719,Sponsored Ads,US-West,0.645,2025-07-02,1,1,25.77,0.0,2025-07-05,2025-07-05,False,True
CUST-104720,Organic Search,US-Midwest,0.384,2025-07-31,2,2,55.24,0.0,2025-10-13,2025-12-30,True,False
CUST-104721,Organic Search,US-West,0.406,2025-03-22,4,4,86.57,44.88,2025-03-23,2025-12-10,True,False
CUST-104722,Sponsored Ads,US-South,0.397,2025-07-11,1,1,25.76,0.0,2025-07-22,2025-07-22,False,True
CUST-104723,Organic Search,US-Midwest,0.513,2025-06-20,2,2,40.79,0.0,2025-07-21,2025-09-23,True,True
CUST-104724,Sponsored Ads,US-East,0.25,2025-05-31,1,1,19.67,0.0,2025-05-31,2025-05-31,False,True
CUST-104725,Sponsored Ads,US-East,0.051,2025-01-03,1,1,33.09,0.0,2025-01-04,2025-01-04,False,True
CUST-104726,External Traffic,US-East,0.592,2025-04-03,2,2,55.06,32.27,2025-05-30,2025-12-15,True,False
CUST-104727,Sponsored Ads,US-East,0.077,2025-04-23,1,1,32.73,0.0,2025-05-03,2025-05-03,False,True
CUST-104728,Organic Search,US-East,0.671,2025-09-08,4,4,65.12,0.0,2025-09-19,2025-12-28,True,False
CUST-104729,Organic Search,US-South,0.812,2025-09-05,2,2,33.8,0.0,2025-09-07,2025-09-11,True,True
CUST-104730,Sponsored Ads,US-Midwest,0.467,2025-09-20,1,1,19.92,0.0,2025-09-22,2025-09-22,False,True
CUST-104731,Referral,US-Midwest,0.76,2025-05-19,4,4,71.03,0.0,2025-05-26,2025-12-17,True,False
CUST-104732,Sponsored Ads,US-Midwest,0.495,2025-04-09,5,5,95.02,27.37,2025-04-14,2025-09-18,True,True
CUST-104733,Sponsored Ads,US-West,0.82,2025-05-30,4,4,86.27,24.81,2025-06-26,2025-12-23,True,False
CUST-104734,Referral,US-East,0.409,2025-08-26,1,1,19.64,0.0,2025-11-27,2025-11-27,False,False
CUST-104735,Organic Search,US-Midwest,0.027,2025-07-06,1,1,18.79,0.0,2025-07-11,2025-07-11,False,True
CUST-104736,Organic Search,US-South,0.484,2025-06-30,2,2,43.99,0.0,2025-07-03,2025-11-18,True,False
CUST-104737,Sponsored Ads,US-East,0.842,2025-05-11,4,4,81.52,0.0,2025-06-07,2025-12-17,True,False
CUST-104738,Sponsored Ads,US-East,0.607,2025-07-28,1,1,19.31,0.0,2025-08-01,2025-08-01,False,True
CUST-104739,Organic Search,US-West,0.397,2025-09-18,1,1,19.34,0.0,2025-09-20,2025-09-20,False,True
CUST-104740,Sponsored Ads,US-East,0.566,2025-07-20,2,2,65.56,0.0,2025-09-01,2025-10-04,True,False
CUST-104741,Sponsored Ads,US-East,0.694,2025-05-01,3,3,53.68,0.0,2025-06-03,2025-09-23,True,True
CUST-104742,External Traffic,US-East,0.483,2025-09-09,2,2,40.97,0.0,2025-11-24,2025-12-01,True,False
CUST-104743,Sponsored Ads,US-South,0.95,2025-10-10,5,5,87.73,0.0,2025-10-13,2025-12-31,True,False
CUST-104744,Sponsored Ads,US-East,0.397,2025-08-27,1,1,26.47,0.0,2025-10-06,2025-10-06,False,False
CUST-104745,Sponsored Ads,US-West,0.701,2025-09-21,2,2,30.02,0.0,2025-11-17,2025-12-20,True,False
CUST-104746,Organic Search,US-Midwest,0.652,2025-03-21,5,5,101.66,0.0,2025-03-24,2025-11-02,True,False
CUST-104747,Organic Search,US-East,0.36,2025-05-07,1,1,18.79,0.0,2025-06-09,2025-06-09,False,True
CUST-104748,External Traffic,US-East,0.415,2025-03-16,3,3,56.43,0.0,2025-03-16,2025-05-07,True,True
CUST-104749,Sponsored Ads,US-South,0.704,2025-04-20,5,5,131.16,22.85,2025-05-04,2025-12-18,True,False
CUST-104750,Sponsored Ads,US-South,0.529,2025-08-09,1,1,30.02,0.0,2025-08-26,2025-08-26,False,True
CUST-104751,Organic Search,US-South,0.568,2025-07-22,1,1,11.85,0.0,2025-08-02,2025-08-02,False,True
CUST-104752,Sponsored Ads,US-West,0.173,2025-01-01,7,23,343.5,0.0,2025-01-01,2025-03-08,True,True
CUST-104753,Organic Search,US-South,0.631,2025-08-15,1,1,19.58,0.0,2025-08-27,2025-08-27,False,True
CUST-104754,Referral,US-West,0.557,2025-02-27,4,4,93.52,0.0,2025-03-27,2025-11-21,True,False
CUST-104755,Organic Search,US-Midwest,0.487,2025-02-25,4,4,88.81,0.0,2025-02-27,2025-12-27,True,False
CUST-104756,Organic Search,US-East,0.572,2025-06-13,2,2,39.51,0.0,2025-07-02,2025-10-19,True,False
CUST-104757,Referral,US-East,0.418,2025-03-14,4,4,101.26,31.0,2025-04-14,2025-11-19,True,False
CUST-104758,Sponsored Ads,US-East,0.382,2025-10-16,1,1,24.92,0.0,2025-11-25,2025-11-25,False,False
CUST-104759,Referral,US-East,0.452,2025-02-13,5,5,113.44,0.0,2025-02-20,2025-11-22,True,False
CUST-104760,Organic Search,US-South,0.407,2025-02-15,5,37,1117.21,12.25,2025-02-18,2025-12-31,True,False
CUST-104761,Organic Search,US-East,0.936,2025-08-17,3,3,77.3,31.42,2025-08-31,2025-12-29,True,False
CUST-104762,Referral,US-West,0.682,2025-03-27,3,3,63.77,0.0,2025-04-02,2025-05-08,True,True
CUST-104763,Organic Search,US-South,0.306,2025-08-03,1,1,13.33,0.0,2025-08-09,2025-08-09,False,True
CUST-104764,Organic Search,US-East,0.907,2025-07-24,2,2,55.94,0.0,2025-08-25,2025-08-27,True,True
CUST-104765,Sponsored Ads,US-West,0.413,2025-02-26,3,3,49.97,0.0,2025-02-27,2025-04-24,True,True
CUST-104766,Organic Search,US-Midwest,0.506,2025-06-23,2,2,43.86,0.0,2025-07-08,2025-07-12,True,True
CUST-104767,Organic Search,US-East,0.679,2025-06-11,5,5,136.84,0.0,2025-06-18,2025-10-03,True,False
CUST-104768,Sponsored Ads,US-South,0.106,2025-01-29,2,2,50.53,31.14,2025-02-02,2025-05-06,True,True
CUST-104769,Organic Search,US-West,0.453,2025-08-18,3,3,54.24,0.0,2025-08-23,2025-11-21,True,False
CUST-104770,Organic Search,US-East,0.385,2025-09-15,1,1,13.49,0.0,2025-11-17,2025-11-17,False,False
CUST-104771,Sponsored Ads,US-East,0.541,2025-10-12,1,1,16.09,0.0,2025-10-29,2025-10-29,False,False
CUST-104772,Sponsored Ads,US-West,0.574,2025-01-27,5,57,1262.21,25.93,2025-01-27,2025-12-18,True,False
CUST-104773,Organic Search,US-Midwest,0.485,2025-02-23,3,3,82.68,0.0,2025-02-27,2025-12-30,True,False
CUST-104774,Sponsored Ads,US-East,0.475,2025-09-05,2,2,48.07,0.0,2025-10-04,2025-12-29,True,False
CUST-104775,Sponsored Ads,US-South,0.713,2025-04-02,3,3,62.94,0.0,2025-04-02,2025-11-29,True,False
CUST-104776,Organic Search,US-South,0.56,2025-07-07,2,2,45.44,0.0,2025-07-23,2025-09-17,True,True
CUST-104777,Sponsored Ads,US-East,0.508,2025-04-15,2,2,62.7,0.0,2025-04-25,2025-05-28,True,True
CUST-104778,Sponsored Ads,US-South,0.53,2025-03-07,4,4,92.69,29.95,2025-03-28,2025-08-05,True,True
CUST-104779,Organic Search,US-South,0.867,2025-07-07,4,4,80.41,0.0,2025-07-11,2025-11-29,True,False
CUST-104780,Sponsored Ads,US-West,0.535,2025-03-03,3,3,48.7,0.0,2025-03-27,2025-09-05,True,True
CUST-104781,Referral,US-South,0.397,2025-02-10,3,3,66.57,0.0,2025-02-11,2025-08-24,True,True
CUST-104782,Referral,US-West,0.118,2025-06-09,1,1,22.36,0.0,2025-06-15,2025-06-15,False,True
CUST-104783,Organic Search,US-East,0.213,2025-02-28,2,2,51.54,0.0,2025-03-13,2025-09-23,True,True
CUST-104784,Referral,US-East,0.407,2025-02-27,2,2,49.51,0.0,2025-03-02,2025-04-05,True,True
CUST-104785,External Traffic,US-East,0.478,2025-08-23,2,2,45.88,0.0,2025-10-11,2025-10-28,True,False
CUST-104786,Sponsored Ads,US-West,0.389,2025-06-08,3,3,63.65,18.9,2025-06-26,2025-10-27,True,False
CUST-104787,Organic Search,US-South,0.57,2025-06-12,1,1,25.6,0.0,2025-06-16,2025-06-16,False,True
CUST-104788,Sponsored Ads,US-East,0.386,2025-02-13,2,2,45.06,0.0,2025-03-02,2025-12-21,True,False
CUST-104789,Organic Search,US-West,0.317,2025-02-18,2,2,44.34,0.0,2025-02-18,2025-03-23,True,True
CUST-104790,Organic Search,US-West,0.623,2025-04-28,2,2,39.7,0.0,2025-05-10,2025-08-27,True,True
CUST-104791,Sponsored Ads,US-South,0.774,2025-04-27,3,3,68.56,0.0,2025-06-04,2025-09-23,True,True
CUST-104792,Sponsored Ads,US-South,0.279,2025-05-16,2,2,25.46,0.0,2025-06-11,2025-12-28,True,False
CUST-104793,Referral,US-South,0.549,2025-02-10,9,9,208.02,0.0,2025-02-12,2025-12-23,True,False
CUST-104794,Sponsored Ads,US-South,0.119,2025-09-27,1,1,23.05,0.0,2025-10-05,2025-10-05,False,False
CUST-104795,Sponsored Ads,US-Midwest,0.205,2025-04-19,1,1,21.77,0.0,2025-05-14,2025-05-14,False,True
CUST-104796,Sponsored Ads,US-Midwest,0.382,2025-09-02,2,2,39.33,0.0,2025-09-30,2025-10-09,True,False
CUST-104797,Organic Search,US-Midwest,0.727,2025-05-01,1,1,34.17,0.0,2025-05-22,2025-05-22,False,True
CUST-104798,External Traffic,US-Midwest,0.344,2025-05-22,1,1,19.75,0.0,2025-05-27,2025-05-27,False,True
CUST-104799,External Traffic,US-Midwest,0.337,2025-02-03,4,4,59.78,0.0,2025-02-10,2025-06-21,True,True
CUST-104800,Organic Search,US-East,0.507,2025-07-23,1,1,13.24,0.0,2025-07-30,2025-07-30,False,True
CUST-104801,Sponsored Ads,US-South,0.507,2025-01-18,5,5,86.81,0.0,2025-01-18,2025-10-03,True,False
CUST-104802,Sponsored Ads,US-South,0.343,2025-08-13,1,1,33.96,0.0,2025-08-14,2025-08-14,False,True
CUST-104803,Organic Search,US-West,0.897,2025-09-22,4,4,82.42,0.0,2025-10-03,2025-12-03,True,False
CUST-104804,External Traffic,US-South,0.447,2025-04-19,2,2,38.04,0.0,2025-05-02,2025-11-18,True,False
CUST-104805,Organic Search,US-South,0.523,2025-09-24,1,1,23.91,0.0,2025-11-28,2025-11-28,False,False
CUST-104806,Organic Search,US-South,0.42,2025-07-29,1,1,13.08,0.0,2025-09-05,2025-09-05,False,True
CUST-104807,Organic Search,US-Midwest,0.588,2025-01-01,7,7,142.11,0.0,2025-01-05,2025-06-18,True,True
CUST-104808,Organic Search,US-South,0.747,2025-03-02,3,3,67.36,0.0,2025-03-03,2025-07-10,True,True
CUST-104809,Organic Search,US-Midwest,0.833,2025-07-12,1,1,21.91,0.0,2025-09-03,2025-09-03,False,True
CUST-104810,Organic Search,US-Midwest,0.348,2025-07-30,1,1,24.21,0.0,2025-10-08,2025-10-08,False,False
CUST-104811,Organic Search,US-Midwest,0.72,2025-01-29,7,7,153.26,0.0,2025-02-03,2025-12-26,True,False
CUST-104812,Organic Search,US-East,0.61,2025-07-25,2,2,31.02,0.0,2025-10-22,2025-12-19,True,False
CUST-104813,Referral,US-West,0.695,2025-09-01,2,2,45.65,0.0,2025-09-15,2025-12-03,True,False
CUST-104814,Organic Search,US-East,0.482,2025-01-28,5,5,119.57,0.0,2025-06-02,2025-12-17,True,False
CUST-104815,Sponsored Ads,US-South,0.463,2025-09-21,1,1,15.94,0.0,2025-10-19,2025-10-19,False,False
CUST-104816,Sponsored Ads,US-Midwest,0.687,2025-06-09,2,2,26.78,0.0,2025-06-13,2025-09-18,True,True
CUST-104817,Organic Search,US-Midwest,0.691,2025-07-04,2,2,38.91,0.0,2025-07-17,2025-12-21,True,False
CUST-104818,Organic Search,US-South,0.813,2025-01-16,7,7,187.31,18.94,2025-01-21,2025-07-12,True,True
CUST-104819,Organic Search,US-South,0.54,2025-07-03,4,4,93.64,0.0,2025-07-15,2025-12-15,True,False
CUST-104820,Organic Search,US-Midwest,0.479,2025-05-17,7,7,144.68,0.0,2025-05-29,2025-12-25,True,False
CUST-104821,Sponsored Ads,US-South,0.02,2025-04-22,1,1,13.76,0.0,2025-06-30,2025-06-30,False,True
CUST-104822,Organic Search,US-West,0.178,2025-08-23,2,2,42.3,0.0,2025-08-31,2025-12-14,True,False
CUST-104823,Organic Search,US-South,0.421,2025-03-16,5,49,1172.02,0.0,2025-03-28,2025-11-11,True,False
CUST-104824,Organic Search,US-East,0.28,2025-01-18,5,5,114.21,35.46,2025-01-22,2025-03-06,True,True
CUST-104825,Organic Search,US-South,0.663,2025-05-30,5,5,85.31,12.88,2025-06-02,2025-11-22,True,False
CUST-104826,Sponsored Ads,US-South,0.238,2025-08-12,2,2,51.53,0.0,2025-09-06,2025-12-20,True,False
CUST-104827,Organic Search,US-East,0.4,2025-02-10,4,4,87.27,12.65,2025-02-18,2025-04-16,True,True
CUST-104828,External Traffic,US-East,0.408,2025-10-23,1,1,15.33,0.0,2025-11-21,2025-11-21,False,False
CUST-104829,Referral,US-West,0.741,2025-07-21,1,1,12.33,0.0,2025-08-13,2025-08-13,False,True
CUST-104830,Organic Search,US-East,0.378,2025-10-08,1,1,25.34,0.0,2025-10-13,2025-10-13,False,False
CUST-104831,Sponsored Ads,US-Midwest,0.59,2025-05-22,2,2,42.67,0.0,2025-06-02,2025-12-09,True,False
CUST-104832,Organic Search,US-South,0.539,2025-02-06,4,4,89.52,0.0,2025-02-13,2025-03-07,True,True
CUST-104833,Organic Search,US-Midwest,0.681,2025-02-23,3,3,81.29,0.0,2025-03-15,2025-09-23,True,True
CUST-104834,Sponsored Ads,US-Midwest,0.67,2025-05-31,1,1,23.77,0.0,2025-07-03,2025-07-03,False,True
CUST-104835,External Traffic,US-Midwest,0.493,2025-06-26,1,1,18.09,0.0,2025-09-01,2025-09-01,False,True
CUST-104836,Sponsored Ads,US-West,0.161,2025-08-09,1,1,33.94,0.0,2025-10-06,2025-10-06,False,False
CUST-104837,Sponsored Ads,US-East,0.454,2025-08-27,2,2,42.3,0.0,2025-11-01,2025-11-10,True,False
CUST-104838,Sponsored Ads,US-West,0.496,2025-08-17,1,1,20.23,0.0,2025-10-29,2025-10-29,False,False
CUST-104839,Sponsored Ads,US-West,0.557,2025-06-26,1,1,23.04,0.0,2025-07-12,2025-07-12,False,True
CUST-104840,External Traffic,US-West,0.352,2025-01-06,5,5,97.68,20.3,2025-01-06,2025-06-03,True,True
CUST-104841,Organic Search,US-East,0.728,2025-06-08,1,1,12.9,0.0,2025-06-25,2025-06-25,False,True
CUST-104842,Sponsored Ads,US-West,0.503,2025-09-03,1,1,12.72,0.0,2025-09-28,2025-09-28,False,True
CUST-104843,Organic Search,US-Midwest,0.316,2025-09-12,2,2,37.75,0.0,2025-11-04,2025-12-16,True,False
CUST-104844,Sponsored Ads,US-South,0.408,2025-09-08,1,1,12.09,0.0,2025-10-24,2025-10-24,False,False
CUST-104845,Sponsored Ads,US-South,0.886,2025-01-04,8,8,178.5,0.0,2025-01-04,2025-10-23,True,False
CUST-104846,Sponsored Ads,US-South,0.633,2025-05-11,2,2,23.84,0.0,2025-05-21,2025-09-13,True,True
CUST-104847,Organic Search,US-Midwest,0.71,2025-07-05,2,2,40.12,0.0,2025-07-19,2025-09-06,True,True
CUST-104848,Sponsored Ads,US-West,0.292,2025-03-16,1,1,21.52,0.0,2025-03-16,2025-03-16,False,True
CUST-104849,External Traffic,US-East,0.362,2025-05-03,2,2,37.68,13.13,2025-05-09,2025-06-09,True,True
CUST-104850,Sponsored Ads,US-East,0.364,2025-01-30,3,3,72.19,0.0,2025-02-12,2025-05-12,True,True
CUST-104851,Organic Search,US-South,0.537,2025-02-28,3,3,69.52,0.0,2025-03-02,2025-07-03,True,True
CUST-104852,External Traffic,US-South,0.465,2025-01-02,6,6,113.55,0.0,2025-01-04,2025-08-07,True,True
CUST-104853,Sponsored Ads,US-Midwest,0.402,2025-10-21,3,3,64.77,0.0,2025-10-24,2025-12-20,True,False
CUST-104854,Sponsored Ads,US-South,0.427,2025-09-15,1,1,21.81,0.0,2025-10-03,2025-10-03,False,False
CUST-104855,Referral,US-West,0.341,2025-05-02,3,25,303.17,0.0,2025-05-28,2025-12-03,True,False
CUST-104856,Organic Search,US-South,0.464,2025-01-02,4,4,95.01,0.0,2025-01-08,2025-06-08,True,True
CUST-104857,Organic Search,US-Midwest,0.723,2025-04-11,6,6,114.82,0.0,2025-04-14,2025-11-04,True,False
CUST-104858,Sponsored Ads,US-South,0.197,2025-05-11,1,1,11.58,0.0,2025-05-27,2025-05-27,False,True
CUST-104859,Sponsored Ads,US-South,0.569,2025-02-20,6,6,124.47,0.0,2025-03-03,2025-08-13,True,True
CUST-104860,Organic Search,US-West,0.776,2025-07-18,3,3,68.15,0.0,2025-07-20,2025-08-30,True,True
CUST-104861,External Traffic,US-West,0.463,2025-10-27,1,53,649.64,649.64,2025-11-03,2025-11-03,False,False
CUST-104862,Sponsored Ads,US-West,0.394,2025-09-11,1,1,23.94,0.0,2025-10-18,2025-10-18,False,False
CUST-104863,External Traffic,US-West,0.685,2025-09-14,1,1,29.19,0.0,2025-09-23,2025-09-23,False,True
CUST-104864,Organic Search,US-East,0.303,2025-09-07,1,1,20.2,0.0,2025-09-14,2025-09-14,False,True
CUST-104865,Sponsored Ads,US-Midwest,0.495,2025-01-21,4,4,100.99,25.02,2025-01-21,2025-12-13,True,False
CUST-104866,Sponsored Ads,US-East,0.292,2025-06-15,4,4,65.64,0.0,2025-06-27,2025-12-12,True,False
CUST-104867,Sponsored Ads,US-South,0.126,2025-06-19,2,2,36.32,0.0,2025-08-07,2025-12-22,True,False
CUST-104868,Organic Search,US-Midwest,0.47,2025-01-31,4,4,77.6,0.0,2025-02-10,2025-05-17,True,True
CUST-104869,Organic Search,US-Midwest,0.247,2025-02-14,3,3,60.99,0.0,2025-02-19,2025-03-30,True,True
CUST-104870,Organic Search,US-South,0.498,2025-06-19,1,1,28.82,0.0,2025-07-08,2025-07-08,False,True
CUST-104871,Sponsored Ads,US-Midwest,0.723,2025-08-03,3,3,61.29,0.0,2025-08-25,2025-11-10,True,False
CUST-104872,Organic Search,US-East,0.871,2025-03-04,3,3,52.91,0.0,2025-03-06,2025-03-25,True,True
CUST-104873,Organic Search,US-East,0.519,2025-05-26,1,1,13.27,0.0,2025-05-31,2025-05-31,False,True
CUST-104874,Organic Search,US-East,0.704,2025-01-23,4,4,105.79,24.59,2025-01-25,2025-12-30,True,False
CUST-104875,Organic Search,US-Midwest,0.58,2025-02-03,6,6,120.06,0.0,2025-02-04,2025-12-07,True,False
CUST-104876,Sponsored Ads,US-East,0.423,2025-06-24,2,2,47.08,0.0,2025-07-13,2025-07-28,True,True
CUST-104877,Organic Search,US-Midwest,0.115,2025-06-17,1,1,15.06,0.0,2025-11-02,2025-11-02,False,False
CUST-104878,Sponsored Ads,US-West,0.825,2025-08-14,3,3,48.99,0.0,2025-09-13,2025-10-21,True,False
CUST-104879,Sponsored Ads,US-West,0.29,2025-10-01,1,1,19.85,0.0,2025-10-31,2025-10-31,False,False
CUST-104880,Sponsored Ads,US-South,0.777,2025-02-26,6,6,81.65,0.0,2025-03-03,2025-12-08,True,False
CUST-104881,Organic Search,US-Midwest,0.607,2025-04-13,1,1,21.05,0.0,2025-05-01,2025-05-01,False,True
CUST-104882,Organic Search,US-South,0.305,2025-09-14,1,1,10.95,0.0,2025-10-21,2025-10-21,False,False
CUST-104883,Sponsored Ads,US-East,0.562,2025-01-16,7,7,186.96,0.0,2025-01-16,2025-09-03,True,True
CUST-104884,External Traffic,US-West,0.927,2025-09-06,1,1,15.74,0.0,2025-11-08,2025-11-08,False,False
CUST-104885,External Traffic,US-East,0.807,2025-10-11,1,1,12.36,0.0,2025-11-25,2025-11-25,False,False
CUST-104886,Sponsored Ads,US-East,0.397,2025-01-30,4,4,70.49,0.0,2025-02-01,2025-12-09,True,False
CUST-104887,Organic Search,US-East,0.358,2025-02-12,3,22,717.54,0.0,2025-02-17,2025-04-30,True,True
CUST-104888,Sponsored Ads,US-Midwest,0.52,2025-07-25,3,3,69.11,0.0,2025-07-30,2025-10-02,True,False
CUST-104889,Referral,US-Midwest,0.467,2025-05-23,3,54,1294.17,0.0,2025-06-29,2025-12-25,True,False
CUST-104890,Sponsored Ads,US-Midwest,0.74,2025-10-24,2,2,31.91,0.0,2025-11-24,2025-12-16,True,False
CUST-104891,Sponsored Ads,US-West,0.648,2025-06-13,2,2,33.68,0.0,2025-06-30,2025-11-09,True,False
CUST-104892,Organic Search,US-West,0.162,2025-07-16,1,1,15.21,0.0,2025-07-25,2025-07-25,False,True
CUST-104893,Sponsored Ads,US-East,0.592,2025-03-13,4,4,71.22,0.0,2025-03-26,2025-12-26,True,False
CUST-104894,Organic Search,US-South,0.464,2025-04-08,2,2,63.94,33.93,2025-04-16,2025-05-08,True,True
CUST-104895,Organic Search,US-South,0.507,2025-02-23,5,5,136.27,0.0,2025-02-23,2025-12-03,True,False
CUST-104896,Sponsored Ads,US-East,0.55,2025-02-14,7,7,136.14,22.74,2025-02-15,2025-11-19,True,False
CUST-104897,Organic Search,US-West,0.74,2025-02-03,5,5,97.44,0.0,2025-02-18,2025-10-22,True,False
CUST-104898,External Traffic,US-East,0.696,2025-09-25,1,1,25.46,0.0,2025-11-30,2025-11-30,False,False
CUST-104899,External Traffic,US-Midwest,0.35,2025-01-21,1,1,25.02,0.0,2025-01-22,2025-01-22,False,True
CUST-104900,Organic Search,US-Midwest,0.488,2025-06-04,2,2,36.74,0.0,2025-06-26,2025-09-20,True,True
CUST-104901,Sponsored Ads,US-Midwest,0.41,2025-06-02,2,2,39.79,0.0,2025-06-09,2025-12-14,True,False
CUST-104902,Sponsored Ads,US-South,0.164,2025-01-17,4,4,104.45,0.0,2025-01-18,2025-05-07,True,True
CUST-104903,External Traffic,US-West,0.478,2025-09-10,2,2,39.66,0.0,2025-09-29,2025-11-09,True,False
CUST-104904,Organic Search,US-Midwest,0.869,2025-05-31,3,3,82.01,31.26,2025-06-30,2025-10-14,True,False
CUST-104905,Organic Search,US-West,0.158,2025-02-08,3,3,60.74,0.0,2025-02-08,2025-09-14,True,True
CUST-104906,External Traffic,US-East,0.495,2025-02-08,4,4,81.05,0.0,2025-02-19,2025-11-29,True,False
CUST-104907,Sponsored Ads,US-Midwest,0.489,2025-07-30,1,1,21.52,0.0,2025-08-10,2025-08-10,False,True
CUST-104908,Organic Search,US-South,0.558,2025-07-05,1,1,15.29,0.0,2025-07-11,2025-07-11,False,True
CUST-104909,Sponsored Ads,US-West,0.307,2025-05-04,2,2,31.9,0.0,2025-05-12,2025-06-18,True,True
CUST-104910,Sponsored Ads,US-South,0.215,2025-05-02,1,1,18.15,0.0,2025-05-03,2025-05-03,False,True
CUST-104911,Organic Search,US-West,0.224,2025-01-11,6,27,367.81,0.0,2025-01-12,2025-07-11,True,True
CUST-104912,Sponsored Ads,US-East,0.766,2025-01-10,8,8,162.68,0.0,2025-01-10,2025-11-13,True,False
CUST-104913,Referral,US-Midwest,0.303,2025-06-10,1,1,19.02,0.0,2025-06-25,2025-06-25,False,True
CUST-104914,Sponsored Ads,US-East,0.4,2025-04-20,3,3,80.61,0.0,2025-04-22,2025-12-09,True,False
CUST-104915,External Traffic,US-Midwest,0.921,2025-03-17,3,3,56.99,0.0,2025-03-25,2025-09-08,True,True
CUST-104916,Organic Search,US-South,0.353,2025-04-24,1,1,19.57,19.57,2025-05-08,2025-05-08,False,True
CUST-104917,Organic Search,US-South,0.568,2025-07-01,2,2,34.9,0.0,2025-07-08,2025-10-09,True,False
CUST-104918,Referral,US-South,0.713,2025-03-29,4,4,63.15,0.0,2025-03-29,2025-09-15,True,True
CUST-104919,Organic Search,US-South,0.703,2025-04-15,2,2,53.91,0.0,2025-04-17,2025-05-10,True,True
CUST-104920,Sponsored Ads,US-West,0.234,2025-03-26,3,3,79.61,0.0,2025-03-29,2025-06-05,True,True
CUST-104921,Sponsored Ads,US-Midwest,0.357,2025-07-19,1,1,32.46,0.0,2025-09-21,2025-09-21,False,True
CUST-104922,Sponsored Ads,US-East,0.56,2025-01-17,5,5,95.35,0.0,2025-01-18,2025-11-04,True,False
CUST-104923,External Traffic,US-South,0.886,2025-10-03,1,1,12.61,0.0,2025-11-15,2025-11-15,False,False
CUST-104924,Organic Search,US-South,0.348,2025-06-16,3,3,76.61,0.0,2025-06-20,2025-12-01,True,False
CUST-104925,Sponsored Ads,US-South,0.401,2025-03-15,5,5,114.88,0.0,2025-03-29,2025-11-18,True,False
CUST-104926,Sponsored Ads,US-East,0.584,2025-08-16,6,20,336.38,0.0,2025-09-01,2025-12-25,True,False
CUST-104927,Organic Search,US-Midwest,0.624,2025-10-09,2,2,43.91,0.0,2025-11-11,2025-12-08,True,False
CUST-104928,Organic Search,US-West,0.636,2025-01-18,8,8,190.51,20.99,2025-01-20,2025-12-23,True,False
CUST-104929,Sponsored Ads,US-South,0.331,2025-03-03,3,3,71.06,0.0,2025-03-05,2025-08-19,True,True
CUST-104930,External Traffic,US-South,0.394,2025-02-13,2,28,813.34,0.0,2025-02-25,2025-04-07,True,True
CUST-104931,Organic Search,US-South,0.543,2025-01-22,8,8,166.95,0.0,2025-01-30,2025-12-11,True,False
CUST-104932,External Traffic,US-West,0.752,2025-08-10,1,1,12.96,0.0,2025-08-23,2025-08-23,False,True
CUST-104933,Sponsored Ads,US-East,0.452,2025-02-27,4,4,115.69,0.0,2025-02-28,2025-12-28,True,False
CUST-104934,Organic Search,US-West,0.496,2025-04-26,4,4,69.5,13.04,2025-05-16,2025-12-04,True,False
CUST-104935,Sponsored Ads,US-South,0.295,2025-09-02,1,1,26.12,0.0,2025-09-07,2025-09-07,False,True
CUST-104936,Sponsored Ads,US-South,0.873,2025-07-03,1,1,12.75,0.0,2025-11-11,2025-11-11,False,False
CUST-104937,Organic Search,US-South,0.531,2025-07-23,2,2,34.32,0.0,2025-07-29,2025-12-15,True,False
CUST-104938,Organic Search,US-Midwest,0.716,2025-01-30,5,5,90.88,0.0,2025-02-02,2025-12-13,True,False
CUST-104939,Sponsored Ads,US-East,0.506,2025-10-19,1,1,19.33,0.0,2025-11-04,2025-11-04,False,False
CUST-104940,External Traffic,US-East,0.517,2025-01-25,5,5,75.77,0.0,2025-01-28,2025-10-07,True,False
CUST-104941,Sponsored Ads,US-East,0.2,2025-08-01,1,1,20.91,0.0,2025-08-03,2025-08-03,False,True
CUST-104942,Organic Search,US-West,0.07,2025-07-11,1,1,32.39,0.0,2025-09-04,2025-09-04,False,True
CUST-104943,Referral,US-Midwest,0.75,2025-05-04,2,2,59.09,0.0,2025-05-15,2025-11-17,True,False
CUST-104944,Organic Search,US-Midwest,0.516,2025-09-09,3,3,57.62,0.0,2025-10-03,2025-12-20,True,False
CUST-104945,External Traffic,US-East,0.541,2025-09-25,1,1,21.8,0.0,2025-11-20,2025-11-20,False,False
CUST-104946,Organic Search,US-Midwest,0.25,2025-01-22,4,4,76.37,0.0,2025-01-24,2025-03-25,True,True
CUST-104947,External Traffic,US-West,0.319,2025-10-15,1,1,11.75,0.0,2025-10-25,2025-10-25,False,False
CUST-104948,Organic Search,US-West,0.712,2025-03-14,5,5,121.23,0.0,2025-04-10,2025-12-30,True,False
CUST-104949,Organic Search,US-East,0.848,2025-08-26,1,1,33.62,0.0,2025-10-10,2025-10-10,False,False
CUST-104950,Sponsored Ads,US-East,0.376,2025-09-04,2,2,33.07,0.0,2025-09-06,2025-10-31,True,False
CUST-104951,Organic Search,US-West,0.634,2025-06-16,4,60,828.87,0.0,2025-07-17,2025-10-28,True,False
CUST-104952,Sponsored Ads,US-South,0.538,2025-09-16,2,2,34.46,0.0,2025-11-16,2025-12-23,True,False
CUST-104953,Referral,US-Midwest,0.476,2025-09-05,2,2,50.13,33.91,2025-11-05,2025-11-30,True,False
CUST-104954,Sponsored Ads,US-East,0.87,2025-06-06,3,59,929.9,0.0,2025-06-10,2025-11-17,True,False
CUST-104955,Sponsored Ads,US-East,0.409,2025-02-23,3,3,62.28,0.0,2025-02-24,2025-11-14,True,False
CUST-104956,External Traffic,US-West,0.748,2025-05-11,1,1,11.68,0.0,2025-05-14,2025-05-14,False,True
CUST-104957,Sponsored Ads,US-East,0.576,2025-09-28,4,4,103.29,0.0,2025-09-29,2025-12-05,True,False
CUST-104958,Sponsored Ads,US-Midwest,0.497,2025-03-02,5,5,120.54,0.0,2025-03-11,2025-08-01,True,True
CUST-104959,Organic Search,US-Midwest,0.774,2025-10-27,2,2,27.0,12.06,2025-11-15,2025-11-29,True,False
CUST-104960,Sponsored Ads,US-West,0.558,2025-02-24,3,3,59.25,0.0,2025-02-24,2025-12-18,True,False
CUST-104961,Sponsored Ads,US-West,0.481,2025-07-19,4,4,79.85,0.0,2025-07-26,2025-12-17,True,False
CUST-104962,Organic Search,US-Midwest,0.776,2025-07-12,2,51,670.26,0.0,2025-09-28,2025-11-07,True,False
CUST-104963,Sponsored Ads,US-West,0.75,2025-02-28,2,2,37.05,0.0,2025-03-02,2025-05-14,True,True
CUST-104964,Sponsored Ads,US-South,0.74,2025-05-22,2,2,37.71,0.0,2025-06-25,2025-12-21,True,False
CUST-104965,Sponsored Ads,US-Midwest,0.02,2025-02-13,2,2,44.22,0.0,2025-02-14,2025-12-08,True,False
CUST-104966,Sponsored Ads,US-Midwest,0.588,2025-04-20,1,1,30.61,0.0,2025-05-01,2025-05-01,False,True
CUST-104967,Sponsored Ads,US-South,0.542,2025-10-15,2,2,51.0,0.0,2025-10-20,2025-12-30,True,False
CUST-104968,Sponsored Ads,US-East,0.493,2025-01-17,4,4,85.26,0.0,2025-01-17,2025-04-22,True,True
CUST-104969,Organic Search,US-Midwest,0.622,2025-09-19,2,2,42.41,0.0,2025-10-05,2025-12-30,True,False
CUST-104970,Organic Search,US-South,0.552,2025-07-23,1,1,31.77,0.0,2025-10-20,2025-10-20,False,False
CUST-104971,Sponsored Ads,US-Midwest,0.636,2025-08-13,3,3,66.85,0.0,2025-08-30,2025-11-28,True,False
CUST-104972,Sponsored Ads,US-South,0.446,2025-03-26,3,3,61.05,22.36,2025-04-01,2025-06-11,True,True
CUST-104973,External Traffic,US-Midwest,0.8,2025-10-12,4,4,82.68,0.0,2025-11-05,2025-12-22,True,False
CUST-104974,Organic Search,US-Midwest,0.656,2025-03-18,3,3,89.56,0.0,2025-04-11,2025-05-31,True,True
CUST-104975,Organic Search,US-West,0.609,2025-06-01,3,3,62.46,0.0,2025-06-05,2025-10-02,True,False
CUST-104976,Organic Search,US-East,0.599,2025-01-12,8,8,168.99,0.0,2025-01-12,2025-12-19,True,False
CUST-104977,Sponsored Ads,US-Midwest,0.731,2025-09-24,2,2,54.04,0.0,2025-10-21,2025-12-06,True,False
CUST-104978,External Traffic,US-West,0.704,2025-07-31,2,2,34.76,0.0,2025-09-12,2025-11-30,True,False
CUST-104979,Referral,US-South,0.477,2025-02-18,5,5,82.04,0.0,2025-02-20,2025-12-17,True,False
CUST-104980,Referral,US-East,0.698,2025-07-18,2,2,62.58,0.0,2025-09-11,2025-11-24,True,False
CUST-104981,Sponsored Ads,US-West,0.535,2025-02-24,1,1,15.79,0.0,2025-03-03,2025-03-03,False,True
CUST-104982,Sponsored Ads,US-South,0.883,2025-05-14,5,5,92.43,12.28,2025-06-02,2025-12-27,True,False
CUST-104983,Sponsored Ads,US-Midwest,0.72,2025-06-03,4,4,84.02,0.0,2025-06-10,2025-08-28,True,True
CUST-104984,Sponsored Ads,US-Midwest,0.375,2025-10-07,1,1,25.36,0.0,2025-10-14,2025-10-14,False,False
CUST-104985,Sponsored Ads,US-East,0.95,2025-04-10,5,5,127.36,0.0,2025-04-27,2025-12-28,True,False
CUST-104986,Organic Search,US-West,0.08,2025-01-04,2,2,46.74,0.0,2025-01-05,2025-01-16,True,True
CUST-104987,Sponsored Ads,US-Midwest,0.627,2025-05-10,1,1,21.91,0.0,2025-05-14,2025-05-14,False,True
CUST-104988,Referral,US-Midwest,0.361,2025-10-05,1,1,32.04,0.0,2025-11-28,2025-11-28,False,False
CUST-104989,Sponsored Ads,US-South,0.876,2025-08-28,3,3,57.58,22.32,2025-09-09,2025-11-02,True,False
CUST-104990,Sponsored Ads,US-South,0.551,2025-01-18,8,8,135.27,0.0,2025-01-18,2025-12-28,True,False
CUST-104991,External Traffic,US-South,0.341,2025-01-17,5,78,1859.82,847.84,2025-01-18,2025-12-19,True,False
CUST-104992,Organic Search,US-West,0.447,2025-08-16,1,1,19.1,0.0,2025-10-12,2025-10-12,False,False
CUST-104993,Sponsored Ads,US-West,0.357,2025-08-05,1,1,21.22,0.0,2025-08-31,2025-08-31,False,True
CUST-104994,Organic Search,US-West,0.439,2025-06-17,1,1,31.5,0.0,2025-07-10,2025-07-10,False,True
CUST-104995,Sponsored Ads,US-Midwest,0.434,2025-01-27,5,5,113.69,0.0,2025-02-01,2025-12-29,True,False
CUST-104996,Sponsored Ads,US-West,0.35,2025-03-26,3,3,69.87,0.0,2025-04-01,2025-08-17,True,True
CUST-104997,Organic Search,US-South,0.554,2025-09-12,1,1,12.22,0.0,2025-10-24,2025-10-24,False,False
CUST-104998,Sponsored Ads,US-East,0.578,2025-02-11,6,6,104.97,0.0,2025-02-11,2025-11-08,True,False
CUST-104999,Organic Search,US-West,0.301,2025-03-02,3,3,62.98,0.0,2025-03-03,2025-12-14,True,False
CUST-105000,Sponsored Ads,US-Midwest,0.168,2025-05-16,1,1,33.63,0.0,2025-05-29,2025-05-29,False,True
CUST-105001,Organic Search,US-West,0.562,2025-08-09,2,2,52.82,0.0,2025-08-12,2025-10-26,True,False
CUST-105002,External Traffic,US-Midwest,0.606,2025-09-06,1,1,33.08,0.0,2025-09-19,2025-09-19,False,True
CUST-105003,Sponsored Ads,US-Midwest,0.646,2025-06-27,3,3,54.67,0.0,2025-07-28,2025-09-19,True,True
CUST-105004,Sponsored Ads,US-Midwest,0.61,2025-05-28,1,1,14.49,0.0,2025-08-22,2025-08-22,False,True
CUST-105005,Organic Search,US-West,0.815,2025-04-26,3,3,68.2,0.0,2025-05-06,2025-12-10,True,False
CUST-105006,External Traffic,US-Midwest,0.699,2025-01-14,5,5,109.84,0.0,2025-01-14,2025-08-08,True,True
CUST-105007,Organic Search,US-South,0.95,2025-03-22,4,4,82.62,0.0,2025-03-25,2025-11-20,True,False
CUST-105008,Organic Search,US-East,0.95,2025-03-06,3,3,46.88,0.0,2025-03-07,2025-12-14,True,False
CUST-105009,Organic Search,US-South,0.148,2025-01-18,3,3,65.23,0.0,2025-01-23,2025-10-15,True,False
CUST-105010,Sponsored Ads,US-East,0.061,2025-08-12,2,2,41.88,0.0,2025-08-29,2025-11-19,True,False
CUST-105011,Organic Search,US-East,0.499,2025-04-17,1,1,29.12,0.0,2025-04-22,2025-04-22,False,True
CUST-105012,Sponsored Ads,US-East,0.601,2025-06-02,3,3,54.1,0.0,2025-06-20,2025-12-14,True,False
CUST-105013,Organic Search,US-South,0.485,2025-03-02,3,3,78.79,0.0,2025-03-09,2025-11-20,True,False
CUST-105014,Sponsored Ads,US-South,0.641,2025-06-27,5,5,99.35,30.4,2025-06-27,2025-12-06,True,False
CUST-105015,Sponsored Ads,US-West,0.446,2025-02-10,3,3,56.06,0.0,2025-02-25,2025-07-04,True,True
CUST-105016,Organic Search,US-West,0.361,2025-07-23,2,2,30.59,0.0,2025-08-22,2025-09-11,True,True
CUST-105017,Organic Search,US-Midwest,0.391,2025-08-10,2,2,36.38,0.0,2025-08-25,2025-12-13,True,False
CUST-105018,Organic Search,US-South,0.46,2025-04-04,1,1,24.29,0.0,2025-05-20,2025-05-20,False,True
CUST-105019,Organic Search,US-Midwest,0.669,2025-03-05,5,32,924.94,0.0,2025-03-23,2025-12-30,True,False
CUST-105020,Referral,US-East,0.403,2025-08-23,1,1,21.42,0.0,2025-08-28,2025-08-28,False,True
CUST-105021,External Traffic,US-East,0.442,2025-03-08,4,4,58.94,0.0,2025-03-08,2025-10-26,True,False
CUST-105022,External Traffic,US-East,0.614,2025-02-23,5,62,1893.76,0.0,2025-03-06,2025-12-04,True,False
CUST-105023,Organic Search,US-South,0.46,2025-04-13,1,1,19.59,0.0,2025-04-27,2025-04-27,False,True
CUST-105024,Organic Search,US-Midwest,0.723,2025-10-17,1,1,28.95,0.0,2025-10-19,2025-10-19,False,False
CUST-105025,Organic Search,US-South,0.316,2025-05-19,1,1,13.34,0.0,2025-06-13,2025-06-13,False,True
CUST-105026,Organic Search,US-East,0.273,2025-03-20,3,3,43.43,0.0,2025-03-23,2025-12-13,True,False
CUST-105027,Sponsored Ads,US-Midwest,0.561,2025-06-04,4,4,69.95,0.0,2025-06-12,2025-12-24,True,False
CUST-105028,Organic Search,US-South,0.581,2025-04-15,3,3,44.03,0.0,2025-04-22,2025-12-12,True,False
CUST-105029,Sponsored Ads,US-East,0.327,2025-07-19,3,3,55.12,0.0,2025-07-20,2025-09-14,True,True
CUST-105030,Sponsored Ads,US-West,0.769,2025-05-12,1,1,16.12,0.0,2025-07-16,2025-07-16,False,True
CUST-105031,External Traffic,US-South,0.885,2025-06-26,7,7,163.11,0.0,2025-08-02,2025-12-25,True,False
CUST-105032,Sponsored Ads,US-South,0.374,2025-05-11,2,2,49.71,0.0,2025-05-13,2025-08-12,True,True
CUST-105033,Organic Search,US-Midwest,0.797,2025-05-25,1,29,371.67,0.0,2025-06-19,2025-06-19,False,True
CUST-105034,Organic Search,US-West,0.024,2025-05-15,1,1,31.16,0.0,2025-06-06,2025-06-06,False,True
CUST-105035,Sponsored Ads,US-West,0.715,2025-04-29,2,2,48.28,0.0,2025-05-01,2025-08-28,True,True
CUST-105036,External Traffic,US-Midwest,0.328,2025-10-17,1,1,15.55,0.0,2025-10-20,2025-10-20,False,False
CUST-105037,Sponsored Ads,US-South,0.695,2025-03-21,2,2,32.09,18.88,2025-03-21,2025-12-16,True,False
CUST-105038,External Traffic,US-West,0.308,2025-08-30,1,1,22.05,22.05,2025-10-21,2025-10-21,False,False
CUST-105039,External Traffic,US-West,0.486,2025-08-01,1,1,12.85,0.0,2025-08-21,2025-08-21,False,True
CUST-105040,Sponsored Ads,US-East,0.338,2025-06-08,1,1,19.7,0.0,2025-09-19,2025-09-19,False,True
CUST-105041,Sponsored Ads,US-South,0.457,2025-04-06,2,2,37.58,0.0,2025-04-26,2025-12-27,True,False
CUST-105042,Sponsored Ads,US-West,0.866,2025-05-26,3,3,66.79,0.0,2025-05-29,2025-10-11,True,False
CUST-105043,Sponsored Ads,US-East,0.478,2025-09-12,3,28,607.96,0.0,2025-10-16,2025-12-25,True,False
CUST-105044,Sponsored Ads,US-South,0.922,2025-02-24,5,5,87.79,22.55,2025-02-25,2025-12-29,True,False
CUST-105045,Referral,US-Midwest,0.423,2025-06-25,2,2,48.54,0.0,2025-09-05,2025-09-06,True,True
CUST-105046,Sponsored Ads,US-East,0.798,2025-08-18,1,1,15.25,0.0,2025-08-30,2025-08-30,False,True
CUST-105047,External Traffic,US-East,0.175,2025-07-10,2,2,37.94,0.0,2025-07-11,2025-12-12,True,False
CUST-105048,Sponsored Ads,US-East,0.443,2025-02-13,2,2,50.82,0.0,2025-02-18,2025-02-20,True,True
CUST-105049,Referral,US-West,0.393,2025-06-02,1,1,24.62,0.0,2025-06-28,2025-06-28,False,True
CUST-105050,Sponsored Ads,US-West,0.808,2025-02-24,5,5,93.71,0.0,2025-02-26,2025-09-06,True,True
CUST-105051,Organic Search,US-Midwest,0.537,2025-10-06,2,2,32.86,0.0,2025-10-18,2025-12-01,True,False
CUST-105052,Organic Search,US-West,0.082,2025-04-16,1,1,12.11,0.0,2025-05-14,2025-05-14,False,True
CUST-105053,Sponsored Ads,US-Midwest,0.238,2025-05-07,1,1,34.17,0.0,2025-05-19,2025-05-19,False,True
CUST-105054,External Traffic,US-West,0.297,2025-09-15,3,3,59.78,0.0,2025-11-14,2025-12-26,True,False
CUST-105055,Sponsored Ads,US-South,0.687,2025-05-09,2,2,55.17,0.0,2025-05-14,2025-12-31,True,False
CUST-105056,Organic Search,US-Midwest,0.661,2025-02-28,4,4,72.28,12.2,2025-03-04,2025-12-29,True,False
CUST-105057,Organic Search,US-South,0.44,2025-09-25,3,51,1532.36,0.0,2025-10-12,2025-12-07,True,False
CUST-105058,Organic Search,US-South,0.39,2025-07-14,1,1,32.91,0.0,2025-08-06,2025-08-06,False,True
CUST-105059,Sponsored Ads,US-East,0.643,2025-07-01,2,2,45.38,0.0,2025-07-31,2025-08-06,True,True
CUST-105060,Sponsored Ads,US-South,0.274,2025-01-23,2,2,44.69,0.0,2025-01-25,2025-01-30,True,True
CUST-105061,Sponsored Ads,US-South,0.592,2025-05-15,2,2,25.17,0.0,2025-07-07,2025-07-22,True,True
CUST-105062,Sponsored Ads,US-East,0.575,2025-05-18,5,5,103.18,0.0,2025-05-25,2025-12-29,True,False
CUST-105063,Sponsored Ads,US-West,0.445,2025-03-20,4,4,89.17,18.85,2025-03-27,2025-04-25,True,True
CUST-105064,Referral,US-Midwest,0.58,2025-06-19,3,3,42.33,0.0,2025-06-29,2025-09-24,True,True
CUST-105065,Organic Search,US-West,0.52,2025-03-15,5,36,737.92,30.0,2025-03-23,2025-06-19,True,True
CUST-105066,Organic Search,US-Midwest,0.599,2025-05-22,5,5,128.57,0.0,2025-05-26,2025-09-01,True,True
CUST-105067,Sponsored Ads,US-Midwest,0.233,2025-08-29,1,1,15.71,0.0,2025-09-07,2025-09-07,False,True
CUST-105068,Sponsored Ads,US-West,0.623,2025-08-09,2,2,49.1,0.0,2025-10-09,2025-12-15,True,False
CUST-105069,Organic Search,US-South,0.705,2025-03-25,3,3,64.79,0.0,2025-03-28,2025-11-16,True,False
CUST-105070,Sponsored Ads,US-South,0.564,2025-03-04,3,3,67.89,0.0,2025-03-11,2025-12-12,True,False
CUST-105071,Sponsored Ads,US-West,0.62,2025-01-02,10,10,227.58,0.0,2025-01-02,2025-02-20,True,True
CUST-105072,Organic Search,US-Midwest,0.478,2025-04-14,1,1,32.69,0.0,2025-04-29,2025-04-29,False,True
CUST-105073,Organic Search,US-West,0.678,2025-01-06,10,10,204.05,0.0,2025-01-06,2025-11-07,True,False
CUST-105074,Referral,US-West,0.513,2025-02-08,6,57,924.23,15.59,2025-02-08,2025-06-29,True,True
CUST-105075,Sponsored Ads,US-Midwest,0.27,2025-10-21,1,1,24.31,24.31,2025-11-26,2025-11-26,False,False
CUST-105076,Organic Search,US-South,0.664,2025-09-14,1,1,18.76,0.0,2025-09-22,2025-09-22,False,True
CUST-105077,Sponsored Ads,US-West,0.173,2025-06-17,1,1,33.45,0.0,2025-06-26,2025-06-26,False,True
CUST-105078,Sponsored Ads,US-West,0.557,2025-08-21,1,1,19.51,19.51,2025-11-23,2025-11-23,False,False
CUST-105079,Organic Search,US-East,0.423,2025-05-27,3,3,72.59,25.5,2025-06-18,2025-12-25,True,False
CUST-105080,Sponsored Ads,US-West,0.41,2025-06-30,1,1,15.13,0.0,2025-07-11,2025-07-11,False,True
CUST-105081,Organic Search,US-West,0.534,2025-10-03,1,57,1986.63,0.0,2025-11-05,2025-11-05,False,False
CUST-105082,Organic Search,US-South,0.358,2025-01-24,3,3,64.59,0.0,2025-02-07,2025-12-22,True,False
CUST-105083,Sponsored Ads,US-West,0.602,2025-04-16,4,4,97.48,31.06,2025-04-18,2025-12-26,True,False
CUST-105084,Referral,US-East,0.511,2025-02-05,5,5,108.44,0.0,2025-02-08,2025-09-18,True,True
CUST-105085,Organic Search,US-East,0.377,2025-08-27,1,1,12.97,12.97,2025-10-01,2025-10-01,False,True
CUST-105086,External Traffic,US-Midwest,0.768,2025-09-04,2,2,39.82,0.0,2025-09-29,2025-12-12,True,False
CUST-105087,Organic Search,US-Midwest,0.541,2025-08-05,1,1,19.11,0.0,2025-10-04,2025-10-04,False,False
CUST-105088,Referral,US-Midwest,0.626,2025-07-02,1,1,25.35,0.0,2025-07-20,2025-07-20,False,True
CUST-105089,Sponsored Ads,US-East,0.783,2025-05-24,3,3,57.99,29.07,2025-05-27,2025-07-19,True,True
CUST-105090,Organic Search,US-South,0.78,2025-01-08,9,9,206.54,0.0,2025-01-08,2025-12-24,True,False
CUST-105091,External Traffic,US-South,0.616,2025-08-21,1,1,32.04,32.04,2025-09-02,2025-09-02,False,True
CUST-105092,Sponsored Ads,US-Midwest,0.439,2025-09-26,1,1,23.08,0.0,2025-11-20,2025-11-20,False,False
CUST-105093,Sponsored Ads,US-South,0.214,2025-10-17,2,2,45.42,0.0,2025-10-20,2025-12-31,True,False
CUST-105094,Referral,US-Midwest,0.541,2025-04-13,1,1,18.88,0.0,2025-04-16,2025-04-16,False,True
CUST-105095,Organic Search,US-South,0.719,2025-03-02,3,3,51.7,0.0,2025-03-06,2025-10-17,True,False
CUST-105096,Organic Search,US-Midwest,0.571,2025-07-16,4,4,99.6,0.0,2025-07-22,2025-12-31,True,False
CUST-105097,Organic Search,US-South,0.02,2025-01-06,1,1,26.46,0.0,2025-01-07,2025-01-07,False,True
CUST-105098,External Traffic,US-South,0.674,2025-01-19,4,4,96.53,0.0,2025-01-23,2025-08-13,True,True
CUST-105099,External Traffic,US-South,0.686,2025-09-04,1,1,11.53,0.0,2025-10-24,2025-10-24,False,False
CUST-105100,Organic Search,US-East,0.44,2025-10-15,1,1,20.55,0.0,2025-11-22,2025-11-22,False,False
CUST-105101,Sponsored Ads,US-South,0.698,2025-05-02,4,4,104.19,0.0,2025-05-20,2025-12-24,True,False
CUST-105102,Sponsored Ads,US-East,0.626,2025-06-02,1,1,31.0,0.0,2025-06-05,2025-06-05,False,True
CUST-105103,Organic Search,US-South,0.363,2025-06-13,2,2,37.11,0.0,2025-06-26,2025-08-15,True,True
CUST-105104,External Traffic,US-East,0.754,2025-02-11,3,3,59.35,0.0,2025-02-22,2025-12-11,True,False
CUST-105105,Organic Search,US-Midwest,0.247,2025-03-08,2,2,46.27,0.0,2025-03-13,2025-04-28,True,True
CUST-105106,Sponsored Ads,US-South,0.489,2025-03-31,5,5,104.76,0.0,2025-04-09,2025-12-31,True,False
CUST-105107,Sponsored Ads,US-South,0.469,2025-09-10,1,1,13.16,0.0,2025-11-21,2025-11-21,False,False
CUST-105108,Organic Search,US-West,0.335,2025-05-12,2,2,28.75,0.0,2025-05-15,2025-05-28,True,True
CUST-105109,External Traffic,US-Midwest,0.561,2025-08-05,3,3,68.96,0.0,2025-09-04,2025-12-07,True,False
CUST-105110,Sponsored Ads,US-Midwest,0.762,2025-02-28,6,6,125.23,0.0,2025-03-08,2025-10-02,True,False
CUST-105111,Organic Search,US-West,0.75,2025-10-14,1,1,22.9,0.0,2025-11-05,2025-11-05,False,False
CUST-105112,External Traffic,US-East,0.645,2025-09-23,1,1,13.28,0.0,2025-09-23,2025-09-23,False,True
CUST-105113,Referral,US-South,0.161,2025-05-23,2,25,633.67,0.0,2025-06-02,2025-12-25,True,False
CUST-105114,Sponsored Ads,US-Midwest,0.233,2025-03-09,1,1,13.01,0.0,2025-03-14,2025-03-14,False,True
CUST-105115,Referral,US-South,0.533,2025-10-20,1,32,387.83,387.83,2025-10-23,2025-10-23,False,False
CUST-105116,Organic Search,US-East,0.493,2025-08-31,2,2,57.75,0.0,2025-09-15,2025-11-09,True,False
CUST-105117,External Traffic,US-East,0.4,2025-06-03,4,4,89.88,25.27,2025-06-06,2025-11-15,True,False
CUST-105118,Sponsored Ads,US-Midwest,0.881,2025-03-22,5,5,109.92,19.69,2025-05-01,2025-12-05,True,False
CUST-105119,Organic Search,US-Midwest,0.521,2025-07-06,1,1,33.67,0.0,2025-07-13,2025-07-13,False,True
CUST-105120,Organic Search,US-Midwest,0.608,2025-04-22,3,3,75.38,0.0,2025-05-02,2025-12-12,True,False
CUST-105121,Sponsored Ads,US-East,0.698,2025-07-22,1,1,30.82,0.0,2025-08-01,2025-08-01,False,True
CUST-105122,Organic Search,US-East,0.511,2025-09-07,1,1,19.23,0.0,2025-09-27,2025-09-27,False,True
CUST-105123,Organic Search,US-West,0.95,2025-05-27,5,5,97.09,19.49,2025-06-07,2025-12-09,True,False
CUST-105124,Organic Search,US-Midwest,0.312,2025-01-15,4,4,79.37,18.51,2025-01-19,2025-05-27,True,True
CUST-105125,Sponsored Ads,US-Midwest,0.379,2025-06-18,1,1,21.61,0.0,2025-08-14,2025-08-14,False,True
CUST-105126,Organic Search,US-West,0.311,2025-09-15,1,1,29.26,0.0,2025-10-28,2025-10-28,False,False
CUST-105127,Sponsored Ads,US-West,0.813,2025-03-08,7,7,142.67,0.0,2025-03-09,2025-12-07,True,False
CUST-105128,Referral,US-South,0.66,2025-10-15,2,2,49.32,0.0,2025-11-13,2025-12-23,True,False
CUST-105129,Referral,US-East,0.391,2025-04-19,3,3,66.52,0.0,2025-05-13,2025-12-06,True,False
CUST-105130,Sponsored Ads,US-East,0.327,2025-07-25,1,1,28.14,0.0,2025-09-08,2025-09-08,False,True
CUST-105131,Sponsored Ads,US-East,0.777,2025-07-30,1,1,13.2,0.0,2025-08-10,2025-08-10,False,True
CUST-105132,Sponsored Ads,US-South,0.572,2025-02-24,5,5,114.98,0.0,2025-02-27,2025-11-01,True,False
CUST-105133,Organic Search,US-Midwest,0.782,2025-01-12,7,46,929.36,0.0,2025-01-13,2025-03-05,True,True
CUST-105134,External Traffic,US-Midwest,0.488,2025-10-12,1,1,33.29,0.0,2025-11-13,2025-11-13,False,False
CUST-105135,Organic Search,US-East,0.602,2025-07-30,2,2,38.45,0.0,2025-08-01,2025-12-03,True,False
CUST-105136,Sponsored Ads,US-Midwest,0.56,2025-07-09,1,1,20.53,0.0,2025-10-04,2025-10-04,False,False
CUST-105137,Sponsored Ads,US-South,0.375,2025-04-02,2,2,43.85,0.0,2025-04-11,2025-05-15,True,True
CUST-105138,Sponsored Ads,US-West,0.471,2025-02-02,2,2,36.43,0.0,2025-02-02,2025-12-10,True,False
CUST-105139,External Traffic,US-Midwest,0.263,2025-03-23,3,3,79.74,0.0,2025-04-03,2025-12-26,True,False
CUST-105140,Organic Search,US-East,0.599,2025-06-14,1,1,31.94,0.0,2025-07-01,2025-07-01,False,True
CUST-105141,Organic Search,US-South,0.652,2025-07-28,1,1,25.44,0.0,2025-08-15,2025-08-15,False,True
CUST-105142,Sponsored Ads,US-South,0.698,2025-04-06,2,2,42.31,0.0,2025-04-16,2025-12-01,True,False
CUST-105143,Referral,US-Midwest,0.633,2025-03-06,5,5,108.31,0.0,2025-03-23,2025-12-29,True,False
CUST-105144,Sponsored Ads,US-Midwest,0.474,2025-03-16,5,5,107.37,0.0,2025-04-01,2025-12-03,True,False
CUST-105145,External Traffic,US-Midwest,0.81,2025-10-16,2,2,34.27,19.96,2025-10-25,2025-11-26,True,False
CUST-105146,External Traffic,US-South,0.678,2025-07-09,4,4,97.96,0.0,2025-09-11,2025-11-06,True,False
CUST-105147,Organic Search,US-East,0.778,2025-10-25,2,2,49.78,0.0,2025-11-17,2025-12-10,True,False
CUST-105148,External Traffic,US-East,0.79,2025-01-02,13,13,250.89,0.0,2025-01-02,2025-12-31,True,False
CUST-105149,Sponsored Ads,US-Midwest,0.475,2025-05-18,4,4,99.24,0.0,2025-06-07,2025-12-15,True,False
CUST-105150,Organic Search,US-West,0.578,2025-05-18,1,1,20.78,0.0,2025-05-27,2025-05-27,False,True
CUST-105151,Sponsored Ads,US-South,0.655,2025-05-01,6,6,154.89,0.0,2025-05-07,2025-12-31,True,False
CUST-105152,Organic Search,US-South,0.27,2025-04-28,2,2,37.27,0.0,2025-06-05,2025-08-08,True,True
CUST-105153,Sponsored Ads,US-West,0.275,2025-01-24,3,3,59.16,24.66,2025-02-12,2025-03-29,True,True
CUST-105154,Sponsored Ads,US-South,0.24,2025-01-10,2,2,54.91,0.0,2025-01-10,2025-09-28,True,True
CUST-105155,Sponsored Ads,US-East,0.478,2025-08-22,2,2,59.93,0.0,2025-08-26,2025-11-04,True,False
CUST-105156,Sponsored Ads,US-East,0.433,2025-05-13,3,3,62.07,0.0,2025-05-27,2025-12-20,True,False
CUST-105157,Organic Search,US-South,0.213,2025-02-18,1,1,19.74,0.0,2025-02-24,2025-02-24,False,True
CUST-105158,Organic Search,US-West,0.53,2025-04-15,3,3,76.2,0.0,2025-04-16,2025-07-23,True,True
CUST-105159,Sponsored Ads,US-West,0.481,2025-10-07,1,1,23.2,0.0,2025-11-17,2025-11-17,False,False
CUST-105160,Referral,US-East,0.736,2025-05-21,1,1,24.85,0.0,2025-05-25,2025-05-25,False,True
CUST-105161,Referral,US-South,0.903,2025-10-25,1,1,15.28,0.0,2025-11-17,2025-11-17,False,False
CUST-105162,Sponsored Ads,US-West,0.591,2025-02-18,3,3,46.96,0.0,2025-03-13,2025-05-07,True,True
CUST-105163,Organic Search,US-East,0.361,2025-02-06,3,3,58.75,12.79,2025-03-02,2025-10-27,True,False
CUST-105164,Organic Search,US-East,0.629,2025-06-19,2,2,29.35,0.0,2025-06-25,2025-11-08,True,False
CUST-105165,Organic Search,US-South,0.502,2025-07-24,1,1,21.97,0.0,2025-07-26,2025-07-26,False,True
CUST-105166,Sponsored Ads,US-East,0.452,2025-10-22,2,2,33.78,20.48,2025-11-14,2025-12-15,True,False
CUST-105167,Organic Search,US-West,0.328,2025-05-20,2,2,41.64,0.0,2025-05-22,2025-10-19,True,False
CUST-105168,Sponsored Ads,US-South,0.407,2025-03-02,3,3,53.51,0.0,2025-03-14,2025-11-08,True,False
CUST-105169,Sponsored Ads,US-Midwest,0.464,2025-06-12,2,2,64.54,0.0,2025-07-11,2025-11-26,True,False
CUST-105170,Organic Search,US-South,0.661,2025-04-03,2,2,44.59,0.0,2025-04-08,2025-09-11,True,True
CUST-105171,Organic Search,US-East,0.602,2025-02-23,5,59,1139.89,0.0,2025-02-28,2025-07-12,True,True
CUST-105172,External Traffic,US-East,0.865,2025-01-27,7,7,141.5,0.0,2025-01-29,2025-08-18,True,True
CUST-105173,Sponsored Ads,US-West,0.635,2025-08-06,3,3,73.65,30.68,2025-11-02,2025-12-31,True,False
CUST-105174,Sponsored Ads,US-West,0.585,2025-07-12,2,2,38.73,0.0,2025-07-26,2025-11-09,True,False
CUST-105175,Sponsored Ads,US-East,0.439,2025-02-19,4,4,67.43,0.0,2025-02-24,2025-12-30,True,False
CUST-105176,Sponsored Ads,US-South,0.293,2025-06-17,1,1,21.06,0.0,2025-06-20,2025-06-20,False,True
CUST-105177,Sponsored Ads,US-East,0.386,2025-09-23,3,3,47.12,0.0,2025-10-20,2025-12-28,True,False
CUST-105178,Organic Search,US-Midwest,0.36,2025-09-03,2,2,41.49,0.0,2025-09-17,2025-12-15,True,False
CUST-105179,Organic Search,US-South,0.02,2025-05-17,1,1,13.17,0.0,2025-05-17,2025-05-17,False,True
CUST-105180,Organic Search,US-West,0.298,2025-01-18,3,3,76.88,21.66,2025-01-20,2025-03-01,True,True
CUST-105181,Sponsored Ads,US-South,0.82,2025-07-10,1,1,19.45,0.0,2025-10-01,2025-10-01,False,True
CUST-105182,Sponsored Ads,US-South,0.574,2025-06-04,4,4,101.47,0.0,2025-06-10,2025-12-10,True,False
CUST-105183,Organic Search,US-West,0.425,2025-10-04,1,1,14.18,0.0,2025-10-31,2025-10-31,False,False
CUST-105184,Sponsored Ads,US-East,0.58,2025-06-15,3,3,71.61,0.0,2025-07-21,2025-12-12,True,False
CUST-105185,External Traffic,US-Midwest,0.109,2025-08-10,1,1,18.02,0.0,2025-10-07,2025-10-07,False,False
CUST-105186,Sponsored Ads,US-East,0.556,2025-06-08,4,28,872.07,0.0,2025-06-09,2025-12-09,True,False
CUST-105187,Organic Search,US-East,0.755,2025-06-12,2,60,1762.52,0.0,2025-06-15,2025-09-20,True,True
CUST-105188,External Traffic,US-West,0.476,2025-04-06,2,2,43.78,0.0,2025-04-08,2025-08-07,True,True
CUST-105189,Organic Search,US-West,0.146,2025-05-01,1,1,19.3,0.0,2025-05-03,2025-05-03,False,True
CUST-105190,Organic Search,US-East,0.417,2025-03-30,4,4,70.99,0.0,2025-04-03,2025-10-24,True,False
CUST-105191,Organic Search,US-Midwest,0.756,2025-05-19,3,3,65.18,30.85,2025-05-26,2025-07-30,True,True
CUST-105192,Sponsored Ads,US-Midwest,0.552,2025-10-13,1,1,19.92,0.0,2025-11-02,2025-11-02,False,False
CUST-105193,Organic Search,US-South,0.216,2025-04-13,1,1,20.92,0.0,2025-04-15,2025-04-15,False,True
CUST-105194,External Traffic,US-Midwest,0.95,2025-05-19,4,4,115.88,30.31,2025-05-19,2025-12-07,True,False
CUST-105195,Referral,US-South,0.249,2025-10-11,1,1,18.94,0.0,2025-11-29,2025-11-29,False,False
CUST-105196,Organic Search,US-South,0.451,2025-02-15,3,3,50.6,0.0,2025-02-24,2025-12-24,True,False
CUST-105197,Sponsored Ads,US-East,0.293,2025-03-17,1,1,12.5,0.0,2025-03-23,2025-03-23,False,True
CUST-105198,External Traffic,US-West,0.293,2025-05-28,2,2,58.13,0.0,2025-06-01,2025-07-12,True,True
CUST-105199,Organic Search,US-East,0.41,2025-05-03,2,2,48.0,0.0,2025-05-14,2025-12-30,True,False
CUST-105200,Sponsored Ads,US-Midwest,0.627,2025-04-13,2,2,37.15,11.93,2025-05-07,2025-09-12,True,True
CUST-105201,Sponsored Ads,US-South,0.758,2025-08-22,1,1,25.5,0.0,2025-10-21,2025-10-21,False,False
CUST-105202,Sponsored Ads,US-Midwest,0.423,2025-05-30,3,3,51.86,0.0,2025-06-15,2025-10-27,True,False
CUST-105203,Organic Search,US-West,0.298,2025-04-20,1,1,24.6,0.0,2025-05-06,2025-05-06,False,True
CUST-105204,Sponsored Ads,US-West,0.596,2025-05-24,3,3,61.23,0.0,2025-05-26,2025-12-22,True,False
CUST-105205,Sponsored Ads,US-East,0.602,2025-09-23,3,3,75.55,0.0,2025-10-23,2025-12-19,True,False
CUST-105206,Sponsored Ads,US-East,0.548,2025-10-23,2,2,35.45,0.0,2025-11-12,2025-12-26,True,False
CUST-105207,Referral,US-Midwest,0.555,2025-03-14,3,3,65.91,0.0,2025-03-16,2025-08-16,True,True
CUST-105208,Sponsored Ads,US-East,0.477,2025-01-13,4,4,86.62,0.0,2025-01-15,2025-11-15,True,False
CUST-105209,Sponsored Ads,US-South,0.52,2025-01-10,5,5,107.41,0.0,2025-01-10,2025-12-20,True,False
CUST-105210,Organic Search,US-South,0.464,2025-05-14,1,1,13.03,0.0,2025-06-15,2025-06-15,False,True
CUST-105211,Sponsored Ads,US-East,0.714,2025-07-08,1,1,16.0,0.0,2025-07-28,2025-07-28,False,True
CUST-105212,Referral,US-Midwest,0.946,2025-01-16,7,7,123.77,0.0,2025-01-20,2025-04-22,True,True
CUST-105213,Referral,US-West,0.536,2025-06-02,2,2,51.78,0.0,2025-06-05,2025-07-28,True,True
CUST-105214,Organic Search,US-West,0.499,2025-04-30,1,1,15.12,0.0,2025-05-21,2025-05-21,False,True
CUST-105215,Organic Search,US-South,0.551,2025-10-07,1,1,20.5,0.0,2025-11-27,2025-11-27,False,False
CUST-105216,Sponsored Ads,US-South,0.368,2025-07-01,1,1,24.84,0.0,2025-07-11,2025-07-11,False,True
CUST-105217,Sponsored Ads,US-East,0.653,2025-05-07,3,3,84.43,0.0,2025-05-23,2025-12-23,True,False
CUST-105218,Sponsored Ads,US-Midwest,0.588,2025-06-25,1,1,24.49,0.0,2025-07-11,2025-07-11,False,True
CUST-105219,Sponsored Ads,US-West,0.416,2025-02-10,3,3,71.34,0.0,2025-02-18,2025-06-29,True,True
CUST-105220,Sponsored Ads,US-East,0.68,2025-05-23,1,55,901.65,0.0,2025-06-02,2025-06-02,False,True
CUST-105221,Organic Search,US-West,0.504,2025-04-09,3,3,49.48,0.0,2025-05-11,2025-12-31,True,False
CUST-105222,Sponsored Ads,US-West,0.306,2025-02-24,1,1,11.8,0.0,2025-03-07,2025-03-07,False,True
CUST-105223,Sponsored Ads,US-South,0.57,2025-04-28,1,1,15.16,0.0,2025-05-14,2025-05-14,False,True
CUST-105224,Organic Search,US-South,0.547,2025-07-11,1,1,12.94,0.0,2025-08-25,2025-08-25,False,True
CUST-105225,Organic Search,US-South,0.692,2025-06-24,2,2,40.64,0.0,2025-07-27,2025-09-01,True,True
CUST-105226,Sponsored Ads,US-Midwest,0.666,2025-10-17,2,2,33.07,0.0,2025-11-12,2025-12-19,True,False
CUST-105227,Sponsored Ads,US-West,0.478,2025-03-24,4,49,1441.37,0.0,2025-03-28,2025-06-29,True,True
CUST-105228,Sponsored Ads,US-South,0.406,2025-07-29,1,49,1437.96,0.0,2025-09-01,2025-09-01,False,True
CUST-105229,Sponsored Ads,US-West,0.5,2025-06-15,4,4,92.31,0.0,2025-07-01,2025-11-25,True,False
CUST-105230,External Traffic,US-Midwest,0.573,2025-09-20,1,1,18.83,0.0,2025-11-12,2025-11-12,False,False
CUST-105231,Referral,US-South,0.597,2025-09-30,2,2,44.64,0.0,2025-10-23,2025-12-04,True,False
CUST-105232,Organic Search,US-Midwest,0.56,2025-08-01,1,1,29.54,0.0,2025-09-10,2025-09-10,False,True
CUST-105233,Organic Search,US-South,0.482,2025-05-08,1,1,16.22,0.0,2025-05-10,2025-05-10,False,True
CUST-105234,Organic Search,US-East,0.699,2025-06-10,2,2,46.06,0.0,2025-06-20,2025-12-31,True,False
CUST-105235,Organic Search,US-South,0.365,2025-07-15,1,1,20.41,0.0,2025-08-03,2025-08-03,False,True
CUST-105236,Sponsored Ads,US-Midwest,0.95,2025-08-30,2,2,52.97,0.0,2025-09-12,2025-10-21,True,False
CUST-105237,Sponsored Ads,US-West,0.653,2025-03-10,2,2,35.16,0.0,2025-03-21,2025-04-10,True,True
CUST-105238,Organic Search,US-Midwest,0.275,2025-09-19,1,1,21.74,0.0,2025-11-10,2025-11-10,False,False
CUST-105239,Organic Search,US-South,0.537,2025-08-29,2,2,44.48,0.0,2025-09-03,2025-12-11,True,False
CUST-105240,Sponsored Ads,US-West,0.655,2025-01-27,6,53,731.14,0.0,2025-01-28,2025-05-11,True,True
CUST-105241,Sponsored Ads,US-Midwest,0.43,2025-03-22,2,2,52.95,0.0,2025-04-07,2025-07-19,True,True
CUST-105242,Sponsored Ads,US-West,0.201,2025-03-12,2,2,42.35,0.0,2025-03-12,2025-04-25,True,True
CUST-105243,Sponsored Ads,US-South,0.292,2025-06-23,1,1,30.46,0.0,2025-06-27,2025-06-27,False,True
CUST-105244,Organic Search,US-West,0.608,2025-03-04,2,2,27.8,0.0,2025-04-15,2025-04-19,True,True
CUST-105245,Organic Search,US-West,0.149,2025-04-01,2,2,31.67,0.0,2025-04-14,2025-12-19,True,False
CUST-105246,Organic Search,US-South,0.21,2025-02-26,2,2,34.91,12.96,2025-03-05,2025-06-17,True,True
CUST-105247,Sponsored Ads,US-South,0.607,2025-01-21,5,5,127.2,0.0,2025-01-22,2025-09-02,True,True
CUST-105248,Sponsored Ads,US-South,0.455,2025-05-18,3,3,47.05,0.0,2025-05-21,2025-12-12,True,False
CUST-105249,External Traffic,US-East,0.361,2025-04-06,3,3,56.05,0.0,2025-04-10,2025-12-19,True,False
CUST-105250,Organic Search,US-Midwest,0.401,2025-06-01,2,2,32.78,0.0,2025-06-05,2025-12-10,True,False
CUST-105251,Sponsored Ads,US-West,0.206,2025-03-05,2,2,30.96,0.0,2025-03-10,2025-06-17,True,True
CUST-105252,Sponsored Ads,US-Midwest,0.597,2025-03-27,2,25,373.48,0.0,2025-04-06,2025-09-16,True,True
CUST-105253,External Traffic,US-East,0.339,2025-09-25,1,1,13.6,0.0,2025-10-12,2025-10-12,False,False
CUST-105254,External Traffic,US-South,0.393,2025-08-30,2,2,46.07,0.0,2025-10-20,2025-11-23,True,False
CUST-105255,External Traffic,US-Midwest,0.569,2025-03-21,5,5,87.86,0.0,2025-03-29,2025-12-01,True,False
CUST-105256,Organic Search,US-East,0.449,2025-02-18,5,34,714.82,0.0,2025-02-21,2025-12-17,True,False
CUST-105257,Organic Search,US-East,0.359,2025-10-20,2,2,32.46,0.0,2025-10-20,2025-12-27,True,False
CUST-105258,Organic Search,US-Midwest,0.102,2025-07-24,1,1,12.16,0.0,2025-08-01,2025-08-01,False,True
CUST-105259,Sponsored Ads,US-Midwest,0.573,2025-05-28,3,3,67.7,19.26,2025-07-17,2025-12-30,True,False
CUST-105260,Organic Search,US-West,0.516,2025-07-29,2,2,39.1,0.0,2025-08-08,2025-12-02,True,False
CUST-105261,Organic Search,US-South,0.397,2025-03-08,3,3,78.52,23.41,2025-03-13,2025-10-16,True,False
CUST-105262,Sponsored Ads,US-East,0.293,2025-05-09,1,1,13.01,0.0,2025-05-13,2025-05-13,False,True
CUST-105263,External Traffic,US-South,0.503,2025-04-28,1,1,19.12,19.12,2025-06-23,2025-06-23,False,True
CUST-105264,Sponsored Ads,US-East,0.596,2025-08-05,2,2,25.16,0.0,2025-08-15,2025-12-16,True,False
CUST-105265,Sponsored Ads,US-West,0.52,2025-02-25,3,3,51.46,0.0,2025-03-02,2025-05-21,True,True
CUST-105266,Sponsored Ads,US-Midwest,0.828,2025-05-27,5,5,87.83,0.0,2025-06-15,2025-10-27,True,False
CUST-105267,External Traffic,US-South,0.641,2025-09-08,2,2,36.8,0.0,2025-10-17,2025-10-30,True,False
CUST-105268,Referral,US-East,0.479,2025-02-28,6,6,127.77,22.29,2025-02-28,2025-12-24,True,False
CUST-105269,Organic Search,US-West,0.648,2025-02-05,5,5,112.52,0.0,2025-02-08,2025-12-06,True,False
CUST-105270,Referral,US-West,0.51,2025-09-04,1,1,12.31,0.0,2025-09-19,2025-09-19,False,True
CUST-105271,External Traffic,US-East,0.509,2025-09-20,1,1,18.55,0.0,2025-11-05,2025-11-05,False,False
CUST-105272,External Traffic,US-South,0.759,2025-05-10,5,5,115.5,0.0,2025-05-13,2025-09-15,True,True
CUST-105273,External Traffic,US-East,0.32,2025-01-14,3,3,49.62,0.0,2025-01-14,2025-04-10,True,True
CUST-105274,Sponsored Ads,US-South,0.505,2025-06-12,1,1,23.36,0.0,2025-06-28,2025-06-28,False,True
CUST-105275,External Traffic,US-East,0.738,2025-03-31,1,1,21.81,21.81,2025-04-10,2025-04-10,False,True
CUST-105276,Organic Search,US-West,0.562,2025-06-26,4,4,83.69,0.0,2025-06-27,2025-12-22,True,False
CUST-105277,Organic Search,US-South,0.426,2025-02-11,6,6,153.43,29.46,2025-02-13,2025-11-04,True,False
CUST-105278,Sponsored Ads,US-West,0.159,2025-08-30,1,1,13.01,0.0,2025-09-17,2025-09-17,False,True
CUST-105279,Organic Search,US-West,0.046,2025-07-25,1,1,21.3,0.0,2025-10-01,2025-10-01,False,True
CUST-105280,Referral,US-West,0.915,2025-07-13,1,1,23.63,0.0,2025-09-13,2025-09-13,False,True
CUST-105281,Sponsored Ads,US-East,0.562,2025-06-03,6,60,828.71,0.0,2025-06-29,2025-12-05,True,False
CUST-105282,Referral,US-South,0.383,2025-03-08,1,1,21.85,0.0,2025-03-17,2025-03-17,False,True
CUST-105283,Sponsored Ads,US-Midwest,0.57,2025-10-09,1,1,31.43,0.0,2025-11-01,2025-11-01,False,False
CUST-105284,Sponsored Ads,US-West,0.31,2025-03-21,1,1,24.13,0.0,2025-03-22,2025-03-22,False,True
CUST-105285,Sponsored Ads,US-West,0.434,2025-04-20,4,4,99.12,0.0,2025-04-25,2025-08-06,True,True
CUST-105286,External Traffic,US-West,0.312,2025-10-05,2,2,51.11,0.0,2025-11-01,2025-12-02,True,False
CUST-105287,Organic Search,US-East,0.217,2025-01-13,4,60,1970.79,0.0,2025-01-14,2025-08-02,True,True
CUST-105288,Sponsored Ads,US-West,0.079,2025-02-07,1,1,20.42,0.0,2025-02-09,2025-02-09,False,True
CUST-105289,Organic Search,US-East,0.18,2025-08-17,1,1,25.11,0.0,2025-10-22,2025-10-22,False,False
CUST-105290,Sponsored Ads,US-Midwest,0.704,2025-04-21,2,2,34.13,0.0,2025-05-07,2025-06-05,True,True
CUST-105291,Organic Search,US-East,0.303,2025-06-23,3,3,66.95,0.0,2025-06-26,2025-11-29,True,False
CUST-105292,External Traffic,US-South,0.607,2025-06-24,1,1,11.72,0.0,2025-11-20,2025-11-20,False,False
CUST-105293,Organic Search,US-South,0.691,2025-09-06,1,1,19.99,0.0,2025-09-26,2025-09-26,False,True
CUST-105294,External Traffic,US-West,0.503,2025-07-06,4,4,57.28,0.0,2025-10-10,2025-12-18,True,False
CUST-105295,Organic Search,US-West,0.44,2025-05-08,3,3,62.31,0.0,2025-05-21,2025-12-12,True,False
CUST-105296,Referral,US-East,0.527,2025-06-14,3,32,987.88,0.0,2025-06-20,2025-10-09,True,False
CUST-105297,Sponsored Ads,US-East,0.417,2025-08-10,2,2,39.79,0.0,2025-08-12,2025-12-15,True,False
CUST-105298,Sponsored Ads,US-West,0.741,2025-04-24,2,2,43.58,0.0,2025-05-07,2025-11-24,True,False
CUST-105299,Sponsored Ads,US-South,0.875,2025-02-21,6,6,133.06,0.0,2025-02-22,2025-08-07,True,True
CUST-105300,Organic Search,US-East,0.79,2025-05-26,1,1,20.24,0.0,2025-05-29,2025-05-29,False,True
CUST-105301,Organic Search,US-East,0.07,2025-10-27,2,2,41.91,0.0,2025-10-31,2025-12-25,True,False
CUST-105302,Organic Search,US-South,0.413,2025-02-03,2,2,43.22,0.0,2025-02-03,2025-03-17,True,True
CUST-105303,Sponsored Ads,US-Midwest,0.501,2025-02-22,2,2,34.91,18.28,2025-02-22,2025-06-13,True,True
CUST-105304,Sponsored Ads,US-Midwest,0.593,2025-10-26,1,1,22.57,0.0,2025-11-15,2025-11-15,False,False
CUST-105305,Organic Search,US-Midwest,0.155,2025-09-06,1,1,31.39,0.0,2025-09-25,2025-09-25,False,True
CUST-105306,Referral,US-East,0.151,2025-02-05,2,2,44.34,0.0,2025-02-11,2025-07-10,True,True
CUST-105307,Sponsored Ads,US-West,0.761,2025-03-05,4,4,77.01,25.23,2025-03-08,2025-11-02,True,False
CUST-105308,Sponsored Ads,US-West,0.388,2025-07-27,2,2,56.25,0.0,2025-08-03,2025-12-12,True,False
CUST-105309,Sponsored Ads,US-East,0.203,2025-08-23,1,1,12.28,0.0,2025-08-31,2025-08-31,False,True
CUST-105310,Organic Search,US-East,0.279,2025-08-09,2,2,41.78,0.0,2025-10-01,2025-11-13,True,False
CUST-105311,Sponsored Ads,US-West,0.578,2025-09-16,1,1,19.55,0.0,2025-10-31,2025-10-31,False,False
CUST-105312,Sponsored Ads,US-West,0.335,2025-06-02,1,1,19.53,0.0,2025-07-09,2025-07-09,False,True
CUST-105313,Organic Search,US-West,0.548,2025-09-20,3,3,82.01,0.0,2025-10-01,2025-12-23,True,False
CUST-105314,Sponsored Ads,US-South,0.304,2025-06-28,1,1,25.36,0.0,2025-11-03,2025-11-03,False,False
CUST-105315,Sponsored Ads,US-East,0.151,2025-05-23,1,1,20.2,0.0,2025-06-01,2025-06-01,False,True
CUST-105316,Sponsored Ads,US-West,0.785,2025-07-10,2,2,55.66,0.0,2025-07-13,2025-09-19,True,True
CUST-105317,Referral,US-South,0.58,2025-05-09,3,3,66.44,0.0,2025-05-23,2025-11-19,True,False
CUST-105318,Organic Search,US-Midwest,0.433,2025-07-01,2,2,45.98,0.0,2025-07-23,2025-11-25,True,False
CUST-105319,Sponsored Ads,US-East,0.396,2025-09-08,1,1,16.04,0.0,2025-09-29,2025-09-29,False,True
CUST-105320,Sponsored Ads,US-East,0.793,2025-10-15,2,16,498.92,0.0,2025-11-05,2025-12-07,True,False
CUST-105321,Organic Search,US-East,0.618,2025-06-23,1,1,13.48,0.0,2025-06-30,2025-06-30,False,True
CUST-105322,External Traffic,US-East,0.729,2025-01-02,10,10,255.65,0.0,2025-01-05,2025-10-12,True,False
CUST-105323,Sponsored Ads,US-East,0.383,2025-07-06,2,2,36.67,0.0,2025-07-18,2025-08-14,True,True
CUST-105324,Sponsored Ads,US-Midwest,0.51,2025-03-17,4,4,81.23,0.0,2025-03-21,2025-10-15,True,False
CUST-105325,Sponsored Ads,US-Midwest,0.58,2025-03-12,1,1,30.31,0.0,2025-03-28,2025-03-28,False,True
CUST-105326,Organic Search,US-East,0.39,2025-09-22,2,2,49.91,0.0,2025-09-29,2025-12-23,True,False
CUST-105327,Referral,US-Midwest,0.481,2025-05-14,1,1,24.99,0.0,2025-05-17,2025-05-17,False,True
CUST-105328,Organic Search,US-Midwest,0.383,2025-08-26,1,1,24.45,0.0,2025-09-26,2025-09-26,False,True
CUST-105329,Sponsored Ads,US-West,0.58,2025-04-21,2,2,39.3,0.0,2025-05-02,2025-07-02,True,True
CUST-105330,External Traffic,US-East,0.236,2025-07-02,1,1,29.35,0.0,2025-09-23,2025-09-23,False,True
CUST-105331,Organic Search,US-South,0.614,2025-07-19,1,1,16.03,0.0,2025-11-02,2025-11-02,False,False
CUST-105332,Sponsored Ads,US-East,0.562,2025-09-25,1,1,24.33,0.0,2025-10-05,2025-10-05,False,False
CUST-105333,Sponsored Ads,US-East,0.459,2025-02-28,3,3,46.62,0.0,2025-03-10,2025-07-28,True,True
CUST-105334,Sponsored Ads,US-East,0.59,2025-06-18,7,7,159.62,0.0,2025-06-26,2025-11-25,True,False
CUST-105335,External Traffic,US-South,0.427,2025-05-02,3,3,56.34,0.0,2025-05-09,2025-06-17,True,True
CUST-105336,Organic Search,US-East,0.366,2025-05-20,3,3,61.13,0.0,2025-05-21,2025-11-19,True,False
CUST-105337,Organic Search,US-South,0.609,2025-09-12,1,1,15.43,0.0,2025-09-24,2025-09-24,False,True
CUST-105338,External Traffic,US-West,0.617,2025-02-10,4,4,81.06,18.78,2025-02-13,2025-07-17,True,True
CUST-105339,Sponsored Ads,US-Midwest,0.399,2025-06-13,1,1,23.7,0.0,2025-06-13,2025-06-13,False,True
CUST-105340,Sponsored Ads,US-West,0.381,2025-04-27,2,2,49.95,0.0,2025-04-28,2025-08-31,True,True
CUST-105341,Sponsored Ads,US-West,0.463,2025-09-26,1,1,18.86,0.0,2025-11-02,2025-11-02,False,False
CUST-105342,External Traffic,US-West,0.39,2025-03-06,4,4,78.87,0.0,2025-04-09,2025-12-27,True,False
CUST-105343,Organic Search,US-East,0.805,2025-03-11,4,4,73.74,0.0,2025-03-11,2025-12-26,True,False
CUST-105344,Sponsored Ads,US-South,0.563,2025-01-28,4,4,89.27,0.0,2025-02-02,2025-10-13,True,False
CUST-105345,Sponsored Ads,US-Midwest,0.503,2025-05-12,1,1,30.57,0.0,2025-05-22,2025-05-22,False,True
CUST-105346,Organic Search,US-East,0.313,2025-01-04,3,3,49.38,0.0,2025-01-04,2025-03-05,True,True
CUST-105347,Organic Search,US-West,0.648,2025-05-31,1,1,34.45,0.0,2025-07-01,2025-07-01,False,True
CUST-105348,Organic Search,US-East,0.378,2025-03-09,5,5,118.26,0.0,2025-03-15,2025-12-16,True,False
CUST-105349,Sponsored Ads,US-West,0.369,2025-05-01,1,1,19.68,0.0,2025-05-27,2025-05-27,False,True
CUST-105350,Referral,US-East,0.655,2025-07-01,3,3,60.89,33.14,2025-07-07,2025-11-03,True,False
CUST-105351,External Traffic,US-South,0.577,2025-07-25,1,1,19.48,0.0,2025-08-03,2025-08-03,False,True
CUST-105352,Organic Search,US-West,0.02,2025-01-19,2,2,43.38,0.0,2025-01-24,2025-06-19,True,True
CUST-105353,Organic Search,US-Midwest,0.468,2025-02-14,3,3,57.52,0.0,2025-03-23,2025-05-07,True,True
CUST-105354,Referral,US-West,0.525,2025-04-06,3,3,46.24,0.0,2025-04-08,2025-11-18,True,False
CUST-105355,Referral,US-South,0.432,2025-06-05,1,1,11.44,0.0,2025-06-30,2025-06-30,False,True
CUST-105356,Organic Search,US-Midwest,0.532,2025-09-23,1,1,22.24,0.0,2025-11-27,2025-11-27,False,False
CUST-105357,Organic Search,US-Midwest,0.138,2025-02-11,5,5,87.14,0.0,2025-02-14,2025-11-17,True,False
CUST-105358,Sponsored Ads,US-South,0.02,2025-01-21,1,1,15.87,0.0,2025-01-21,2025-01-21,False,True
CUST-105359,External Traffic,US-South,0.305,2025-07-08,2,2,35.76,0.0,2025-10-27,2025-11-12,True,False
CUST-105360,Organic Search,US-West,0.556,2025-10-21,1,1,33.06,0.0,2025-11-24,2025-11-24,False,False
CUST-105361,Sponsored Ads,US-West,0.02,2025-09-07,1,1,22.7,22.7,2025-10-17,2025-10-17,False,False
CUST-105362,Sponsored Ads,US-East,0.331,2025-06-19,1,1,19.78,0.0,2025-07-04,2025-07-04,False,True
CUST-105363,Referral,US-South,0.115,2025-01-06,2,2,52.51,0.0,2025-01-06,2025-04-11,True,True
CUST-105364,External Traffic,US-South,0.451,2025-06-22,2,2,39.55,19.58,2025-08-01,2025-12-02,True,False
CUST-105365,Referral,US-Midwest,0.892,2025-05-18,4,4,101.13,0.0,2025-06-29,2025-12-11,True,False
CUST-105366,Organic Search,US-East,0.457,2025-05-15,3,3,47.69,0.0,2025-05-29,2025-10-29,True,False
CUST-105367,External Traffic,US-Midwest,0.478,2025-05-28,3,3,61.94,50.09,2025-06-05,2025-11-11,True,False
CUST-105368,External Traffic,US-East,0.668,2025-06-18,2,2,47.92,0.0,2025-06-28,2025-09-11,True,True
CUST-105369,Sponsored Ads,US-West,0.504,2025-08-05,1,1,16.51,0.0,2025-10-01,2025-10-01,False,True
CUST-105370,Sponsored Ads,US-South,0.457,2025-02-27,6,6,140.6,24.83,2025-03-10,2025-12-11,True,False
CUST-105371,Referral,US-West,0.685,2025-01-23,3,3,55.8,0.0,2025-01-29,2025-12-19,True,False
CUST-105372,Sponsored Ads,US-East,0.594,2025-01-16,1,1,19.76,0.0,2025-01-22,2025-01-22,False,True
CUST-105373,Organic Search,US-Midwest,0.558,2025-05-02,1,1,16.52,0.0,2025-05-10,2025-05-10,False,True
CUST-105374,Organic Search,US-Midwest,0.472,2025-06-02,2,2,42.49,0.0,2025-07-12,2025-12-17,True,False
CUST-105375,Organic Search,US-East,0.431,2025-08-24,1,1,19.3,0.0,2025-11-08,2025-11-08,False,False
CUST-105376,Sponsored Ads,US-West,0.683,2025-05-11,4,4,71.78,0.0,2025-05-16,2025-12-22,True,False
CUST-105377,Organic Search,US-West,0.433,2025-06-09,3,3,54.25,0.0,2025-06-20,2025-06-26,True,True
CUST-105378,Sponsored Ads,US-West,0.746,2025-10-21,2,2,58.6,0.0,2025-11-26,2025-12-08,True,False
CUST-105379,External Traffic,US-Midwest,0.291,2025-08-13,2,2,30.85,0.0,2025-08-16,2025-08-30,True,True
CUST-105380,Sponsored Ads,US-Midwest,0.787,2025-07-27,1,1,25.14,0.0,2025-10-06,2025-10-06,False,False
CUST-105381,Organic Search,US-South,0.594,2025-04-20,2,2,29.35,0.0,2025-04-24,2025-11-28,True,False
CUST-105382,External Traffic,US-South,0.306,2025-02-15,3,3,71.3,0.0,2025-02-15,2025-12-19,True,False
CUST-105383,Sponsored Ads,US-East,0.602,2025-10-04,2,2,34.31,0.0,2025-11-17,2025-12-26,True,False
CUST-105384,Sponsored Ads,US-West,0.37,2025-06-16,1,1,15.1,0.0,2025-06-23,2025-06-23,False,True
CUST-105385,External Traffic,US-West,0.507,2025-01-24,6,6,110.83,0.0,2025-01-24,2025-12-08,True,False
CUST-105386,Sponsored Ads,US-South,0.403,2025-05-25,2,2,30.03,14.76,2025-06-01,2025-11-11,True,False
CUST-105387,Sponsored Ads,US-West,0.473,2025-01-28,5,25,371.53,0.0,2025-02-07,2025-09-08,True,True
CUST-105388,Organic Search,US-West,0.688,2025-10-22,2,2,32.77,0.0,2025-10-29,2025-12-04,True,False
CUST-105389,Referral,US-Midwest,0.604,2025-06-08,1,1,22.08,0.0,2025-08-08,2025-08-08,False,True
CUST-105390,Organic Search,US-South,0.275,2025-08-24,1,1,21.6,0.0,2025-09-05,2025-09-05,False,True
CUST-105391,Sponsored Ads,US-East,0.286,2025-05-22,1,1,19.95,0.0,2025-05-31,2025-05-31,False,True
CUST-105392,Referral,US-West,0.554,2025-01-06,8,8,121.77,12.77,2025-01-07,2025-12-15,True,False
CUST-105393,Organic Search,US-West,0.569,2025-07-11,2,2,40.47,0.0,2025-07-25,2025-11-03,True,False
CUST-105394,Organic Search,US-East,0.365,2025-07-15,1,1,12.79,0.0,2025-08-15,2025-08-15,False,True
CUST-105395,Organic Search,US-East,0.818,2025-03-10,5,5,116.97,0.0,2025-03-12,2025-10-31,True,False
CUST-105396,Sponsored Ads,US-South,0.663,2025-08-03,2,2,46.72,0.0,2025-08-11,2025-10-03,True,False
CUST-105397,Sponsored Ads,US-West,0.375,2025-03-09,2,2,30.21,0.0,2025-03-20,2025-04-17,True,True
CUST-105398,Organic Search,US-West,0.356,2025-07-27,1,1,19.88,0.0,2025-08-25,2025-08-25,False,True
CUST-105399,Sponsored Ads,US-West,0.454,2025-08-13,1,1,18.97,0.0,2025-09-16,2025-09-16,False,True
CUST-105400,Organic Search,US-East,0.434,2025-02-11,3,32,427.34,0.0,2025-02-12,2025-08-27,True,True
CUST-105401,Sponsored Ads,US-East,0.751,2025-03-29,6,6,136.36,0.0,2025-04-11,2025-12-12,True,False
CUST-105402,Sponsored Ads,US-West,0.697,2025-02-18,3,30,921.59,889.96,2025-02-25,2025-07-21,True,True
CUST-105403,Sponsored Ads,US-South,0.507,2025-08-07,2,2,65.58,0.0,2025-08-15,2025-08-24,True,True
CUST-105404,Organic Search,US-East,0.636,2025-03-12,3,3,77.8,0.0,2025-04-13,2025-08-31,True,True
CUST-105405,Organic Search,US-West,0.665,2025-07-12,5,5,112.31,0.0,2025-09-07,2025-12-20,True,False
CUST-105406,Sponsored Ads,US-South,0.512,2025-05-06,2,2,32.83,0.0,2025-05-10,2025-12-22,True,False
CUST-105407,Sponsored Ads,US-East,0.581,2025-01-25,10,10,241.56,32.14,2025-01-27,2025-12-28,True,False
CUST-105408,Sponsored Ads,US-East,0.619,2025-09-22,2,2,53.81,0.0,2025-11-23,2025-12-10,True,False
CUST-105409,External Traffic,US-East,0.598,2025-08-02,1,1,12.91,0.0,2025-09-02,2025-09-02,False,True
CUST-105410,Sponsored Ads,US-West,0.344,2025-03-20,4,4,78.88,0.0,2025-03-28,2025-10-02,True,False
CUST-105411,External Traffic,US-East,0.364,2025-09-21,2,2,34.13,0.0,2025-10-19,2025-11-30,True,False
CUST-105412,Sponsored Ads,US-South,0.442,2025-08-01,2,2,45.51,0.0,2025-09-08,2025-09-14,True,True
CUST-105413,Sponsored Ads,US-West,0.359,2025-09-02,2,2,41.61,0.0,2025-10-23,2025-12-23,True,False
CUST-105414,Organic Search,US-South,0.205,2025-02-23,3,39,858.83,801.45,2025-03-01,2025-08-02,True,True
CUST-105415,Organic Search,US-West,0.635,2025-01-03,5,5,112.78,21.71,2025-01-04,2025-11-13,True,False
CUST-105416,Sponsored Ads,US-South,0.569,2025-01-19,3,3,52.91,0.0,2025-01-28,2025-12-19,True,False
CUST-105417,Referral,US-West,0.232,2025-06-11,2,2,28.88,0.0,2025-06-13,2025-10-29,True,False
CUST-105418,Sponsored Ads,US-West,0.452,2025-08-25,1,1,30.13,0.0,2025-09-02,2025-09-02,False,True
CUST-105419,Sponsored Ads,US-East,0.463,2025-10-02,1,1,24.89,0.0,2025-11-08,2025-11-08,False,False
CUST-105420,Sponsored Ads,US-South,0.536,2025-10-16,1,1,13.16,0.0,2025-10-30,2025-10-30,False,False
CUST-105421,Organic Search,US-South,0.284,2025-06-29,1,1,19.76,0.0,2025-08-27,2025-08-27,False,True
CUST-105422,External Traffic,US-East,0.229,2025-07-09,1,1,31.76,0.0,2025-07-13,2025-07-13,False,True
CUST-105423,Sponsored Ads,US-West,0.604,2025-03-29,4,4,89.71,0.0,2025-04-05,2025-11-06,True,False
CUST-105424,Referral,US-East,0.193,2025-01-01,4,4,64.43,0.0,2025-01-01,2025-12-03,True,False
CUST-105425,Organic Search,US-Midwest,0.453,2025-02-28,5,5,124.03,0.0,2025-02-28,2025-12-08,True,False
CUST-105426,Referral,US-West,0.435,2025-01-17,1,1,22.26,0.0,2025-01-18,2025-01-18,False,True
CUST-105427,External Traffic,US-South,0.475,2025-07-25,1,1,17.07,0.0,2025-09-21,2025-09-21,False,True
CUST-105428,Referral,US-East,0.551,2025-05-31,2,2,38.95,0.0,2025-06-01,2025-09-24,True,True
CUST-105429,Organic Search,US-West,0.82,2025-08-20,1,1,24.63,0.0,2025-10-17,2025-10-17,False,False
CUST-105430,Sponsored Ads,US-South,0.18,2025-02-14,1,1,20.83,0.0,2025-03-10,2025-03-10,False,True
CUST-105431,Organic Search,US-West,0.675,2025-10-01,2,2,58.65,0.0,2025-10-01,2025-12-15,True,False
CUST-105432,Organic Search,US-East,0.02,2025-08-04,1,46,1064.55,0.0,2025-08-05,2025-08-05,False,True
CUST-105433,Organic Search,US-West,0.779,2025-09-29,2,2,44.54,0.0,2025-10-22,2025-11-02,True,False
CUST-105434,Organic Search,US-South,0.091,2025-07-14,1,1,34.15,0.0,2025-07-25,2025-07-25,False,True
CUST-105435,Sponsored Ads,US-West,0.95,2025-04-12,6,6,117.47,0.0,2025-05-18,2025-12-30,True,False
CUST-105436,External Traffic,US-West,0.422,2025-07-07,1,1,14.61,0.0,2025-07-10,2025-07-10,False,True
CUST-105437,Sponsored Ads,US-South,0.758,2025-07-01,3,46,921.1,0.0,2025-07-05,2025-12-08,True,False
CUST-105438,Referral,US-Midwest,0.717,2025-02-24,6,6,122.83,0.0,2025-03-01,2025-12-17,True,False
CUST-105439,Sponsored Ads,US-West,0.413,2025-01-31,2,2,43.71,0.0,2025-02-01,2025-12-26,True,False
CUST-105440,Sponsored Ads,US-East,0.428,2025-07-15,3,3,79.33,0.0,2025-07-23,2025-10-08,True,False
CUST-105441,External Traffic,US-Midwest,0.333,2025-01-29,2,2,63.57,0.0,2025-02-03,2025-08-23,True,True
CUST-105442,External Traffic,US-East,0.657,2025-01-31,4,4,91.48,0.0,2025-02-06,2025-11-18,True,False
CUST-105443,Organic Search,US-East,0.415,2025-01-22,4,4,81.34,0.0,2025-01-22,2025-08-19,True,True
CUST-105444,Referral,US-Midwest,0.336,2025-07-06,1,1,14.82,0.0,2025-07-10,2025-07-10,False,True
CUST-105445,Sponsored Ads,US-South,0.607,2025-10-06,3,3,71.68,0.0,2025-10-13,2025-12-08,True,False
CUST-105446,External Traffic,US-East,0.321,2025-05-30,2,2,27.97,0.0,2025-05-31,2025-06-28,True,True
CUST-105447,Sponsored Ads,US-Midwest,0.434,2025-02-15,3,3,69.53,0.0,2025-02-17,2025-12-26,True,False
CUST-105448,Organic Search,US-South,0.521,2025-06-03,1,1,29.54,0.0,2025-06-09,2025-06-09,False,True
CUST-105449,Organic Search,US-South,0.372,2025-05-25,2,2,47.51,0.0,2025-06-03,2025-09-01,True,True
CUST-105450,Sponsored Ads,US-East,0.402,2025-06-28,1,1,28.49,0.0,2025-06-28,2025-06-28,False,True
CUST-105451,Organic Search,US-Midwest,0.807,2025-05-10,2,2,47.21,0.0,2025-05-10,2025-10-23,True,False
CUST-105452,Organic Search,US-Midwest,0.459,2025-06-09,2,2,37.24,13.13,2025-06-11,2025-06-27,True,True
CUST-105453,Sponsored Ads,US-Midwest,0.428,2025-04-08,4,4,100.15,0.0,2025-04-18,2025-12-03,True,False
CUST-105454,Referral,US-South,0.465,2025-09-29,1,1,33.01,0.0,2025-11-01,2025-11-01,False,False
CUST-105455,Organic Search,US-East,0.591,2025-06-11,2,2,42.2,0.0,2025-07-12,2025-12-13,True,False
CUST-105456,Sponsored Ads,US-West,0.293,2025-04-04,2,2,46.12,0.0,2025-04-16,2025-11-11,True,False
CUST-105457,Organic Search,US-West,0.585,2025-01-01,8,8,188.33,0.0,2025-01-03,2025-12-29,True,False
CUST-105458,Sponsored Ads,US-Midwest,0.551,2025-07-23,3,3,67.62,0.0,2025-08-04,2025-09-01,True,True
CUST-105459,Sponsored Ads,US-East,0.142,2025-04-25,1,1,24.0,0.0,2025-05-06,2025-05-06,False,True
CUST-105460,Organic Search,US-West,0.859,2025-03-16,6,45,867.19,0.0,2025-04-17,2025-11-17,True,False
CUST-105461,Sponsored Ads,US-West,0.792,2025-05-24,2,2,65.02,0.0,2025-06-24,2025-07-15,True,True
CUST-105462,Sponsored Ads,US-West,0.34,2025-05-26,3,3,51.53,0.0,2025-06-05,2025-07-11,True,True
CUST-105463,Organic Search,US-South,0.276,2025-08-29,1,1,34.61,0.0,2025-11-21,2025-11-21,False,False
CUST-105464,Sponsored Ads,US-South,0.546,2025-06-12,3,3,82.66,0.0,2025-07-21,2025-09-27,True,True
CUST-105465,External Traffic,US-East,0.215,2025-07-30,1,1,18.84,0.0,2025-11-25,2025-11-25,False,False
CUST-105466,External Traffic,US-South,0.773,2025-07-14,2,2,34.32,19.18,2025-09-20,2025-12-25,True,False
CUST-105467,Sponsored Ads,US-East,0.406,2025-09-12,2,2,48.01,0.0,2025-09-20,2025-10-12,True,False
CUST-105468,Organic Search,US-Midwest,0.824,2025-01-02,19,19,403.94,31.13,2025-01-02,2025-08-29,True,True
CUST-105469,Sponsored Ads,US-Midwest,0.335,2025-04-23,1,1,13.83,0.0,2025-05-05,2025-05-05,False,True
CUST-105470,Organic Search,US-West,0.478,2025-08-03,2,2,51.11,0.0,2025-08-12,2025-12-04,True,False
CUST-105471,Sponsored Ads,US-East,0.753,2025-02-12,6,6,90.49,15.18,2025-02-12,2025-10-12,True,False
CUST-105472,Referral,US-Midwest,0.435,2025-05-13,1,1,13.17,0.0,2025-05-23,2025-05-23,False,True
CUST-105473,Sponsored Ads,US-South,0.554,2025-05-01,1,1,19.22,0.0,2025-05-16,2025-05-16,False,True
CUST-105474,Organic Search,US-Midwest,0.719,2025-08-30,1,1,12.18,0.0,2025-08-30,2025-08-30,False,True
CUST-105475,Sponsored Ads,US-East,0.389,2025-10-16,1,1,19.3,0.0,2025-10-20,2025-10-20,False,False
CUST-105476,Sponsored Ads,US-West,0.248,2025-02-01,2,2,41.57,0.0,2025-02-02,2025-12-03,True,False
CUST-105477,Organic Search,US-Midwest,0.208,2025-03-06,1,1,22.56,0.0,2025-03-11,2025-03-11,False,True
CUST-105478,Organic Search,US-Midwest,0.617,2025-08-21,1,1,19.56,0.0,2025-09-15,2025-09-15,False,True
CUST-105479,Referral,US-South,0.578,2025-02-22,4,4,77.29,0.0,2025-02-27,2025-12-28,True,False
CUST-105480,Sponsored Ads,US-East,0.712,2025-05-30,2,2,38.66,0.0,2025-06-27,2025-08-09,True,True
CUST-105481,Sponsored Ads,US-West,0.445,2025-10-11,1,1,12.58,0.0,2025-10-19,2025-10-19,False,False
CUST-105482,Sponsored Ads,US-South,0.214,2025-10-20,1,1,20.0,0.0,2025-11-21,2025-11-21,False,False
CUST-105483,Sponsored Ads,US-South,0.029,2025-10-12,1,1,19.45,0.0,2025-11-15,2025-11-15,False,False
CUST-105484,External Traffic,US-South,0.95,2025-02-10,8,8,192.34,0.0,2025-02-20,2025-12-01,True,False
CUST-105485,Referral,US-West,0.605,2025-02-14,4,4,75.03,0.0,2025-02-20,2025-09-29,True,True
CUST-105486,External Traffic,US-South,0.527,2025-02-22,5,5,122.53,0.0,2025-02-22,2025-09-26,True,True
CUST-105487,Sponsored Ads,US-South,0.556,2025-08-19,2,2,25.27,13.27,2025-08-20,2025-10-28,True,False
CUST-105488,Organic Search,US-Midwest,0.214,2025-02-23,1,1,12.86,0.0,2025-03-04,2025-03-04,False,True
CUST-105489,Organic Search,US-South,0.341,2025-05-09,3,3,59.47,0.0,2025-05-16,2025-12-17,True,False
CUST-105490,Sponsored Ads,US-South,0.849,2025-09-03,2,2,38.86,0.0,2025-09-17,2025-10-08,True,False
CUST-105491,Organic Search,US-East,0.632,2025-05-28,5,5,101.13,0.0,2025-06-01,2025-12-29,True,False
CUST-105492,Sponsored Ads,US-South,0.347,2025-10-10,1,1,13.24,0.0,2025-11-28,2025-11-28,False,False
CUST-105493,Sponsored Ads,US-South,0.255,2025-05-30,2,2,45.37,0.0,2025-06-06,2025-12-05,True,False
CUST-105494,External Traffic,US-Midwest,0.397,2025-04-24,2,2,39.35,23.23,2025-04-28,2025-11-10,True,False
CUST-105495,Sponsored Ads,US-Midwest,0.437,2025-10-18,1,1,25.5,0.0,2025-10-24,2025-10-24,False,False
CUST-105496,Referral,US-West,0.91,2025-06-14,1,1,15.25,0.0,2025-11-02,2025-11-02,False,False
CUST-105497,Sponsored Ads,US-Midwest,0.462,2025-02-25,2,2,54.03,0.0,2025-03-03,2025-05-23,True,True
CUST-105498,Sponsored Ads,US-Midwest,0.262,2025-07-10,1,1,13.0,0.0,2025-07-10,2025-07-10,False,True
CUST-105499,Sponsored Ads,US-South,0.488,2025-08-20,2,2,50.9,0.0,2025-08-30,2025-12-21,True,False
CUST-105500,Sponsored Ads,US-South,0.553,2025-09-09,1,1,32.85,0.0,2025-11-20,2025-11-20,False,False
CUST-105501,Organic Search,US-South,0.244,2025-01-02,6,6,139.81,0.0,2025-01-02,2025-12-27,True,False
CUST-105502,Sponsored Ads,US-East,0.58,2025-02-02,5,5,111.45,0.0,2025-02-11,2025-08-27,True,True
CUST-105503,Organic Search,US-East,0.742,2025-07-08,1,1,24.29,0.0,2025-10-28,2025-10-28,False,False
CUST-105504,External Traffic,US-Midwest,0.528,2025-08-11,1,1,11.55,0.0,2025-09-10,2025-09-10,False,True
CUST-105505,Sponsored Ads,US-Midwest,0.341,2025-07-15,1,1,19.75,0.0,2025-08-20,2025-08-20,False,True
CUST-105506,Sponsored Ads,US-West,0.394,2025-04-25,2,2,42.16,0.0,2025-04-28,2025-04-30,True,True
CUST-105507,Organic Search,US-Midwest,0.168,2025-08-15,2,2,38.91,0.0,2025-09-07,2025-12-01,True,False
CUST-105508,External Traffic,US-East,0.473,2025-06-23,1,1,22.25,0.0,2025-07-04,2025-07-04,False,True
CUST-105509,Organic Search,US-West,0.562,2025-10-05,2,2,41.27,0.0,2025-10-24,2025-12-05,True,False
CUST-105510,Sponsored Ads,US-Midwest,0.321,2025-04-21,2,2,38.86,0.0,2025-05-12,2025-12-01,True,False
CUST-105511,Organic Search,US-West,0.888,2025-08-15,4,4,81.8,30.92,2025-09-16,2025-11-18,True,False
CUST-105512,Organic Search,US-West,0.658,2025-02-13,2,2,45.0,0.0,2025-02-15,2025-11-05,True,False
CUST-105513,Sponsored Ads,US-East,0.141,2025-08-08,2,2,55.8,0.0,2025-08-31,2025-12-22,True,False
CUST-105514,Sponsored Ads,US-East,0.146,2025-08-08,1,1,12.3,0.0,2025-08-12,2025-08-12,False,True
CUST-105515,Referral,US-West,0.303,2025-03-18,2,2,31.84,0.0,2025-03-18,2025-05-23,True,True
CUST-105516,Sponsored Ads,US-West,0.815,2025-01-19,5,5,123.19,0.0,2025-01-21,2025-11-30,True,False
CUST-105517,Sponsored Ads,US-East,0.678,2025-10-25,2,2,40.66,0.0,2025-11-22,2025-11-23,True,False
CUST-105518,Sponsored Ads,US-West,0.825,2025-01-23,9,47,841.84,0.0,2025-01-31,2025-12-29,True,False
CUST-105519,Organic Search,US-West,0.502,2025-05-21,2,2,38.81,0.0,2025-05-29,2025-10-13,True,False
CUST-105520,Organic Search,US-Midwest,0.458,2025-01-01,4,4,79.45,46.53,2025-01-01,2025-11-14,True,False
CUST-105521,Sponsored Ads,US-South,0.25,2025-05-06,1,1,24.38,0.0,2025-05-14,2025-05-14,False,True
CUST-105522,Organic Search,US-West,0.57,2025-09-04,2,2,51.54,0.0,2025-09-14,2025-11-30,True,False
CUST-105523,Organic Search,US-West,0.461,2025-05-31,3,3,65.41,0.0,2025-06-26,2025-11-08,True,False
CUST-105524,Sponsored Ads,US-Midwest,0.453,2025-03-13,4,4,104.0,0.0,2025-03-15,2025-06-19,True,True
CUST-105525,Referral,US-East,0.824,2025-04-29,2,2,56.87,0.0,2025-05-12,2025-08-12,True,True
CUST-105526,Sponsored Ads,US-West,0.475,2025-01-28,7,7,162.72,0.0,2025-02-05,2025-12-11,True,False
CUST-105527,Sponsored Ads,US-South,0.766,2025-06-28,1,1,22.63,0.0,2025-07-05,2025-07-05,False,True
CUST-105528,Referral,US-Midwest,0.182,2025-01-02,4,4,96.18,0.0,2025-01-02,2025-01-18,True,True
CUST-105529,External Traffic,US-East,0.95,2025-04-15,7,7,114.95,0.0,2025-05-01,2025-11-08,True,False
CUST-105530,Sponsored Ads,US-South,0.425,2025-01-19,3,3,82.88,0.0,2025-01-20,2025-03-15,True,True
CUST-105531,External Traffic,US-East,0.641,2025-03-13,2,2,52.73,0.0,2025-03-22,2025-12-22,True,False
CUST-105532,Organic Search,US-West,0.673,2025-01-21,8,8,215.35,0.0,2025-01-23,2025-12-03,True,False
CUST-105533,Sponsored Ads,US-Midwest,0.401,2025-10-06,1,1,18.4,0.0,2025-10-16,2025-10-16,False,False
CUST-105534,External Traffic,US-Midwest,0.664,2025-08-20,2,2,36.72,0.0,2025-09-01,2025-11-19,True,False
CUST-105535,External Traffic,US-Midwest,0.674,2025-10-06,2,46,1020.16,0.0,2025-10-14,2025-12-13,True,False
CUST-105536,Sponsored Ads,US-West,0.357,2025-07-24,3,3,56.02,0.0,2025-09-16,2025-12-17,True,False
CUST-105537,Organic Search,US-South,0.36,2025-05-29,2,2,50.68,0.0,2025-06-24,2025-10-12,True,False
CUST-105538,Sponsored Ads,US-South,0.509,2025-02-22,3,3,68.29,21.95,2025-02-24,2025-11-09,True,False
CUST-105539,Sponsored Ads,US-West,0.477,2025-10-16,1,1,20.68,0.0,2025-11-03,2025-11-03,False,False
CUST-105540,Referral,US-Midwest,0.779,2025-10-03,1,1,30.21,0.0,2025-11-12,2025-11-12,False,False
CUST-105541,Organic Search,US-West,0.641,2025-05-05,4,4,90.84,0.0,2025-05-11,2025-12-09,True,False
CUST-105542,Organic Search,US-East,0.486,2025-03-09,2,44,985.14,34.38,2025-04-03,2025-07-31,True,True
CUST-105543,Organic Search,US-Midwest,0.621,2025-04-27,4,4,111.7,0.0,2025-05-07,2025-12-24,True,False
CUST-105544,Organic Search,US-South,0.091,2025-04-29,1,1,20.52,0.0,2025-05-30,2025-05-30,False,True
CUST-105545,Sponsored Ads,US-South,0.377,2025-10-03,1,1,21.45,0.0,2025-10-28,2025-10-28,False,False
CUST-105546,Referral,US-East,0.558,2025-01-21,7,7,137.81,0.0,2025-01-21,2025-07-13,True,True
CUST-105547,Organic Search,US-Midwest,0.723,2025-07-09,2,2,49.09,0.0,2025-07-22,2025-11-18,True,False
CUST-105548,Organic Search,US-West,0.54,2025-08-19,2,2,38.9,0.0,2025-09-10,2025-11-30,True,False
CUST-105549,Organic Search,US-South,0.792,2025-08-17,1,1,19.41,0.0,2025-10-17,2025-10-17,False,False
CUST-105550,Sponsored Ads,US-West,0.674,2025-02-27,1,1,12.13,0.0,2025-04-23,2025-04-23,False,True
CUST-105551,Sponsored Ads,US-West,0.402,2025-05-04,1,1,14.25,0.0,2025-06-16,2025-06-16,False,True
CUST-105552,Sponsored Ads,US-South,0.472,2025-04-13,2,2,44.35,0.0,2025-05-03,2025-07-12,True,True
CUST-105553,Sponsored Ads,US-East,0.582,2025-05-03,3,3,47.49,0.0,2025-05-10,2025-11-25,True,False
CUST-105554,Organic Search,US-West,0.41,2025-01-27,3,3,70.91,0.0,2025-01-28,2025-02-27,True,True
CUST-105555,External Traffic,US-Midwest,0.806,2025-01-25,7,7,122.81,0.0,2025-01-26,2025-10-29,True,False
CUST-105556,Sponsored Ads,US-East,0.278,2025-01-08,5,5,116.16,0.0,2025-01-08,2025-06-18,True,True
CUST-105557,Sponsored Ads,US-Midwest,0.563,2025-10-18,1,1,31.25,0.0,2025-11-11,2025-11-11,False,False
CUST-105558,Organic Search,US-West,0.647,2025-05-06,3,3,65.08,0.0,2025-05-07,2025-12-05,True,False
CUST-105559,Sponsored Ads,US-West,0.437,2025-03-10,4,4,79.33,0.0,2025-03-26,2025-10-31,True,False
CUST-105560,Referral,US-East,0.392,2025-08-28,2,2,52.32,0.0,2025-10-02,2025-12-03,True,False
CUST-105561,Sponsored Ads,US-South,0.485,2025-05-29,2,2,35.24,0.0,2025-06-06,2025-07-11,True,True
CUST-105562,Sponsored Ads,US-East,0.662,2025-04-20,3,3,62.23,0.0,2025-05-03,2025-11-18,True,False
CUST-105563,Sponsored Ads,US-West,0.4,2025-02-04,4,35,632.2,0.0,2025-02-04,2025-07-10,True,True
CUST-105564,Referral,US-South,0.286,2025-04-26,2,2,53.79,0.0,2025-05-03,2025-05-13,True,True
CUST-105565,Sponsored Ads,US-Midwest,0.73,2025-07-14,1,1,30.87,0.0,2025-08-03,2025-08-03,False,True
CUST-105566,Organic Search,US-West,0.58,2025-07-07,3,3,71.95,0.0,2025-09-16,2025-12-24,True,False
CUST-105567,Sponsored Ads,US-East,0.702,2025-04-28,1,1,12.73,0.0,2025-05-04,2025-05-04,False,True
CUST-105568,Sponsored Ads,US-East,0.652,2025-07-03,1,1,32.46,0.0,2025-09-13,2025-09-13,False,True
CUST-105569,External Traffic,US-South,0.936,2025-08-19,2,2,49.79,19.66,2025-09-27,2025-11-04,True,False
CUST-105570,Sponsored Ads,US-West,0.723,2025-10-07,2,2,30.82,0.0,2025-10-16,2025-11-24,True,False
CUST-105571,Sponsored Ads,US-West,0.355,2025-06-08,3,3,64.41,19.9,2025-08-07,2025-12-02,True,False
CUST-105572,Organic Search,US-West,0.594,2025-03-10,1,1,33.38,0.0,2025-04-11,2025-04-11,False,True
CUST-105573,External Traffic,US-South,0.389,2025-02-08,3,56,741.56,19.21,2025-02-13,2025-10-23,True,False
CUST-105574,Sponsored Ads,US-West,0.409,2025-02-17,4,4,66.12,0.0,2025-03-13,2025-09-25,True,True
CUST-105575,Sponsored Ads,US-South,0.217,2025-01-04,6,6,139.54,0.0,2025-01-04,2025-04-23,True,True
CUST-105576,Referral,US-East,0.443,2025-06-17,2,2,52.92,0.0,2025-06-26,2025-07-10,True,True
CUST-105577,Organic Search,US-East,0.609,2025-03-05,6,6,127.03,0.0,2025-03-25,2025-12-31,True,False
CUST-105578,External Traffic,US-Midwest,0.487,2025-03-09,5,5,100.47,37.34,2025-03-17,2025-12-16,True,False
CUST-105579,External Traffic,US-Midwest,0.28,2025-08-06,3,3,70.51,0.0,2025-10-05,2025-11-24,True,False
CUST-105580,Organic Search,US-Midwest,0.195,2025-04-06,2,2,29.3,0.0,2025-04-29,2025-11-30,True,False
CUST-105581,Sponsored Ads,US-Midwest,0.922,2025-09-06,1,1,33.21,0.0,2025-09-28,2025-09-28,False,True
CUST-105582,Sponsored Ads,US-West,0.565,2025-02-11,6,6,99.55,0.0,2025-02-22,2025-10-02,True,False
CUST-105583,Organic Search,US-Midwest,0.335,2025-04-13,4,4,80.16,0.0,2025-04-16,2025-06-30,True,True
CUST-105584,Organic Search,US-West,0.592,2025-01-16,2,2,35.64,0.0,2025-01-16,2025-12-31,True,False
CUST-105585,Referral,US-East,0.938,2025-06-10,4,4,68.28,0.0,2025-06-15,2025-12-25,True,False
CUST-105586,Organic Search,US-South,0.624,2025-02-07,7,34,740.05,0.0,2025-02-14,2025-12-10,True,False
CUST-105587,Sponsored Ads,US-South,0.02,2025-03-14,1,1,34.15,0.0,2025-04-05,2025-04-05,False,True
CUST-105588,Organic Search,US-South,0.95,2025-08-09,3,3,50.15,0.0,2025-09-08,2025-12-09,True,False
CUST-105589,Organic Search,US-South,0.13,2025-09-22,1,1,14.73,0.0,2025-10-10,2025-10-10,False,False
CUST-105590,Organic Search,US-East,0.459,2025-06-13,3,3,40.98,0.0,2025-07-12,2025-12-26,True,False
CUST-105591,External Traffic,US-South,0.273,2025-10-17,1,1,14.71,0.0,2025-11-08,2025-11-08,False,False
CUST-105592,Organic Search,US-East,0.352,2025-08-16,2,2,42.42,0.0,2025-09-05,2025-12-25,True,False
CUST-105593,Sponsored Ads,US-East,0.557,2025-08-14,2,2,35.4,0.0,2025-09-14,2025-12-28,True,False
CUST-105594,Organic Search,US-South,0.086,2025-10-25,1,1,15.92,0.0,2025-11-13,2025-11-13,False,False
CUST-105595,Organic Search,US-South,0.482,2025-01-27,5,5,112.66,0.0,2025-02-02,2025-11-30,True,False
CUST-105596,Referral,US-East,0.729,2025-03-11,5,5,135.73,0.0,2025-03-29,2025-09-09,True,True
CUST-105597,Organic Search,US-West,0.331,2025-05-12,2,2,54.26,0.0,2025-05-13,2025-10-16,True,False
CUST-105598,Organic Search,US-East,0.222,2025-07-05,1,1,20.98,0.0,2025-07-15,2025-07-15,False,True
CUST-105599,Organic Search,US-East,0.472,2025-10-25,2,2,54.07,0.0,2025-11-12,2025-12-14,True,False
CUST-105600,Organic Search,US-West,0.432,2025-01-30,4,4,77.21,0.0,2025-01-31,2025-07-10,True,True
CUST-105601,Sponsored Ads,US-West,0.381,2025-03-10,1,16,301.34,0.0,2025-03-22,2025-03-22,False,True
CUST-105602,External Traffic,US-Midwest,0.262,2025-03-31,1,1,22.37,0.0,2025-04-04,2025-04-04,False,True
CUST-105603,Referral,US-East,0.604,2025-07-21,1,1,15.25,0.0,2025-07-24,2025-07-24,False,True
CUST-105604,Organic Search,US-South,0.619,2025-10-13,1,1,30.12,0.0,2025-11-09,2025-11-09,False,False
CUST-105605,Organic Search,US-West,0.287,2025-10-09,2,2,49.71,30.22,2025-11-11,2025-12-21,True,False
CUST-105606,Sponsored Ads,US-Midwest,0.315,2025-08-13,1,1,25.83,0.0,2025-11-22,2025-11-22,False,False
CUST-105607,Organic Search,US-West,0.527,2025-08-20,1,1,12.1,0.0,2025-11-19,2025-11-19,False,False
CUST-105608,Organic Search,US-East,0.307,2025-05-05,2,37,462.12,0.0,2025-05-09,2025-12-11,True,False
CUST-105609,Organic Search,US-Midwest,0.536,2025-07-02,3,3,55.67,12.76,2025-07-18,2025-12-05,True,False
CUST-105610,Sponsored Ads,US-West,0.794,2025-02-21,4,4,57.43,0.0,2025-03-07,2025-09-09,True,True
CUST-105611,Organic Search,US-South,0.488,2025-06-02,3,3,74.24,0.0,2025-06-03,2025-12-16,True,False
CUST-105612,Sponsored Ads,US-Midwest,0.257,2025-03-29,2,2,37.68,0.0,2025-04-14,2025-12-19,True,False
CUST-105613,Organic Search,US-West,0.578,2025-10-06,4,4,67.52,0.0,2025-11-03,2025-12-18,True,False
CUST-105614,Organic Search,US-West,0.464,2025-04-21,3,3,61.92,0.0,2025-05-09,2025-06-08,True,True
CUST-105615,Sponsored Ads,US-Midwest,0.47,2025-04-29,3,3,52.73,0.0,2025-05-03,2025-09-12,True,True
CUST-105616,Organic Search,US-East,0.595,2025-05-01,3,3,80.66,20.62,2025-05-14,2025-06-14,True,True
CUST-105617,External Traffic,US-Midwest,0.638,2025-09-28,1,1,34.12,0.0,2025-10-07,2025-10-07,False,False
CUST-105618,Organic Search,US-Midwest,0.507,2025-10-07,1,1,29.91,0.0,2025-11-25,2025-11-25,False,False
CUST-105619,Sponsored Ads,US-Midwest,0.488,2025-05-10,3,3,54.24,41.44,2025-05-14,2025-11-20,True,False
CUST-105620,Organic Search,US-Midwest,0.913,2025-10-26,1,1,19.71,0.0,2025-11-13,2025-11-13,False,False
CUST-105621,Sponsored Ads,US-Midwest,0.74,2025-08-15,2,24,793.05,0.0,2025-10-02,2025-11-15,True,False
CUST-105622,Organic Search,US-East,0.667,2025-09-11,1,1,15.27,0.0,2025-09-28,2025-09-28,False,True
CUST-105623,Organic Search,US-Midwest,0.526,2025-10-02,1,1,22.24,0.0,2025-11-05,2025-11-05,False,False
CUST-105624,Sponsored Ads,US-East,0.299,2025-04-10,2,2,37.09,0.0,2025-04-11,2025-11-23,True,False
CUST-105625,Organic Search,US-South,0.725,2025-06-15,2,2,32.67,0.0,2025-06-24,2025-08-31,True,True
CUST-105626,Organic Search,US-West,0.529,2025-03-27,3,3,78.66,0.0,2025-03-29,2025-10-02,True,False
CUST-105627,External Traffic,US-Midwest,0.385,2025-04-03,2,2,61.01,0.0,2025-04-18,2025-11-11,True,False
CUST-105628,Sponsored Ads,US-South,0.451,2025-05-20,4,4,92.68,19.96,2025-05-26,2025-12-12,True,False
CUST-105629,Sponsored Ads,US-Midwest,0.307,2025-01-16,3,3,57.43,0.0,2025-01-18,2025-04-03,True,True
CUST-105630,Organic Search,US-East,0.711,2025-03-06,6,6,112.44,0.0,2025-03-20,2025-12-19,True,False
CUST-105631,Sponsored Ads,US-East,0.637,2025-08-31,2,2,44.63,0.0,2025-09-16,2025-12-15,True,False
CUST-105632,Organic Search,US-South,0.536,2025-02-19,4,4,78.28,0.0,2025-02-20,2025-09-28,True,True
CUST-105633,Sponsored Ads,US-Midwest,0.491,2025-07-06,2,2,27.78,0.0,2025-07-14,2025-12-15,True,False
CUST-105634,Sponsored Ads,US-South,0.364,2025-08-18,1,1,21.78,21.78,2025-09-08,2025-09-08,False,True
CUST-105635,Organic Search,US-Midwest,0.074,2025-03-20,1,1,24.98,0.0,2025-03-22,2025-03-22,False,True
CUST-105636,Sponsored Ads,US-West,0.217,2025-05-18,1,1,22.13,0.0,2025-05-28,2025-05-28,False,True
CUST-105637,Organic Search,US-Midwest,0.351,2025-09-21,2,2,35.05,13.24,2025-11-26,2025-12-30,True,False
CUST-105638,Sponsored Ads,US-South,0.321,2025-09-08,3,3,78.19,0.0,2025-09-10,2025-11-24,True,False
CUST-105639,Organic Search,US-Midwest,0.558,2025-10-04,1,1,19.4,0.0,2025-10-06,2025-10-06,False,False
CUST-105640,Sponsored Ads,US-West,0.662,2025-07-08,1,1,19.3,0.0,2025-11-11,2025-11-11,False,False
CUST-105641,External Traffic,US-East,0.474,2025-09-24,1,1,32.12,0.0,2025-11-08,2025-11-08,False,False
CUST-105642,External Traffic,US-West,0.782,2025-04-30,5,41,571.36,19.44,2025-05-02,2025-12-21,True,False
CUST-105643,Sponsored Ads,US-East,0.343,2025-06-30,2,2,63.43,0.0,2025-07-17,2025-09-18,True,True
CUST-105644,Organic Search,US-Midwest,0.473,2025-07-20,1,1,13.07,0.0,2025-09-23,2025-09-23,False,True
CUST-105645,Sponsored Ads,US-South,0.49,2025-10-20,1,1,24.47,0.0,2025-11-22,2025-11-22,False,False
CUST-105646,Organic Search,US-Midwest,0.718,2025-04-21,5,5,89.58,0.0,2025-04-26,2025-12-31,True,False
CUST-105647,Sponsored Ads,US-South,0.521,2025-09-20,1,1,33.61,0.0,2025-09-22,2025-09-22,False,True
CUST-105648,Organic Search,US-Midwest,0.527,2025-06-02,2,2,32.86,0.0,2025-07-07,2025-10-04,True,False
CUST-105649,Sponsored Ads,US-Midwest,0.169,2025-02-01,1,1,31.06,0.0,2025-02-07,2025-02-07,False,True
CUST-105650,External Traffic,US-South,0.32,2025-07-16,1,1,18.43,0.0,2025-07-20,2025-07-20,False,True
CUST-105651,Organic Search,US-Midwest,0.719,2025-10-22,1,1,23.95,0.0,2025-10-30,2025-10-30,False,False
CUST-105652,Organic Search,US-West,0.085,2025-05-17,3,3,58.08,0.0,2025-05-23,2025-08-05,True,True
CUST-105653,Sponsored Ads,US-South,0.769,2025-06-14,3,3,47.44,0.0,2025-07-21,2025-11-05,True,False
CUST-105654,Sponsored Ads,US-South,0.6,2025-10-06,1,1,20.93,20.93,2025-10-17,2025-10-17,False,False
CUST-105655,Sponsored Ads,US-Midwest,0.35,2025-10-04,1,1,19.68,0.0,2025-11-27,2025-11-27,False,False
CUST-105656,Referral,US-South,0.334,2025-05-01,3,3,72.11,0.0,2025-05-02,2025-11-11,True,False
CUST-105657,External Traffic,US-West,0.879,2025-08-17,2,2,32.48,0.0,2025-09-24,2025-10-26,True,False
CUST-105658,Sponsored Ads,US-South,0.782,2025-07-09,2,2,32.43,0.0,2025-07-13,2025-12-06,True,False
CUST-105659,Organic Search,US-Midwest,0.476,2025-07-14,4,4,76.76,0.0,2025-11-20,2025-12-15,True,False
CUST-105660,Organic Search,US-West,0.527,2025-08-05,1,1,22.31,0.0,2025-10-23,2025-10-23,False,False
CUST-105661,Sponsored Ads,US-West,0.371,2025-04-09,2,2,26.69,0.0,2025-05-04,2025-12-18,True,False
CUST-105662,Organic Search,US-South,0.527,2025-04-02,6,6,112.27,0.0,2025-04-03,2025-11-22,True,False
CUST-105663,Sponsored Ads,US-South,0.365,2025-01-09,8,8,176.81,0.0,2025-01-09,2025-03-22,True,True
CUST-105664,Sponsored Ads,US-South,0.484,2025-09-14,1,50,644.09,0.0,2025-10-31,2025-10-31,False,False
CUST-105665,Organic Search,US-West,0.862,2025-03-25,6,6,119.61,0.0,2025-03-26,2025-12-22,True,False
CUST-105666,Sponsored Ads,US-South,0.481,2025-07-22,1,1,20.79,0.0,2025-11-01,2025-11-01,False,False
CUST-105667,External Traffic,US-South,0.29,2025-07-25,3,3,51.41,19.38,2025-08-06,2025-12-29,True,False
CUST-105668,Organic Search,US-Midwest,0.227,2025-07-31,1,1,18.01,0.0,2025-08-12,2025-08-12,False,True
CUST-105669,External Traffic,US-East,0.525,2025-09-16,3,52,848.23,787.12,2025-10-28,2025-12-12,True,False
CUST-105670,Organic Search,US-East,0.348,2025-09-18,1,1,25.2,0.0,2025-09-27,2025-09-27,False,True
CUST-105671,External Traffic,US-West,0.549,2025-01-01,10,10,183.98,0.0,2025-01-02,2025-09-10,True,True
CUST-105672,Sponsored Ads,US-South,0.176,2025-09-10,2,2,35.59,0.0,2025-09-12,2025-10-08,True,False
CUST-105673,Organic Search,US-South,0.638,2025-03-04,4,4,108.51,0.0,2025-03-16,2025-12-22,True,False
CUST-105674,Organic Search,US-East,0.288,2025-07-13,1,1,12.77,0.0,2025-11-12,2025-11-12,False,False
CUST-105675,Referral,US-South,0.509,2025-07-21,1,1,29.19,0.0,2025-07-31,2025-07-31,False,True
CUST-105676,Sponsored Ads,US-Midwest,0.432,2025-01-17,6,6,100.71,13.24,2025-01-17,2025-12-28,True,False
CUST-105677,Organic Search,US-West,0.844,2025-03-27,3,3,60.72,0.0,2025-05-01,2025-12-30,True,False
CUST-105678,External Traffic,US-South,0.534,2025-10-01,3,37,829.16,22.51,2025-10-20,2025-12-06,True,False
CUST-105679,Sponsored Ads,US-South,0.889,2025-02-12,6,6,145.71,0.0,2025-02-26,2025-12-12,True,False
CUST-105680,External Traffic,US-West,0.612,2025-03-11,7,7,133.3,16.44,2025-03-11,2025-09-26,True,True
CUST-105681,Sponsored Ads,US-West,0.785,2025-01-25,9,9,164.47,0.0,2025-01-25,2025-12-31,True,False
CUST-105682,Sponsored Ads,US-East,0.458,2025-02-20,2,53,686.24,0.0,2025-03-20,2025-10-20,True,False
CUST-105683,Organic Search,US-West,0.569,2025-07-11,2,2,28.85,0.0,2025-08-10,2025-09-15,True,True
CUST-105684,Organic Search,US-East,0.744,2025-09-10,1,1,15.13,0.0,2025-09-22,2025-09-22,False,True
CUST-105685,Sponsored Ads,US-West,0.681,2025-06-28,1,1,29.41,0.0,2025-06-28,2025-06-28,False,True
CUST-105686,Sponsored Ads,US-Midwest,0.606,2025-03-27,3,3,71.38,0.0,2025-04-12,2025-07-21,True,True
CUST-105687,Sponsored Ads,US-South,0.434,2025-09-15,1,1,32.93,0.0,2025-10-28,2025-10-28,False,False
CUST-105688,External Traffic,US-East,0.468,2025-04-21,4,48,612.16,0.0,2025-04-30,2025-10-16,True,False
CUST-105689,External Traffic,US-Midwest,0.728,2025-04-05,4,4,70.69,0.0,2025-04-07,2025-11-02,True,False
CUST-105690,Organic Search,US-West,0.769,2025-06-01,3,3,57.1,0.0,2025-06-21,2025-10-11,True,False
CUST-105691,Sponsored Ads,US-South,0.381,2025-02-11,4,4,80.4,0.0,2025-02-15,2025-09-03,True,True
CUST-105692,Organic Search,US-South,0.351,2025-04-17,6,6,101.15,0.0,2025-05-06,2025-12-25,True,False
CUST-105693,External Traffic,US-Midwest,0.319,2025-08-28,2,2,57.91,0.0,2025-09-12,2025-10-29,True,False
CUST-105694,Organic Search,US-West,0.666,2025-07-02,2,2,31.8,0.0,2025-07-06,2025-11-09,True,False
CUST-105695,Sponsored Ads,US-South,0.314,2025-10-24,2,2,35.61,0.0,2025-10-29,2025-12-28,True,False
CUST-105696,Sponsored Ads,US-Midwest,0.664,2025-08-21,1,1,20.34,0.0,2025-10-03,2025-10-03,False,False
CUST-105697,Referral,US-Midwest,0.609,2025-04-19,4,4,104.38,0.0,2025-04-29,2025-12-19,True,False
CUST-105698,External Traffic,US-West,0.391,2025-08-19,1,1,22.15,0.0,2025-09-07,2025-09-07,False,True
CUST-105699,Sponsored Ads,US-Midwest,0.813,2025-09-17,3,3,59.23,0.0,2025-09-22,2025-12-06,True,False
CUST-105700,External Traffic,US-East,0.208,2025-07-09,1,1,12.82,0.0,2025-08-17,2025-08-17,False,True
CUST-105701,Sponsored Ads,US-East,0.832,2025-08-17,1,1,21.76,0.0,2025-09-30,2025-09-30,False,True
CUST-105702,Sponsored Ads,US-West,0.564,2025-06-01,3,3,74.43,0.0,2025-07-14,2025-12-27,True,False
CUST-105703,External Traffic,US-West,0.085,2025-10-01,2,2,50.74,34.33,2025-10-04,2025-12-17,True,False
CUST-105704,Organic Search,US-East,0.818,2025-03-13,4,4,96.68,0.0,2025-03-19,2025-12-08,True,False
CUST-105705,Organic Search,US-West,0.694,2025-05-08,4,4,96.34,0.0,2025-05-20,2025-08-11,True,True
CUST-105706,Referral,US-South,0.414,2025-03-18,4,4,104.19,0.0,2025-03-26,2025-12-21,True,False
CUST-105707,External Traffic,US-South,0.307,2025-01-31,3,3,67.82,0.0,2025-02-15,2025-12-09,True,False
CUST-105708,Sponsored Ads,US-East,0.186,2025-07-04,2,2,37.35,0.0,2025-07-11,2025-09-03,True,True
CUST-105709,Organic Search,US-South,0.95,2025-02-05,13,13,280.98,0.0,2025-02-07,2025-12-28,True,False
CUST-105710,External Traffic,US-South,0.315,2025-03-09,2,2,55.58,0.0,2025-03-24,2025-12-01,True,False
CUST-105711,Organic Search,US-West,0.247,2025-08-17,3,3,76.33,0.0,2025-09-25,2025-12-26,True,False
CUST-105712,Referral,US-East,0.554,2025-03-14,2,2,40.44,0.0,2025-03-19,2025-03-23,True,True
CUST-105713,Organic Search,US-Midwest,0.172,2025-09-16,1,1,12.97,0.0,2025-09-21,2025-09-21,False,True
CUST-105714,Sponsored Ads,US-West,0.304,2025-01-15,5,5,91.73,0.0,2025-01-15,2025-12-28,True,False
CUST-105715,Sponsored Ads,US-Midwest,0.699,2025-05-18,4,4,101.65,0.0,2025-06-03,2025-12-25,True,False
CUST-105716,External Traffic,US-Midwest,0.593,2025-01-21,4,4,69.17,0.0,2025-01-27,2025-12-16,True,False
CUST-105717,Referral,US-East,0.423,2025-01-18,8,8,161.06,0.0,2025-02-01,2025-11-08,True,False
CUST-105718,Sponsored Ads,US-East,0.504,2025-08-26,1,1,12.77,0.0,2025-11-20,2025-11-20,False,False
CUST-105719,Sponsored Ads,US-West,0.412,2025-01-21,3,3,63.22,0.0,2025-01-28,2025-12-03,True,False
CUST-105720,External Traffic,US-South,0.488,2025-09-25,1,1,12.12,0.0,2025-09-27,2025-09-27,False,True
CUST-105721,Sponsored Ads,US-West,0.348,2025-06-29,1,1,19.06,19.06,2025-07-24,2025-07-24,False,True
CUST-105722,Sponsored Ads,US-Midwest,0.384,2025-05-25,1,1,20.1,0.0,2025-06-26,2025-06-26,False,True
CUST-105723,External Traffic,US-East,0.378,2025-10-03,1,1,12.02,0.0,2025-10-30,2025-10-30,False,False
CUST-105724,External Traffic,US-Midwest,0.355,2025-04-27,3,3,56.73,0.0,2025-05-04,2025-12-18,True,False
CUST-105725,External Traffic,US-Midwest,0.709,2025-04-30,5,5,109.33,0.0,2025-05-02,2025-12-27,True,False
CUST-105726,Organic Search,US-East,0.654,2025-05-03,3,55,1589.95,0.0,2025-05-21,2025-12-03,True,False
CUST-105727,Sponsored Ads,US-South,0.314,2025-07-15,1,1,32.24,0.0,2025-08-24,2025-08-24,False,True
CUST-105728,Referral,US-West,0.261,2025-09-12,1,1,33.56,0.0,2025-09-18,2025-09-18,False,True
CUST-105729,Sponsored Ads,US-West,0.469,2025-06-12,3,3,50.49,31.73,2025-06-14,2025-12-21,True,False
CUST-105730,Sponsored Ads,US-South,0.931,2025-03-26,3,3,45.82,0.0,2025-04-12,2025-09-08,True,True
CUST-105731,External Traffic,US-East,0.294,2025-09-24,1,1,18.7,0.0,2025-10-05,2025-10-05,False,False
CUST-105732,Organic Search,US-East,0.468,2025-06-29,3,3,54.49,0.0,2025-07-14,2025-12-17,True,False
CUST-105733,External Traffic,US-West,0.518,2025-09-07,1,1,11.96,0.0,2025-10-10,2025-10-10,False,False
CUST-105734,Sponsored Ads,US-Midwest,0.478,2025-05-10,1,1,16.26,0.0,2025-05-12,2025-05-12,False,True
CUST-105735,Referral,US-East,0.408,2025-03-01,3,3,51.28,0.0,2025-03-01,2025-03-11,True,True
CUST-105736,Organic Search,US-East,0.731,2025-10-11,1,19,407.13,0.0,2025-11-13,2025-11-13,False,False
CUST-105737,Organic Search,US-East,0.591,2025-07-23,2,22,342.35,0.0,2025-07-28,2025-12-24,True,False
CUST-105738,Referral,US-East,0.669,2025-04-03,3,3,53.01,0.0,2025-04-07,2025-08-12,True,True
CUST-105739,Sponsored Ads,US-South,0.618,2025-09-12,2,2,60.92,0.0,2025-10-25,2025-12-11,True,False
CUST-105740,Organic Search,US-Midwest,0.679,2025-01-03,10,10,205.42,0.0,2025-01-04,2025-12-26,True,False
CUST-105741,Organic Search,US-South,0.817,2025-10-07,2,2,42.27,0.0,2025-10-28,2025-11-05,True,False
CUST-105742,External Traffic,US-West,0.766,2025-06-23,2,2,23.22,0.0,2025-07-05,2025-09-03,True,True
CUST-105743,External Traffic,US-Midwest,0.95,2025-06-26,2,2,40.25,0.0,2025-08-24,2025-10-03,True,False
CUST-105744,Organic Search,US-East,0.743,2025-01-05,7,40,775.35,0.0,2025-01-06,2025-07-11,True,True
CUST-105745,Sponsored Ads,US-West,0.366,2025-02-22,2,2,38.75,0.0,2025-03-02,2025-05-15,True,True
CUST-105746,Sponsored Ads,US-West,0.669,2025-08-05,1,1,21.74,21.74,2025-08-11,2025-08-11,False,True
CUST-105747,Referral,US-Midwest,0.642,2025-06-17,1,1,19.61,0.0,2025-06-17,2025-06-17,False,True
CUST-105748,Referral,US-East,0.884,2025-02-08,7,7,173.74,0.0,2025-02-26,2025-09-26,True,True
CUST-105749,Referral,US-West,0.307,2025-07-19,2,2,28.64,0.0,2025-07-24,2025-12-02,True,False
CUST-105750,Sponsored Ads,US-Midwest,0.612,2025-08-12,1,1,32.81,0.0,2025-09-13,2025-09-13,False,True
CUST-105751,Sponsored Ads,US-East,0.364,2025-03-23,5,5,129.64,0.0,2025-04-05,2025-12-03,True,False
CUST-105752,External Traffic,US-Midwest,0.603,2025-07-26,1,1,22.28,0.0,2025-11-11,2025-11-11,False,False
CUST-105753,External Traffic,US-Midwest,0.457,2025-10-19,1,1,25.24,25.24,2025-11-21,2025-11-21,False,False
CUST-105754,Sponsored Ads,US-West,0.596,2025-05-25,5,5,111.33,12.7,2025-05-25,2025-11-04,True,False
CUST-105755,Organic Search,US-South,0.218,2025-03-10,4,4,81.48,19.18,2025-03-10,2025-11-01,True,False
CUST-105756,Sponsored Ads,US-South,0.659,2025-10-16,2,2,29.41,0.0,2025-10-19,2025-11-19,True,False
CUST-105757,Organic Search,US-West,0.541,2025-10-01,1,1,29.41,0.0,2025-11-16,2025-11-16,False,False
CUST-105758,Sponsored Ads,US-East,0.53,2025-05-18,3,3,71.75,0.0,2025-05-23,2025-12-10,True,False
CUST-105759,Sponsored Ads,US-East,0.89,2025-05-08,2,2,42.16,0.0,2025-07-01,2025-10-22,True,False
CUST-105760,Sponsored Ads,US-West,0.424,2025-09-08,1,1,29.8,0.0,2025-09-08,2025-09-08,False,True
CUST-105761,Referral,US-South,0.568,2025-01-01,12,41,633.87,0.0,2025-01-04,2025-09-10,True,True
CUST-105762,Organic Search,US-East,0.52,2025-04-04,6,6,146.15,0.0,2025-04-13,2025-12-26,True,False
CUST-105763,Referral,US-Midwest,0.54,2025-06-12,1,1,13.05,0.0,2025-06-25,2025-06-25,False,True
CUST-105764,Organic Search,US-Midwest,0.944,2025-07-16,2,2,59.86,0.0,2025-10-04,2025-10-12,True,False
CUST-105765,Organic Search,US-South,0.513,2025-07-08,3,3,53.78,25.41,2025-07-14,2025-12-02,True,False
CUST-105766,Sponsored Ads,US-West,0.387,2025-04-22,2,2,53.74,0.0,2025-04-25,2025-06-14,True,True
CUST-105767,Organic Search,US-West,0.874,2025-09-18,2,2,48.5,0.0,2025-09-29,2025-12-15,True,False
CUST-105768,Sponsored Ads,US-West,0.438,2025-07-14,2,2,33.1,0.0,2025-09-24,2025-12-08,True,False
CUST-105769,Organic Search,US-East,0.179,2025-06-12,1,1,14.71,0.0,2025-07-05,2025-07-05,False,True
CUST-105770,External Traffic,US-Midwest,0.352,2025-10-09,1,1,33.01,0.0,2025-11-27,2025-11-27,False,False
CUST-105771,External Traffic,US-West,0.251,2025-01-29,4,4,91.96,0.0,2025-02-05,2025-12-24,True,False
CUST-105772,Sponsored Ads,US-South,0.14,2025-08-01,2,2,37.81,11.94,2025-08-07,2025-12-04,True,False
CUST-105773,Organic Search,US-West,0.427,2025-10-06,1,1,12.46,0.0,2025-11-26,2025-11-26,False,False
CUST-105774,Sponsored Ads,US-East,0.486,2025-07-18,1,1,21.3,0.0,2025-10-23,2025-10-23,False,False
CUST-105775,Sponsored Ads,US-South,0.736,2025-06-19,1,1,15.87,0.0,2025-06-21,2025-06-21,False,True
CUST-105776,Organic Search,US-Midwest,0.626,2025-04-20,3,3,79.83,29.51,2025-05-03,2025-08-19,True,True
CUST-105777,Organic Search,US-Midwest,0.617,2025-03-23,1,1,12.04,0.0,2025-03-30,2025-03-30,False,True
CUST-105778,Organic Search,US-South,0.321,2025-06-13,1,1,19.19,0.0,2025-08-07,2025-08-07,False,True
CUST-105779,Sponsored Ads,US-West,0.677,2025-09-27,2,2,53.9,0.0,2025-11-25,2025-12-07,True,False
CUST-105780,Referral,US-East,0.778,2025-05-19,3,22,684.07,0.0,2025-05-30,2025-09-07,True,True
CUST-105781,Referral,US-Midwest,0.579,2025-02-06,4,4,89.7,0.0,2025-02-09,2025-12-20,True,False
CUST-105782,Organic Search,US-West,0.585,2025-05-26,1,1,12.61,0.0,2025-05-29,2025-05-29,False,True
CUST-105783,External Traffic,US-South,0.247,2025-01-30,3,3,86.59,0.0,2025-02-02,2025-10-20,True,False
CUST-105784,Sponsored Ads,US-South,0.711,2025-10-08,1,1,15.41,0.0,2025-11-25,2025-11-25,False,False
CUST-105785,Organic Search,US-Midwest,0.856,2025-06-10,3,48,1108.67,25.56,2025-06-16,2025-12-03,True,False
CUST-105786,External Traffic,US-West,0.565,2025-03-06,5,5,106.9,0.0,2025-03-11,2025-11-20,True,False
CUST-105787,External Traffic,US-West,0.381,2025-07-07,2,2,39.54,0.0,2025-07-10,2025-12-19,True,False
CUST-105788,External Traffic,US-West,0.468,2025-06-11,1,1,28.61,0.0,2025-08-25,2025-08-25,False,True
CUST-105789,Organic Search,US-East,0.416,2025-06-03,1,1,30.4,0.0,2025-07-01,2025-07-01,False,True
CUST-105790,External Traffic,US-South,0.428,2025-06-27,2,2,39.11,0.0,2025-06-29,2025-08-07,True,True
CUST-105791,Organic Search,US-West,0.63,2025-10-06,1,1,18.33,0.0,2025-10-07,2025-10-07,False,False
CUST-105792,Sponsored Ads,US-South,0.556,2025-09-14,1,1,19.68,0.0,2025-10-02,2025-10-02,False,False
CUST-105793,Sponsored Ads,US-West,0.701,2025-03-20,6,6,149.55,0.0,2025-04-05,2025-10-09,True,False
CUST-105794,External Traffic,US-South,0.574,2025-03-13,1,1,20.84,0.0,2025-03-15,2025-03-15,False,True
CUST-105795,Organic Search,US-East,0.327,2025-10-25,2,2,48.97,24.7,2025-11-12,2025-12-28,True,False
CUST-105796,Organic Search,US-Midwest,0.4,2025-07-13,4,4,103.02,0.0,2025-07-13,2025-12-26,True,False
CUST-105797,Referral,US-East,0.387,2025-01-06,5,5,105.9,0.0,2025-01-07,2025-07-06,True,True
CUST-105798,Organic Search,US-Midwest,0.463,2025-06-08,3,3,70.89,0.0,2025-07-05,2025-11-30,True,False
CUST-105799,Sponsored Ads,US-West,0.859,2025-02-05,7,7,139.99,0.0,2025-02-06,2025-09-03,True,True
CUST-105800,Organic Search,US-West,0.891,2025-01-09,9,9,227.48,0.0,2025-01-09,2025-11-10,True,False
CUST-105801,Organic Search,US-West,0.667,2025-02-25,7,7,122.49,0.0,2025-02-26,2025-11-19,True,False
CUST-105802,External Traffic,US-East,0.524,2025-03-18,2,2,36.22,0.0,2025-03-27,2025-12-22,True,False
CUST-105803,Organic Search,US-Midwest,0.228,2025-01-24,2,2,47.94,0.0,2025-01-29,2025-03-12,True,True
CUST-105804,Organic Search,US-West,0.544,2025-09-08,1,1,30.07,0.0,2025-09-10,2025-09-10,False,True
CUST-105805,Organic Search,US-Midwest,0.342,2025-05-12,1,1,11.52,0.0,2025-05-31,2025-05-31,False,True
CUST-105806,Organic Search,US-South,0.826,2025-06-15,1,1,15.51,0.0,2025-07-11,2025-07-11,False,True
CUST-105807,External Traffic,US-East,0.179,2025-09-17,1,1,25.13,0.0,2025-10-08,2025-10-08,False,False
CUST-105808,Sponsored Ads,US-East,0.577,2025-09-09,1,1,15.94,0.0,2025-11-22,2025-11-22,False,False
CUST-105809,External Traffic,US-Midwest,0.325,2025-09-04,1,1,29.29,0.0,2025-09-09,2025-09-09,False,True
CUST-105810,Organic Search,US-South,0.498,2025-02-28,4,4,75.53,0.0,2025-03-16,2025-12-19,True,False
CUST-105811,Sponsored Ads,US-West,0.633,2025-08-12,2,2,37.42,24.39,2025-09-10,2025-12-18,True,False
CUST-105812,Organic Search,US-Midwest,0.704,2025-10-26,1,1,14.93,0.0,2025-11-18,2025-11-18,False,False
CUST-105813,Organic Search,US-East,0.488,2025-01-03,10,10,261.3,0.0,2025-01-04,2025-07-11,True,True
CUST-105814,Organic Search,US-West,0.652,2025-09-18,2,2,50.68,0.0,2025-10-30,2025-11-17,True,False
CUST-105815,External Traffic,US-Midwest,0.368,2025-09-17,1,1,31.15,0.0,2025-10-24,2025-10-24,False,False
CUST-105816,Sponsored Ads,US-Midwest,0.549,2025-09-10,1,1,30.05,0.0,2025-10-04,2025-10-04,False,False
CUST-105817,Sponsored Ads,US-East,0.7,2025-04-29,4,4,90.47,0.0,2025-05-25,2025-08-20,True,True
CUST-105818,Sponsored Ads,US-South,0.566,2025-03-01,4,4,88.88,0.0,2025-03-09,2025-12-30,True,False
CUST-105819,Organic Search,US-West,0.394,2025-08-08,1,1,15.61,0.0,2025-11-05,2025-11-05,False,False
CUST-105820,Organic Search,US-Midwest,0.444,2025-07-06,2,2,52.62,0.0,2025-08-14,2025-09-07,True,True
CUST-105821,External Traffic,US-East,0.703,2025-08-07,1,1,12.9,0.0,2025-09-10,2025-09-10,False,True
CUST-105822,Organic Search,US-East,0.282,2025-03-18,1,1,13.51,0.0,2025-04-02,2025-04-02,False,True
CUST-105823,Sponsored Ads,US-South,0.311,2025-02-23,2,2,36.99,18.36,2025-03-07,2025-11-12,True,False
CUST-105824,Sponsored Ads,US-East,0.62,2025-09-28,2,2,50.33,0.0,2025-10-19,2025-11-15,True,False
CUST-105825,Sponsored Ads,US-South,0.412,2025-06-04,1,1,29.58,0.0,2025-07-09,2025-07-09,False,True
CUST-105826,Organic Search,US-South,0.209,2025-09-13,1,1,12.33,0.0,2025-10-01,2025-10-01,False,True
CUST-105827,Sponsored Ads,US-East,0.77,2025-10-05,2,2,47.01,0.0,2025-11-19,2025-12-14,True,False
CUST-105828,Organic Search,US-Midwest,0.28,2025-05-18,1,1,20.15,0.0,2025-06-01,2025-06-01,False,True
CUST-105829,External Traffic,US-East,0.46,2025-03-20,2,2,31.78,0.0,2025-05-23,2025-10-30,True,False
CUST-105830,Organic Search,US-Midwest,0.376,2025-09-26,2,2,36.73,0.0,2025-11-26,2025-12-23,True,False
CUST-105831,Sponsored Ads,US-East,0.44,2025-08-03,1,1,13.22,0.0,2025-11-27,2025-11-27,False,False
CUST-105832,Sponsored Ads,US-South,0.323,2025-07-19,1,1,24.45,0.0,2025-07-21,2025-07-21,False,True
CUST-105833,Organic Search,US-South,0.643,2025-10-15,1,1,29.53,0.0,2025-10-15,2025-10-15,False,False
CUST-105834,Organic Search,US-Midwest,0.522,2025-03-15,4,4,94.59,0.0,2025-04-07,2025-10-30,True,False
CUST-105835,Sponsored Ads,US-West,0.697,2025-04-19,2,2,34.5,0.0,2025-05-16,2025-09-28,True,True
CUST-105836,External Traffic,US-West,0.378,2025-01-12,6,6,152.05,56.41,2025-01-17,2025-04-22,True,True
CUST-105837,Organic Search,US-Midwest,0.927,2025-04-27,6,6,100.44,0.0,2025-04-30,2025-12-30,True,False
CUST-105838,Organic Search,US-Midwest,0.119,2025-05-14,4,4,77.11,0.0,2025-06-14,2025-12-02,True,False
CUST-105839,Sponsored Ads,US-South,0.183,2025-05-16,1,1,21.57,0.0,2025-05-17,2025-05-17,False,True
CUST-105840,Sponsored Ads,US-East,0.851,2025-02-15,5,5,107.83,0.0,2025-02-15,2025-07-27,True,True
CUST-105841,Sponsored Ads,US-East,0.595,2025-08-31,1,1,24.77,0.0,2025-09-12,2025-09-12,False,True
CUST-105842,Sponsored Ads,US-South,0.568,2025-05-27,2,2,50.26,0.0,2025-05-27,2025-08-31,True,True
CUST-105843,Organic Search,US-South,0.586,2025-05-12,3,3,78.97,21.48,2025-05-14,2025-12-18,True,False
CUST-105844,Organic Search,US-East,0.614,2025-09-17,2,2,47.88,33.69,2025-10-31,2025-11-28,True,False
CUST-105845,External Traffic,US-West,0.56,2025-05-26,4,4,99.61,0.0,2025-06-23,2025-12-26,True,False
CUST-105846,Referral,US-West,0.307,2025-09-25,2,2,50.65,0.0,2025-09-28,2025-10-01,True,True
CUST-105847,Sponsored Ads,US-East,0.664,2025-03-08,4,4,75.07,0.0,2025-03-14,2025-12-30,True,False
CUST-105848,Sponsored Ads,US-South,0.632,2025-09-13,2,2,37.35,0.0,2025-11-15,2025-11-16,True,False
CUST-105849,External Traffic,US-East,0.786,2025-10-24,1,1,30.66,0.0,2025-11-29,2025-11-29,False,False
CUST-105850,Referral,US-South,0.853,2025-08-14,3,21,511.6,0.0,2025-08-16,2025-12-18,True,False
CUST-105851,External Traffic,US-East,0.566,2025-09-25,1,1,14.26,14.26,2025-11-14,2025-11-14,False,False
CUST-105852,Sponsored Ads,US-East,0.254,2025-08-11,1,1,33.86,0.0,2025-11-24,2025-11-24,False,False
CUST-105853,Sponsored Ads,US-South,0.855,2025-06-30,4,4,76.57,0.0,2025-07-12,2025-12-07,True,False
CUST-105854,Sponsored Ads,US-South,0.296,2025-08-18,1,1,20.03,0.0,2025-09-14,2025-09-14,False,True
CUST-105855,External Traffic,US-Midwest,0.568,2025-10-16,2,2,54.89,0.0,2025-11-01,2025-12-17,True,False
CUST-105856,Organic Search,US-Midwest,0.449,2025-07-01,1,1,22.05,0.0,2025-07-11,2025-07-11,False,True
CUST-105857,Organic Search,US-East,0.414,2025-07-26,1,1,15.29,0.0,2025-07-31,2025-07-31,False,True
CUST-105858,Organic Search,US-South,0.653,2025-01-24,4,4,58.69,12.7,2025-01-24,2025-12-11,True,False
CUST-105859,Sponsored Ads,US-East,0.549,2025-10-15,1,1,11.11,0.0,2025-11-09,2025-11-09,False,False
CUST-105860,Organic Search,US-Midwest,0.603,2025-08-22,1,1,20.53,0.0,2025-11-18,2025-11-18,False,False
CUST-105861,Sponsored Ads,US-South,0.337,2025-02-18,3,3,76.06,32.0,2025-02-19,2025-12-27,True,False
CUST-105862,Organic Search,US-Midwest,0.465,2025-03-28,1,1,25.77,0.0,2025-03-28,2025-03-28,False,True
CUST-105863,Organic Search,US-East,0.346,2025-03-09,2,2,43.68,0.0,2025-03-12,2025-03-27,True,True
CUST-105864,Organic Search,US-West,0.46,2025-04-06,3,3,67.12,0.0,2025-05-02,2025-11-10,True,False
CUST-105865,Sponsored Ads,US-West,0.476,2025-09-23,1,1,20.84,0.0,2025-10-19,2025-10-19,False,False
CUST-105866,External Traffic,US-South,0.869,2025-05-20,2,2,37.33,0.0,2025-05-22,2025-09-08,True,True
CUST-105867,Organic Search,US-Midwest,0.448,2025-05-06,2,2,46.76,0.0,2025-05-11,2025-05-26,True,True
CUST-105868,Sponsored Ads,US-South,0.075,2025-08-22,1,1,22.59,0.0,2025-08-27,2025-08-27,False,True
CUST-105869,Sponsored Ads,US-Midwest,0.779,2025-04-22,1,1,30.03,0.0,2025-05-16,2025-05-16,False,True
CUST-105870,Organic Search,US-East,0.59,2025-09-23,1,1,11.97,0.0,2025-10-31,2025-10-31,False,False
CUST-105871,Sponsored Ads,US-Midwest,0.474,2025-08-15,1,1,23.09,0.0,2025-09-01,2025-09-01,False,True
CUST-105872,Sponsored Ads,US-Midwest,0.413,2025-03-19,4,4,84.08,0.0,2025-03-31,2025-12-04,True,False
CUST-105873,Sponsored Ads,US-West,0.311,2025-07-09,1,1,24.43,0.0,2025-07-16,2025-07-16,False,True
CUST-105874,Sponsored Ads,US-Midwest,0.888,2025-05-25,1,1,29.87,0.0,2025-05-27,2025-05-27,False,True
CUST-105875,Organic Search,US-West,0.51,2025-04-14,3,3,37.93,0.0,2025-04-18,2025-09-24,True,True
CUST-105876,Organic Search,US-South,0.152,2025-09-29,1,1,12.31,0.0,2025-10-09,2025-10-09,False,False
CUST-105877,Sponsored Ads,US-East,0.566,2025-04-30,2,2,44.74,32.63,2025-05-12,2025-11-14,True,False
CUST-105878,Organic Search,US-East,0.741,2025-02-05,5,5,118.36,0.0,2025-02-22,2025-11-01,True,False
CUST-105879,Sponsored Ads,US-Midwest,0.531,2025-05-03,3,22,706.82,0.0,2025-05-30,2025-12-14,True,False
CUST-105880,Sponsored Ads,US-South,0.32,2025-06-05,3,3,53.26,25.45,2025-06-07,2025-11-03,True,False
CUST-105881,Sponsored Ads,US-West,0.302,2025-02-07,3,3,40.55,0.0,2025-02-12,2025-07-31,True,True
CUST-105882,External Traffic,US-West,0.317,2025-08-11,4,50,964.2,31.82,2025-10-01,2025-12-21,True,False
CUST-105883,Referral,US-West,0.804,2025-03-10,6,6,137.4,51.72,2025-03-20,2025-10-29,True,False
CUST-105884,Organic Search,US-East,0.486,2025-01-28,2,2,28.73,0.0,2025-01-29,2025-09-17,True,True
CUST-105885,Sponsored Ads,US-West,0.164,2025-06-11,2,2,54.25,0.0,2025-06-21,2025-12-22,True,False
CUST-105886,Sponsored Ads,US-East,0.577,2025-02-18,4,4,86.8,0.0,2025-02-19,2025-10-10,True,False
CUST-105887,Sponsored Ads,US-Midwest,0.528,2025-08-23,2,2,42.31,12.16,2025-11-22,2025-12-16,True,False
CUST-105888,External Traffic,US-Midwest,0.41,2025-01-21,4,4,106.04,0.0,2025-01-22,2025-07-04,True,True
CUST-105889,Sponsored Ads,US-Midwest,0.296,2025-05-06,3,3,57.97,0.0,2025-05-08,2025-12-01,True,False
CUST-105890,Referral,US-East,0.287,2025-01-16,1,1,15.89,0.0,2025-01-17,2025-01-17,False,True
CUST-105891,Organic Search,US-South,0.717,2025-04-26,3,3,45.51,0.0,2025-05-02,2025-06-19,True,True
CUST-105892,Organic Search,US-Midwest,0.55,2025-10-07,2,40,475.57,0.0,2025-10-08,2025-11-07,True,False
CUST-105893,External Traffic,US-West,0.596,2025-07-15,1,1,33.0,0.0,2025-07-26,2025-07-26,False,True
CUST-105894,Sponsored Ads,US-Midwest,0.549,2025-06-10,4,4,65.1,21.14,2025-06-27,2025-11-08,True,False
CUST-105895,External Traffic,US-South,0.566,2025-02-17,3,3,59.43,0.0,2025-03-29,2025-12-18,True,False
CUST-105896,Sponsored Ads,US-East,0.406,2025-04-04,4,4,120.7,0.0,2025-05-15,2025-10-08,True,False
CUST-105897,External Traffic,US-East,0.459,2025-04-25,2,2,35.43,0.0,2025-04-30,2025-12-24,True,False
CUST-105898,Organic Search,US-East,0.733,2025-06-23,1,1,22.24,0.0,2025-07-14,2025-07-14,False,True
CUST-105899,Sponsored Ads,US-West,0.783,2025-03-04,3,3,53.43,0.0,2025-03-13,2025-09-10,True,True
CUST-105900,External Traffic,US-West,0.256,2025-10-27,1,1,11.76,0.0,2025-11-21,2025-11-21,False,False
CUST-105901,Sponsored Ads,US-East,0.458,2025-07-15,1,50,946.87,0.0,2025-07-21,2025-07-21,False,True
CUST-105902,Sponsored Ads,US-West,0.668,2025-04-04,5,5,90.86,0.0,2025-04-04,2025-09-23,True,True
CUST-105903,External Traffic,US-South,0.876,2025-02-03,3,3,73.52,0.0,2025-02-25,2025-08-28,True,True
CUST-105904,Organic Search,US-East,0.856,2025-06-28,2,2,33.56,0.0,2025-08-09,2025-09-14,True,True
CUST-105905,External Traffic,US-East,0.341,2025-05-15,1,1,20.42,0.0,2025-06-05,2025-06-05,False,True
CUST-105906,Organic Search,US-West,0.755,2025-07-22,3,3,74.6,30.55,2025-09-24,2025-12-30,True,False
CUST-105907,Organic Search,US-Midwest,0.512,2025-06-28,2,2,43.36,0.0,2025-07-10,2025-07-12,True,True
CUST-105908,Sponsored Ads,US-South,0.709,2025-07-12,2,2,66.25,0.0,2025-07-16,2025-09-10,True,True
CUST-105909,Sponsored Ads,US-East,0.658,2025-09-08,1,1,18.79,0.0,2025-09-22,2025-09-22,False,True
CUST-105910,Referral,US-South,0.247,2025-06-07,3,3,56.48,0.0,2025-06-13,2025-09-09,True,True
CUST-105911,Sponsored Ads,US-East,0.61,2025-08-06,1,1,12.56,0.0,2025-08-09,2025-08-09,False,True
CUST-105912,Organic Search,US-West,0.701,2025-04-18,4,4,114.13,0.0,2025-04-18,2025-08-12,True,True
CUST-105913,Sponsored Ads,US-South,0.496,2025-10-10,1,1,33.97,0.0,2025-10-26,2025-10-26,False,False
CUST-105914,Sponsored Ads,US-Midwest,0.451,2025-05-03,2,2,49.4,0.0,2025-05-06,2025-05-27,True,True
CUST-105915,Organic Search,US-South,0.186,2025-07-23,1,1,32.63,0.0,2025-08-24,2025-08-24,False,True
CUST-105916,External Traffic,US-South,0.637,2025-10-27,1,1,14.26,0.0,2025-11-06,2025-11-06,False,False
CUST-105917,External Traffic,US-West,0.542,2025-04-15,3,3,81.4,0.0,2025-04-18,2025-10-14,True,False
CUST-105918,External Traffic,US-South,0.316,2025-01-31,3,3,64.55,0.0,2025-02-10,2025-04-04,True,True
CUST-105919,Sponsored Ads,US-South,0.435,2025-03-11,5,5,108.63,0.0,2025-03-30,2025-12-08,True,False
CUST-105920,Organic Search,US-East,0.531,2025-03-15,3,3,51.11,0.0,2025-03-15,2025-12-05,True,False
CUST-105921,Sponsored Ads,US-West,0.388,2025-01-17,3,3,53.29,0.0,2025-01-17,2025-07-06,True,True
CUST-105922,Organic Search,US-Midwest,0.501,2025-06-13,3,3,54.06,0.0,2025-06-15,2025-12-03,True,False
CUST-105923,Sponsored Ads,US-East,0.15,2025-03-25,1,1,13.06,0.0,2025-03-27,2025-03-27,False,True
CUST-105924,Organic Search,US-East,0.77,2025-01-30,2,2,25.05,0.0,2025-02-03,2025-04-08,True,True
CUST-105925,Sponsored Ads,US-South,0.503,2025-02-11,6,6,103.27,21.9,2025-02-13,2025-08-22,True,True
CUST-105926,External Traffic,US-East,0.28,2025-03-24,3,3,58.8,0.0,2025-03-24,2025-11-09,True,False
CUST-105927,External Traffic,US-South,0.02,2025-04-21,1,1,19.88,19.88,2025-05-07,2025-05-07,False,True
CUST-105928,External Traffic,US-South,0.706,2025-10-20,2,2,24.06,0.0,2025-11-02,2025-12-04,True,False
CUST-105929,Sponsored Ads,US-East,0.612,2025-07-30,1,1,15.5,0.0,2025-11-25,2025-11-25,False,False
CUST-105930,Referral,US-West,0.542,2025-08-03,2,19,255.8,0.0,2025-09-12,2025-12-08,True,False
CUST-105931,Sponsored Ads,US-West,0.673,2025-07-27,4,4,77.61,0.0,2025-08-02,2025-12-16,True,False
CUST-105932,Sponsored Ads,US-Midwest,0.672,2025-08-29,2,2,25.64,0.0,2025-11-12,2025-12-02,True,False
CUST-105933,Sponsored Ads,US-South,0.539,2025-04-06,3,3,50.98,0.0,2025-04-12,2025-05-26,True,True
CUST-105934,Sponsored Ads,US-East,0.449,2025-01-30,6,59,1762.74,0.0,2025-01-30,2025-11-09,True,False
CUST-105935,Organic Search,US-East,0.417,2025-06-02,4,4,97.63,0.0,2025-06-06,2025-10-12,True,False
CUST-105936,Sponsored Ads,US-South,0.584,2025-01-01,16,56,1325.87,62.11,2025-01-01,2025-12-09,True,False
CUST-105937,Sponsored Ads,US-Midwest,0.779,2025-03-07,4,4,76.58,0.0,2025-03-30,2025-10-04,True,False
CUST-105938,Organic Search,US-Midwest,0.479,2025-08-14,3,3,53.07,0.0,2025-11-26,2025-12-18,True,False
CUST-105939,External Traffic,US-South,0.795,2025-05-31,3,3,48.34,0.0,2025-07-24,2025-12-30,True,False
CUST-105940,Organic Search,US-East,0.575,2025-07-27,2,2,31.31,0.0,2025-08-19,2025-10-21,True,False
CUST-105941,Organic Search,US-Midwest,0.576,2025-06-03,2,2,58.16,0.0,2025-06-08,2025-06-12,True,True
CUST-105942,Sponsored Ads,US-Midwest,0.95,2025-06-12,2,2,31.21,0.0,2025-06-16,2025-12-05,True,False
CUST-105943,External Traffic,US-East,0.831,2025-04-01,5,5,92.29,0.0,2025-04-01,2025-12-10,True,False
CUST-105944,Sponsored Ads,US-Midwest,0.836,2025-03-07,3,3,57.68,0.0,2025-03-18,2025-07-06,True,True
CUST-105945,Sponsored Ads,US-Midwest,0.34,2025-03-19,2,2,42.91,0.0,2025-04-14,2025-04-23,True,True
CUST-105946,Sponsored Ads,US-Midwest,0.938,2025-08-28,1,1,18.71,0.0,2025-11-21,2025-11-21,False,False
CUST-105947,Organic Search,US-West,0.484,2025-10-21,1,1,12.69,0.0,2025-10-25,2025-10-25,False,False
CUST-105948,Sponsored Ads,US-West,0.455,2025-01-25,4,4,78.78,0.0,2025-01-25,2025-04-25,True,True
CUST-105949,Organic Search,US-East,0.068,2025-06-11,1,1,18.62,0.0,2025-06-22,2025-06-22,False,True
CUST-105950,Sponsored Ads,US-Midwest,0.565,2025-05-22,3,3,63.64,0.0,2025-06-15,2025-12-10,True,False
CUST-105951,Organic Search,US-West,0.283,2025-06-18,1,1,12.08,0.0,2025-09-17,2025-09-17,False,True
CUST-105952,Organic Search,US-West,0.582,2025-03-11,6,6,116.45,0.0,2025-03-24,2025-09-27,True,True
CUST-105953,Sponsored Ads,US-West,0.268,2025-01-03,6,6,113.96,0.0,2025-01-04,2025-04-24,True,True
CUST-105954,Organic Search,US-West,0.86,2025-03-03,6,55,1330.12,0.0,2025-03-08,2025-12-11,True,False
CUST-105955,Organic Search,US-Midwest,0.61,2025-02-24,4,4,73.12,0.0,2025-03-14,2025-09-19,True,True
CUST-105956,Organic Search,US-South,0.95,2025-01-16,7,7,167.06,0.0,2025-01-16,2025-09-11,True,True
CUST-105957,Sponsored Ads,US-South,0.295,2025-04-17,2,2,37.41,0.0,2025-05-25,2025-11-14,True,False
CUST-105958,Organic Search,US-East,0.81,2025-07-25,4,4,85.44,0.0,2025-10-29,2025-12-27,True,False
CUST-105959,Sponsored Ads,US-South,0.139,2025-10-17,1,1,16.76,0.0,2025-11-17,2025-11-17,False,False
CUST-105960,Sponsored Ads,US-Midwest,0.542,2025-07-17,1,1,12.63,0.0,2025-08-05,2025-08-05,False,True
CUST-105961,Sponsored Ads,US-South,0.374,2025-02-22,4,4,76.87,0.0,2025-02-27,2025-08-28,True,True
CUST-105962,Organic Search,US-Midwest,0.41,2025-04-19,1,1,19.29,0.0,2025-04-22,2025-04-22,False,True
CUST-105963,Sponsored Ads,US-South,0.397,2025-04-01,3,3,47.16,0.0,2025-04-29,2025-09-15,True,True
CUST-105964,Organic Search,US-East,0.317,2025-03-05,1,1,29.11,0.0,2025-03-10,2025-03-10,False,True
CUST-105965,Sponsored Ads,US-South,0.248,2025-10-25,2,2,52.81,0.0,2025-11-28,2025-12-25,True,False
CUST-105966,External Traffic,US-Midwest,0.412,2025-07-16,1,1,12.43,0.0,2025-08-14,2025-08-14,False,True
CUST-105967,Sponsored Ads,US-Midwest,0.523,2025-05-25,3,3,62.57,31.56,2025-05-28,2025-11-21,True,False
CUST-105968,Organic Search,US-East,0.733,2025-05-12,5,5,94.47,12.66,2025-05-20,2025-12-19,True,False
CUST-105969,External Traffic,US-South,0.559,2025-04-06,3,3,72.96,0.0,2025-04-12,2025-12-12,True,False
CUST-105970,Sponsored Ads,US-Midwest,0.733,2025-05-06,1,1,16.4,0.0,2025-05-17,2025-05-17,False,True
CUST-105971,Sponsored Ads,US-South,0.204,2025-07-10,2,2,44.79,0.0,2025-08-24,2025-09-26,True,True
CUST-105972,Organic Search,US-South,0.413,2025-10-06,3,3,70.44,0.0,2025-11-09,2025-12-15,True,False
CUST-105973,Referral,US-East,0.642,2025-05-29,3,3,48.36,0.0,2025-06-12,2025-12-23,True,False
CUST-105974,Referral,US-Midwest,0.569,2025-02-25,4,4,90.59,12.06,2025-03-03,2025-12-22,True,False
CUST-105975,Sponsored Ads,US-Midwest,0.328,2025-10-15,1,1,19.13,0.0,2025-10-17,2025-10-17,False,False
CUST-105976,External Traffic,US-West,0.687,2025-04-05,1,1,20.59,0.0,2025-04-18,2025-04-18,False,True
CUST-105977,Sponsored Ads,US-West,0.394,2025-01-25,3,3,72.24,0.0,2025-01-25,2025-08-16,True,True
CUST-105978,Sponsored Ads,US-West,0.345,2025-06-13,3,3,89.17,0.0,2025-06-17,2025-12-30,True,False
CUST-105979,Organic Search,US-East,0.597,2025-08-26,1,1,34.46,0.0,2025-10-11,2025-10-11,False,False
CUST-105980,Organic Search,US-West,0.501,2025-03-19,1,1,21.28,0.0,2025-04-08,2025-04-08,False,True
CUST-105981,Organic Search,US-Midwest,0.395,2025-03-25,6,6,132.28,0.0,2025-05-19,2025-12-23,True,False
CUST-105982,External Traffic,US-Midwest,0.389,2025-03-28,3,3,49.38,0.0,2025-03-29,2025-12-29,True,False
CUST-105983,Sponsored Ads,US-West,0.286,2025-08-31,1,1,22.16,0.0,2025-09-01,2025-09-01,False,True
CUST-105984,Organic Search,US-Midwest,0.421,2025-10-15,1,1,30.37,0.0,2025-11-04,2025-11-04,False,False
CUST-105985,Sponsored Ads,US-West,0.72,2025-09-12,1,1,33.33,33.33,2025-10-19,2025-10-19,False,False
CUST-105986,Sponsored Ads,US-Midwest,0.549,2025-03-09,5,5,106.65,0.0,2025-03-13,2025-09-26,True,True
CUST-105987,Sponsored Ads,US-East,0.692,2025-09-12,2,2,65.83,0.0,2025-11-22,2025-12-24,True,False
CUST-105988,Referral,US-West,0.603,2025-04-03,2,20,326.28,0.0,2025-05-05,2025-09-20,True,True
CUST-105989,Organic Search,US-East,0.378,2025-09-18,1,1,17.23,0.0,2025-11-07,2025-11-07,False,False
CUST-105990,Sponsored Ads,US-Midwest,0.17,2025-10-25,1,1,19.18,0.0,2025-11-11,2025-11-11,False,False
CUST-105991,Organic Search,US-Midwest,0.315,2025-08-04,1,1,24.5,0.0,2025-08-14,2025-08-14,False,True
CUST-105992,Referral,US-West,0.366,2025-10-14,2,2,36.84,0.0,2025-11-07,2025-12-31,True,False
CUST-105993,Referral,US-Midwest,0.35,2025-02-12,4,4,93.87,0.0,2025-02-14,2025-06-05,True,True
CUST-105994,Organic Search,US-East,0.696,2025-07-16,1,1,21.73,0.0,2025-07-16,2025-07-16,False,True
CUST-105995,Sponsored Ads,US-East,0.694,2025-01-16,7,7,184.13,0.0,2025-01-21,2025-05-23,True,True
CUST-105996,Organic Search,US-West,0.942,2025-07-15,3,3,65.75,0.0,2025-08-31,2025-12-10,True,False
CUST-105997,External Traffic,US-Midwest,0.347,2025-04-13,2,2,38.11,0.0,2025-04-17,2025-05-14,True,True
CUST-105998,External Traffic,US-Midwest,0.819,2025-10-18,1,1,24.28,0.0,2025-11-02,2025-11-02,False,False
CUST-105999,External Traffic,US-South,0.818,2025-05-29,5,5,86.66,0.0,2025-06-07,2025-12-26,True,False
