date,sku,fulfillment_channel,units_available,days_of_supply,stockout_flag,storage_age_days,overstock_flag,inbound_shipment_defects,buy_box_pct
2025-01-01,SKU-1001,FBA,386,84.8,False,48,False,0,
2025-01-01,SKU-1002,FBA,288,63.3,False,104,True,0,
2025-01-01,SKU-1003,FBA,205,45.1,False,54,False,0,
2025-01-01,SKU-1004,FBM,291,103.9,False,39,False,0,82.6
2025-01-01,SKU-1005,FBA,183,40.2,False,6,False,0,
2025-01-01,SKU-1006,FBM,305,108.9,False,125,True,0,77.9
2025-01-01,SKU-1007,FBA,191,42.0,False,9,False,0,
2025-01-01,SKU-1008,FBA,257,56.5,False,18,False,0,
2025-01-01,SKU-1009,FBM,221,78.9,False,111,True,0,66.5
2025-01-01,SKU-1010,FBA,226,49.7,False,71,False,0,
2025-01-02,SKU-1001,FBA,381,83.7,False,10,False,0,
2025-01-02,SKU-1002,FBA,283,62.2,False,15,False,0,
2025-01-02,SKU-1003,FBA,200,44.0,False,62,False,0,
2025-01-02,SKU-1004,FBM,288,102.9,False,47,False,0,61.1
2025-01-02,SKU-1005,FBA,178,39.1,False,18,False,0,
2025-01-02,SKU-1006,FBM,302,107.9,False,115,True,0,60.5
2025-01-02,SKU-1007,FBA,186,40.9,False,26,False,0,
2025-01-02,SKU-1008,FBA,252,55.4,False,73,False,0,
2025-01-02,SKU-1009,FBM,218,77.9,False,71,False,0,76.0
2025-01-02,SKU-1010,FBA,221,48.6,False,104,True,0,
2025-01-03,SKU-1001,FBA,377,82.9,False,40,False,0,
2025-01-03,SKU-1002,FBA,279,61.3,False,54,False,0,
2025-01-03,SKU-1003,FBA,196,43.1,False,105,True,0,
2025-01-03,SKU-1004,FBM,285,101.8,False,70,False,0,52.8
2025-01-03,SKU-1005,FBA,174,38.2,False,21,False,0,
2025-01-03,SKU-1006,FBM,299,106.8,False,129,True,0,50.4
2025-01-03,SKU-1007,FBA,182,40.0,False,129,True,0,
2025-01-03,SKU-1008,FBA,248,54.5,False,16,False,0,
2025-01-03,SKU-1009,FBM,215,76.8,False,120,True,0,87.6
2025-01-03,SKU-1010,FBA,217,47.7,False,41,False,0,
2025-01-04,SKU-1001,FBA,372,81.8,False,45,False,1,
2025-01-04,SKU-1002,FBA,274,60.2,False,7,False,0,
2025-01-04,SKU-1003,FBA,191,42.0,False,85,False,0,
2025-01-04,SKU-1004,FBM,282,100.7,False,45,False,0,32.6
2025-01-04,SKU-1005,FBA,169,37.1,False,90,False,0,
2025-01-04,SKU-1006,FBM,296,105.7,False,122,True,0,94.5
2025-01-04,SKU-1007,FBA,177,38.9,False,128,True,0,
2025-01-04,SKU-1008,FBA,243,53.4,False,80,False,0,
2025-01-04,SKU-1009,FBM,212,75.7,False,97,True,0,72.0
2025-01-04,SKU-1010,FBA,212,46.6,False,129,True,0,
2025-01-05,SKU-1001,FBA,368,80.9,False,69,False,0,
2025-01-05,SKU-1002,FBA,270,59.3,False,16,False,0,
2025-01-05,SKU-1003,FBA,187,41.1,False,98,True,0,
2025-01-05,SKU-1004,FBM,279,99.6,False,89,False,0,79.4
2025-01-05,SKU-1005,FBA,165,36.3,False,26,False,0,
2025-01-05,SKU-1006,FBM,293,104.6,False,43,False,0,68.3
2025-01-05,SKU-1007,FBA,173,38.0,False,2,False,0,
2025-01-05,SKU-1008,FBA,239,52.5,False,94,True,0,
2025-01-05,SKU-1009,FBM,209,74.6,False,46,False,0,50.3
2025-01-05,SKU-1010,FBA,208,45.7,False,13,False,0,
2025-01-06,SKU-1001,FBA,363,79.8,False,79,False,0,
2025-01-06,SKU-1002,FBA,265,58.2,False,96,True,0,
2025-01-06,SKU-1003,FBA,182,40.0,False,59,False,0,
2025-01-06,SKU-1004,FBM,277,98.9,False,50,False,0,79.0
2025-01-06,SKU-1005,FBA,160,35.2,False,60,False,0,
2025-01-06,SKU-1006,FBM,291,103.9,False,46,False,0,81.8
2025-01-06,SKU-1007,FBA,168,36.9,False,40,False,0,
2025-01-06,SKU-1008,FBA,234,51.4,False,123,True,0,
2025-01-06,SKU-1009,FBM,207,73.9,False,118,True,0,61.1
2025-01-06,SKU-1010,FBA,203,44.6,False,103,True,0,
2025-01-07,SKU-1001,FBA,359,78.9,False,124,True,0,
2025-01-07,SKU-1002,FBA,261,57.4,False,12,False,0,
2025-01-07,SKU-1003,FBA,178,39.1,False,80,False,0,
2025-01-07,SKU-1004,FBM,274,97.9,False,54,False,0,58.6
2025-01-07,SKU-1005,FBA,156,34.3,False,40,False,0,
2025-01-07,SKU-1006,FBM,288,102.9,False,97,True,0,65.6
2025-01-07,SKU-1007,FBA,164,36.0,False,81,False,0,
2025-01-07,SKU-1008,FBA,230,50.5,False,42,False,0,
2025-01-07,SKU-1009,FBM,204,72.9,False,6,False,0,69.4
2025-01-07,SKU-1010,FBA,199,43.7,False,84,False,0,
2025-01-08,SKU-1001,FBA,354,77.8,False,29,False,0,
2025-01-08,SKU-1002,FBA,256,56.3,False,2,False,0,
2025-01-08,SKU-1003,FBA,173,38.0,False,56,False,0,
2025-01-08,SKU-1004,FBM,271,96.8,False,77,False,0,83.8
2025-01-08,SKU-1005,FBA,151,33.2,False,103,True,0,
2025-01-08,SKU-1006,FBM,285,101.8,False,5,False,0,64.2
2025-01-08,SKU-1007,FBA,159,34.9,False,61,False,0,
2025-01-08,SKU-1008,FBA,225,49.5,False,52,False,0,
2025-01-08,SKU-1009,FBM,201,71.8,False,71,False,0,78.7
2025-01-08,SKU-1010,FBA,194,42.6,False,124,True,0,
2025-01-09,SKU-1001,FBA,350,76.9,False,127,True,0,
2025-01-09,SKU-1002,FBA,252,55.4,False,71,False,0,
2025-01-09,SKU-1003,FBA,169,37.1,False,47,False,0,
2025-01-09,SKU-1004,FBM,268,95.7,False,9,False,0,53.2
2025-01-09,SKU-1005,FBA,147,32.3,False,4,False,0,
2025-01-09,SKU-1006,FBM,282,100.7,False,47,False,0,60.7
2025-01-09,SKU-1007,FBA,155,34.1,False,68,False,0,
2025-01-09,SKU-1008,FBA,221,48.6,False,4,False,0,
2025-01-09,SKU-1009,FBM,198,70.7,False,27,False,0,78.4
2025-01-09,SKU-1010,FBA,190,41.8,False,107,True,0,
2025-01-10,SKU-1001,FBA,345,75.8,False,28,False,0,
2025-01-10,SKU-1002,FBA,247,54.3,False,64,False,0,
2025-01-10,SKU-1003,FBA,164,36.0,False,117,True,0,
2025-01-10,SKU-1004,FBM,265,94.6,False,118,True,0,49.1
2025-01-10,SKU-1005,FBA,142,31.2,False,55,False,0,
2025-01-10,SKU-1006,FBM,279,99.6,False,106,True,0,84.6
2025-01-10,SKU-1007,FBA,150,33.0,False,48,False,0,
2025-01-10,SKU-1008,FBA,216,47.5,False,52,False,0,
2025-01-10,SKU-1009,FBM,195,69.6,False,62,False,0,100.0
2025-01-10,SKU-1010,FBA,185,40.7,False,22,False,0,
2025-01-11,SKU-1001,FBA,340,74.7,False,59,False,0,
2025-01-11,SKU-1002,FBA,242,53.2,False,92,True,0,
2025-01-11,SKU-1003,FBA,159,34.9,False,93,True,0,
2025-01-11,SKU-1004,FBM,263,93.9,False,27,False,0,87.2
2025-01-11,SKU-1005,FBA,137,30.1,False,67,False,0,
2025-01-11,SKU-1006,FBM,277,98.9,False,64,False,0,58.0
2025-01-11,SKU-1007,FBA,145,31.9,False,55,False,0,
2025-01-11,SKU-1008,FBA,211,46.4,False,16,False,0,
2025-01-11,SKU-1009,FBM,193,68.9,False,117,True,0,85.4
2025-01-11,SKU-1010,FBA,180,39.6,False,86,False,0,
2025-01-12,SKU-1001,FBA,336,73.8,False,1,False,0,
2025-01-12,SKU-1002,FBA,238,52.3,False,83,False,0,
2025-01-12,SKU-1003,FBA,155,34.1,False,57,False,0,
2025-01-12,SKU-1004,FBM,260,92.9,False,76,False,0,75.4
2025-01-12,SKU-1005,FBA,133,29.2,False,22,False,0,
2025-01-12,SKU-1006,FBM,274,97.9,False,47,False,0,93.8
2025-01-12,SKU-1007,FBA,141,31.0,False,46,False,0,
2025-01-12,SKU-1008,FBA,207,45.5,False,82,False,0,
2025-01-12,SKU-1009,FBM,190,67.9,False,120,True,0,100.0
2025-01-12,SKU-1010,FBA,176,38.7,False,43,False,0,
2025-01-13,SKU-1001,FBA,331,72.7,False,5,False,0,
2025-01-13,SKU-1002,FBA,233,51.2,False,124,True,0,
2025-01-13,SKU-1003,FBA,150,33.0,False,42,False,0,
2025-01-13,SKU-1004,FBM,257,91.8,False,41,False,0,52.3
2025-01-13,SKU-1005,FBA,128,28.1,False,81,False,0,
2025-01-13,SKU-1006,FBM,271,96.8,False,18,False,0,41.2
2025-01-13,SKU-1007,FBA,136,29.9,False,6,False,0,
2025-01-13,SKU-1008,FBA,202,44.4,False,67,False,0,
2025-01-13,SKU-1009,FBM,187,66.8,False,15,False,0,84.4
2025-01-13,SKU-1010,FBA,171,37.6,False,16,False,0,
2025-01-14,SKU-1001,FBA,327,71.9,False,129,True,0,
2025-01-14,SKU-1002,FBA,229,50.3,False,30,False,0,
2025-01-14,SKU-1003,FBA,146,32.1,False,94,True,0,
2025-01-14,SKU-1004,FBM,254,90.7,False,65,False,0,96.3
2025-01-14,SKU-1005,FBA,124,27.3,False,13,False,0,
2025-01-14,SKU-1006,FBM,268,95.7,False,79,False,0,81.5
2025-01-14,SKU-1007,FBA,132,29.0,False,60,False,0,
2025-01-14,SKU-1008,FBA,198,43.5,False,41,False,0,
2025-01-14,SKU-1009,FBM,184,65.7,False,49,False,0,44.3
2025-01-14,SKU-1010,FBA,167,36.7,False,93,True,0,
2025-01-15,SKU-1001,FBA,322,70.8,False,59,False,0,
2025-01-15,SKU-1002,FBA,224,49.2,False,121,True,0,
2025-01-15,SKU-1003,FBA,141,31.0,False,57,False,0,
2025-01-15,SKU-1004,FBM,251,89.6,False,93,True,0,84.9
2025-01-15,SKU-1005,FBA,119,26.2,False,58,False,0,
2025-01-15,SKU-1006,FBM,265,94.6,False,91,True,0,66.7
2025-01-15,SKU-1007,FBA,127,27.9,False,77,False,0,
2025-01-15,SKU-1008,FBA,193,42.4,False,103,True,0,
2025-01-15,SKU-1009,FBM,181,64.6,False,88,False,0,61.8
2025-01-15,SKU-1010,FBA,162,35.6,False,109,True,0,
2025-01-16,SKU-1001,FBA,318,69.9,False,60,False,0,
2025-01-16,SKU-1002,FBA,220,48.4,False,115,True,0,
2025-01-16,SKU-1003,FBA,137,30.1,False,18,False,0,
2025-01-16,SKU-1004,FBM,249,88.9,False,59,False,0,63.1
2025-01-16,SKU-1005,FBA,115,25.3,False,125,True,0,
2025-01-16,SKU-1006,FBM,263,93.9,False,69,False,0,54.2
2025-01-16,SKU-1007,FBA,123,27.0,False,90,False,0,
2025-01-16,SKU-1008,FBA,189,41.5,False,34,False,0,
2025-01-16,SKU-1009,FBM,179,63.9,False,128,True,0,88.1
2025-01-16,SKU-1010,FBA,158,34.7,False,85,False,0,
2025-01-17,SKU-1001,FBA,313,68.8,False,129,True,0,
2025-01-17,SKU-1002,FBA,215,47.3,False,14,False,0,
2025-01-17,SKU-1003,FBA,132,29.0,False,53,False,0,
2025-01-17,SKU-1004,FBM,246,87.9,False,113,True,0,78.9
2025-01-17,SKU-1005,FBA,110,24.2,False,124,True,0,
2025-01-17,SKU-1006,FBM,260,92.9,False,111,True,0,65.3
2025-01-17,SKU-1007,FBA,118,25.9,False,82,False,0,
2025-01-17,SKU-1008,FBA,184,40.4,False,55,False,0,
2025-01-17,SKU-1009,FBM,176,62.9,False,36,False,0,87.1
2025-01-17,SKU-1010,FBA,153,33.6,False,84,False,0,
2025-01-18,SKU-1001,FBA,309,67.9,False,89,False,0,
2025-01-18,SKU-1002,FBA,211,46.4,False,127,True,0,
2025-01-18,SKU-1003,FBA,128,28.1,False,106,True,0,
2025-01-18,SKU-1004,FBM,243,86.8,False,35,False,0,56.1
2025-01-18,SKU-1005,FBA,106,23.3,False,126,True,0,
2025-01-18,SKU-1006,FBM,257,91.8,False,125,True,0,71.2
2025-01-18,SKU-1007,FBA,114,25.1,False,84,False,0,
2025-01-18,SKU-1008,FBA,180,39.6,False,17,False,0,
2025-01-18,SKU-1009,FBM,173,61.8,False,93,True,0,91.5
2025-01-18,SKU-1010,FBA,149,32.7,False,111,True,0,
2025-01-19,SKU-1001,FBA,304,66.8,False,30,False,0,
2025-01-19,SKU-1002,FBA,206,45.3,False,92,True,0,
2025-01-19,SKU-1003,FBA,123,27.0,False,112,True,0,
2025-01-19,SKU-1004,FBM,240,85.7,False,87,False,0,64.3
2025-01-19,SKU-1005,FBA,101,22.2,False,80,False,0,
2025-01-19,SKU-1006,FBM,254,90.7,False,72,False,0,59.2
2025-01-19,SKU-1007,FBA,109,24.0,False,89,False,0,
2025-01-19,SKU-1008,FBA,175,38.5,False,32,False,0,
2025-01-19,SKU-1009,FBM,170,60.7,False,16,False,0,77.8
2025-01-19,SKU-1010,FBA,144,31.6,False,87,False,0,
2025-01-20,SKU-1001,FBA,299,65.7,False,84,False,0,
2025-01-20,SKU-1002,FBA,201,44.2,False,69,False,0,
2025-01-20,SKU-1003,FBA,118,25.9,False,1,False,0,
2025-01-20,SKU-1004,FBM,237,84.6,False,112,True,0,77.9
2025-01-20,SKU-1005,FBA,96,21.1,False,114,True,0,
2025-01-20,SKU-1006,FBM,251,89.6,False,9,False,0,95.2
2025-01-20,SKU-1007,FBA,104,22.9,False,34,False,0,
2025-01-20,SKU-1008,FBA,170,37.4,False,93,True,0,
2025-01-20,SKU-1009,FBM,167,59.6,False,115,True,0,61.9
2025-01-20,SKU-1010,FBA,139,30.5,False,54,False,1,
2025-01-21,SKU-1001,FBA,295,64.8,False,11,False,0,
2025-01-21,SKU-1002,FBA,197,43.3,False,118,True,0,
2025-01-21,SKU-1003,FBA,114,25.1,False,74,False,0,
2025-01-21,SKU-1004,FBM,235,83.9,False,99,True,2,65.5
2025-01-21,SKU-1005,FBA,92,20.2,False,77,False,0,
2025-01-21,SKU-1006,FBM,249,88.9,False,93,True,0,50.6
2025-01-21,SKU-1007,FBA,100,22.0,False,12,False,0,
2025-01-21,SKU-1008,FBA,166,36.5,False,101,True,0,
2025-01-21,SKU-1009,FBM,165,58.9,False,6,False,0,89.9
2025-01-21,SKU-1010,FBA,135,29.7,False,57,False,0,
2025-01-22,SKU-1001,FBA,290,63.7,False,49,False,0,
2025-01-22,SKU-1002,FBA,192,42.2,False,89,False,0,
2025-01-22,SKU-1003,FBA,109,24.0,False,95,True,0,
2025-01-22,SKU-1004,FBM,232,82.9,False,12,False,0,42.9
2025-01-22,SKU-1005,FBA,87,19.1,False,36,False,0,
2025-01-22,SKU-1006,FBM,246,87.9,False,120,True,0,42.5
2025-01-22,SKU-1007,FBA,95,20.9,False,26,False,0,
2025-01-22,SKU-1008,FBA,161,35.4,False,11,False,0,
2025-01-22,SKU-1009,FBM,162,57.9,False,32,False,0,79.4
2025-01-22,SKU-1010,FBA,130,28.6,False,120,True,0,
2025-01-23,SKU-1001,FBA,286,62.9,False,89,False,0,
2025-01-23,SKU-1002,FBA,188,41.3,False,78,False,0,
2025-01-23,SKU-1003,FBA,105,23.1,False,84,False,0,
2025-01-23,SKU-1004,FBM,229,81.8,False,49,False,0,58.0
2025-01-23,SKU-1005,FBA,83,18.2,False,105,True,0,
2025-01-23,SKU-1006,FBM,243,86.8,False,125,True,0,81.9
2025-01-23,SKU-1007,FBA,91,20.0,False,113,True,0,
2025-01-23,SKU-1008,FBA,157,34.5,False,95,True,0,
2025-01-23,SKU-1009,FBM,159,56.8,False,56,False,0,63.7
2025-01-23,SKU-1010,FBA,126,27.7,False,114,True,0,
2025-01-24,SKU-1001,FBA,281,61.8,False,71,False,0,
2025-01-24,SKU-1002,FBA,183,40.2,False,46,False,0,
2025-01-24,SKU-1003,FBA,100,22.0,False,62,False,0,
2025-01-24,SKU-1004,FBM,226,80.7,False,93,True,0,72.8
2025-01-24,SKU-1005,FBA,78,17.1,False,110,True,0,
2025-01-24,SKU-1006,FBM,240,85.7,False,36,False,0,74.5
2025-01-24,SKU-1007,FBA,86,18.9,False,120,True,0,
2025-01-24,SKU-1008,FBA,152,33.4,False,77,False,0,
2025-01-24,SKU-1009,FBM,156,55.7,False,72,False,0,85.8
2025-01-24,SKU-1010,FBA,121,26.6,False,4,False,0,
2025-01-25,SKU-1001,FBA,277,60.9,False,103,True,0,
2025-01-25,SKU-1002,FBA,179,39.3,False,80,False,0,
2025-01-25,SKU-1003,FBA,96,21.1,False,53,False,0,
2025-01-25,SKU-1004,FBM,223,79.6,False,34,False,0,74.6
2025-01-25,SKU-1005,FBA,74,16.3,False,95,True,0,
2025-01-25,SKU-1006,FBM,237,84.6,False,1,False,0,74.7
2025-01-25,SKU-1007,FBA,82,18.0,False,58,False,0,
2025-01-25,SKU-1008,FBA,148,32.5,False,79,False,0,
2025-01-25,SKU-1009,FBM,153,54.6,False,123,True,0,74.9
2025-01-25,SKU-1010,FBA,117,25.7,False,10,False,0,
2025-01-26,SKU-1001,FBA,272,59.8,False,121,True,0,
2025-01-26,SKU-1002,FBA,174,38.2,False,85,False,0,
2025-01-26,SKU-1003,FBA,91,20.0,False,66,False,0,
2025-01-26,SKU-1004,FBM,221,78.9,False,111,True,0,99.1
2025-01-26,SKU-1005,FBA,69,15.2,False,22,False,0,
2025-01-26,SKU-1006,FBM,235,83.9,False,85,False,0,100.0
2025-01-26,SKU-1007,FBA,77,16.9,False,47,False,0,
2025-01-26,SKU-1008,FBA,143,31.4,False,106,True,0,
2025-01-26,SKU-1009,FBM,151,53.9,False,43,False,0,67.4
2025-01-26,SKU-1010,FBA,112,24.6,False,101,True,0,
2025-01-27,SKU-1001,FBA,268,58.9,False,111,True,0,
2025-01-27,SKU-1002,FBA,170,37.4,False,73,False,0,
2025-01-27,SKU-1003,FBA,87,19.1,False,29,False,0,
2025-01-27,SKU-1004,FBM,218,77.9,False,39,False,0,85.2
2025-01-27,SKU-1005,FBA,65,14.3,False,33,False,0,
2025-01-27,SKU-1006,FBM,232,82.9,False,14,False,0,73.5
2025-01-27,SKU-1007,FBA,73,16.0,False,15,False,0,
2025-01-27,SKU-1008,FBA,139,30.5,False,117,True,0,
2025-01-27,SKU-1009,FBM,148,52.9,False,109,True,0,75.9
2025-01-27,SKU-1010,FBA,108,23.7,False,53,False,0,
2025-01-28,SKU-1001,FBA,263,57.8,False,18,False,0,
2025-01-28,SKU-1002,FBA,165,36.3,False,7,False,0,
2025-01-28,SKU-1003,FBA,82,18.0,False,6,False,0,
2025-01-28,SKU-1004,FBM,215,76.8,False,43,False,0,67.3
2025-01-28,SKU-1005,FBA,60,13.2,False,89,False,0,
2025-01-28,SKU-1006,FBM,229,81.8,False,3,False,0,81.3
2025-01-28,SKU-1007,FBA,68,14.9,False,29,False,0,
2025-01-28,SKU-1008,FBA,134,29.5,False,100,True,0,
2025-01-28,SKU-1009,FBM,145,51.8,False,114,True,0,79.5
2025-01-28,SKU-1010,FBA,103,22.6,False,102,True,0,
2025-01-29,SKU-1001,FBA,259,56.9,False,120,True,0,
2025-01-29,SKU-1002,FBA,161,35.4,False,116,True,0,
2025-01-29,SKU-1003,FBA,78,17.1,False,50,False,0,
2025-01-29,SKU-1004,FBM,212,75.7,False,75,False,0,68.4
2025-01-29,SKU-1005,FBA,56,12.3,False,26,False,0,
2025-01-29,SKU-1006,FBM,226,80.7,False,39,False,0,82.6
2025-01-29,SKU-1007,FBA,64,14.1,False,76,False,1,
2025-01-29,SKU-1008,FBA,130,28.6,False,89,False,0,
2025-01-29,SKU-1009,FBM,142,50.7,False,8,False,0,94.5
2025-01-29,SKU-1010,FBA,99,21.8,False,74,False,0,
2025-01-30,SKU-1001,FBA,254,55.8,False,104,True,0,
2025-01-30,SKU-1002,FBA,156,34.3,False,120,True,0,
2025-01-30,SKU-1003,FBA,73,16.0,False,10,False,0,
2025-01-30,SKU-1004,FBM,209,74.6,False,26,False,0,73.9
2025-01-30,SKU-1005,FBA,51,11.2,False,49,False,1,
2025-01-30,SKU-1006,FBM,223,79.6,False,6,False,0,82.7
2025-01-30,SKU-1007,FBA,59,13.0,False,33,False,0,
2025-01-30,SKU-1008,FBA,125,27.5,False,39,False,0,
2025-01-30,SKU-1009,FBM,139,49.6,False,8,False,0,46.4
2025-01-30,SKU-1010,FBA,94,20.7,False,128,True,0,
2025-01-31,SKU-1001,FBA,249,54.7,False,43,False,0,
2025-01-31,SKU-1002,FBA,151,33.2,False,47,False,0,
2025-01-31,SKU-1003,FBA,68,14.9,False,112,True,0,
2025-01-31,SKU-1004,FBM,207,73.9,False,8,False,0,81.6
2025-01-31,SKU-1005,FBA,46,10.1,False,102,True,0,
2025-01-31,SKU-1006,FBM,221,78.9,False,26,False,0,100.0
2025-01-31,SKU-1007,FBA,54,11.9,False,118,True,0,
2025-01-31,SKU-1008,FBA,120,26.4,False,68,False,0,
2025-01-31,SKU-1009,FBM,137,48.9,False,66,False,0,80.4
2025-01-31,SKU-1010,FBA,89,19.6,False,94,True,0,
2025-02-01,SKU-1001,FBA,245,53.8,False,110,True,0,
2025-02-01,SKU-1002,FBA,147,32.3,False,71,False,0,
2025-02-01,SKU-1003,FBA,64,14.1,False,81,False,0,
2025-02-01,SKU-1004,FBM,204,72.9,False,34,False,0,72.7
2025-02-01,SKU-1005,FBA,42,9.2,False,115,True,0,
2025-02-01,SKU-1006,FBM,218,77.9,False,95,True,0,76.1
2025-02-01,SKU-1007,FBA,50,11.0,False,35,False,0,
2025-02-01,SKU-1008,FBA,116,25.5,False,115,True,0,
2025-02-01,SKU-1009,FBM,134,47.9,False,125,True,0,74.4
2025-02-01,SKU-1010,FBA,85,18.7,False,44,False,0,
2025-02-02,SKU-1001,FBA,240,52.7,False,63,False,0,
2025-02-02,SKU-1002,FBA,142,31.2,False,43,False,0,
2025-02-02,SKU-1003,FBA,59,13.0,False,80,False,0,
2025-02-02,SKU-1004,FBM,201,71.8,False,20,False,0,69.5
2025-02-02,SKU-1005,FBA,37,8.1,False,2,False,0,
2025-02-02,SKU-1006,FBM,215,76.8,False,100,True,0,72.7
2025-02-02,SKU-1007,FBA,45,9.9,False,106,True,0,
2025-02-02,SKU-1008,FBA,111,24.4,False,114,True,0,
2025-02-02,SKU-1009,FBM,131,46.8,False,6,False,0,56.2
2025-02-02,SKU-1010,FBA,80,17.6,False,84,False,0,
2025-02-03,SKU-1001,FBA,236,51.9,False,119,True,0,
2025-02-03,SKU-1002,FBA,138,30.3,False,89,False,0,
2025-02-03,SKU-1003,FBA,55,12.1,False,64,False,0,
2025-02-03,SKU-1004,FBM,198,70.7,False,124,True,0,80.0
2025-02-03,SKU-1005,FBA,33,7.3,False,19,False,0,
2025-02-03,SKU-1006,FBM,212,75.7,False,29,False,0,78.9
2025-02-03,SKU-1007,FBA,41,9.0,False,69,False,0,
2025-02-03,SKU-1008,FBA,107,23.5,False,13,False,0,
2025-02-03,SKU-1009,FBM,128,45.7,False,70,False,0,100.0
2025-02-03,SKU-1010,FBA,76,16.7,False,30,False,0,
2025-02-04,SKU-1001,FBA,231,50.8,False,57,False,0,
2025-02-04,SKU-1002,FBA,133,29.2,False,117,True,0,
2025-02-04,SKU-1003,FBA,50,11.0,False,99,True,0,
2025-02-04,SKU-1004,FBM,195,69.6,False,108,True,0,70.5
2025-02-04,SKU-1005,FBA,285,62.6,False,76,False,0,
2025-02-04,SKU-1006,FBM,209,74.6,False,120,True,0,73.2
2025-02-04,SKU-1007,FBA,36,7.9,False,66,False,0,
2025-02-04,SKU-1008,FBA,102,22.4,False,89,False,0,
2025-02-04,SKU-1009,FBM,125,44.6,False,14,False,0,46.7
2025-02-04,SKU-1010,FBA,71,15.6,False,117,True,0,
2025-02-05,SKU-1001,FBA,227,49.9,False,70,False,0,
2025-02-05,SKU-1002,FBA,129,28.4,False,15,False,0,
2025-02-05,SKU-1003,FBA,46,10.1,False,28,False,0,
2025-02-05,SKU-1004,FBM,193,68.9,False,126,True,0,91.8
2025-02-05,SKU-1005,FBA,281,61.8,False,22,False,0,
2025-02-05,SKU-1006,FBM,207,73.9,False,64,False,0,98.6
2025-02-05,SKU-1007,FBA,32,7.0,False,66,False,0,
2025-02-05,SKU-1008,FBA,98,21.5,False,88,False,0,
2025-02-05,SKU-1009,FBM,123,43.9,False,63,False,0,54.2
2025-02-05,SKU-1010,FBA,67,14.7,False,53,False,0,
2025-02-06,SKU-1001,FBA,222,48.8,False,91,True,0,
2025-02-06,SKU-1002,FBA,124,27.3,False,86,False,0,
2025-02-06,SKU-1003,FBA,41,9.0,False,49,False,0,
2025-02-06,SKU-1004,FBM,190,67.9,False,121,True,0,73.8
2025-02-06,SKU-1005,FBA,276,60.7,False,33,False,0,
2025-02-06,SKU-1006,FBM,204,72.9,False,101,True,0,49.4
2025-02-06,SKU-1007,FBA,27,5.9,False,78,False,0,
2025-02-06,SKU-1008,FBA,93,20.4,False,68,False,0,
2025-02-06,SKU-1009,FBM,120,42.9,False,24,False,0,76.9
2025-02-06,SKU-1010,FBA,62,13.6,False,35,False,1,
2025-02-07,SKU-1001,FBA,218,47.9,False,98,True,0,
2025-02-07,SKU-1002,FBA,120,26.4,False,9,False,0,
2025-02-07,SKU-1003,FBA,37,8.1,False,75,False,0,
2025-02-07,SKU-1004,FBM,187,66.8,False,73,False,0,90.2
2025-02-07,SKU-1005,FBA,272,59.8,False,24,False,0,
2025-02-07,SKU-1006,FBM,201,71.8,False,110,True,0,56.8
2025-02-07,SKU-1007,FBA,23,5.1,False,101,True,0,
2025-02-07,SKU-1008,FBA,89,19.6,False,11,False,0,
2025-02-07,SKU-1009,FBM,117,41.8,False,95,True,0,70.8
2025-02-07,SKU-1010,FBA,58,12.7,False,61,False,0,
2025-02-08,SKU-1001,FBA,213,46.8,False,4,False,0,
2025-02-08,SKU-1002,FBA,115,25.3,False,41,False,0,
2025-02-08,SKU-1003,FBA,32,7.0,False,104,True,0,
2025-02-08,SKU-1004,FBM,184,65.7,False,69,False,0,78.3
2025-02-08,SKU-1005,FBA,267,58.7,False,9,False,0,
2025-02-08,SKU-1006,FBM,198,70.7,False,114,True,0,65.1
2025-02-08,SKU-1007,FBA,18,4.0,False,96,True,0,
2025-02-08,SKU-1008,FBA,84,18.5,False,57,False,0,
2025-02-08,SKU-1009,FBM,114,40.7,False,42,False,0,76.6
2025-02-08,SKU-1010,FBA,53,11.6,False,90,False,0,
2025-02-09,SKU-1001,FBA,208,45.7,False,63,False,0,
2025-02-09,SKU-1002,FBA,110,24.2,False,87,False,0,
2025-02-09,SKU-1003,FBA,27,5.9,False,44,False,0,
2025-02-09,SKU-1004,FBM,181,64.6,False,36,False,0,67.7
2025-02-09,SKU-1005,FBA,262,57.6,False,52,False,0,
2025-02-09,SKU-1006,FBM,195,69.6,False,95,True,0,65.9
2025-02-09,SKU-1007,FBA,13,2.9,False,86,False,0,
2025-02-09,SKU-1008,FBA,79,17.4,False,54,False,0,
2025-02-09,SKU-1009,FBM,111,39.6,False,6,False,0,89.9
2025-02-09,SKU-1010,FBA,48,10.5,False,53,False,0,
2025-02-10,SKU-1001,FBA,204,44.8,False,85,False,0,
2025-02-10,SKU-1002,FBA,106,23.3,False,79,False,0,
2025-02-10,SKU-1003,FBA,23,5.1,False,122,True,0,
2025-02-10,SKU-1004,FBM,179,63.9,False,94,True,0,74.4
2025-02-10,SKU-1005,FBA,258,56.7,False,70,False,0,
2025-02-10,SKU-1006,FBM,193,68.9,False,76,False,0,54.4
2025-02-10,SKU-1007,FBA,9,2.0,False,21,False,0,
2025-02-10,SKU-1008,FBA,75,16.5,False,75,False,0,
2025-02-10,SKU-1009,FBM,109,38.9,False,67,False,0,70.2
2025-02-10,SKU-1010,FBA,44,9.7,False,25,False,0,
2025-02-11,SKU-1001,FBA,199,43.7,False,73,False,0,
2025-02-11,SKU-1002,FBA,101,22.2,False,20,False,0,
2025-02-11,SKU-1003,FBA,18,4.0,False,128,True,0,
2025-02-11,SKU-1004,FBM,176,62.9,False,96,True,0,69.8
2025-02-11,SKU-1005,FBA,253,55.6,False,72,False,0,
2025-02-11,SKU-1006,FBM,190,67.9,False,52,False,0,80.7
2025-02-11,SKU-1007,FBA,4,0.9,False,86,False,0,
2025-02-11,SKU-1008,FBA,70,15.4,False,72,False,0,
2025-02-11,SKU-1009,FBM,106,37.9,False,23,False,0,60.7
2025-02-11,SKU-1010,FBA,39,8.6,False,124,True,0,
2025-02-12,SKU-1001,FBA,195,42.9,False,101,True,0,
2025-02-12,SKU-1002,FBA,97,21.3,False,30,False,0,
2025-02-12,SKU-1003,FBA,14,3.1,False,123,True,0,
2025-02-12,SKU-1004,FBM,173,61.8,False,37,False,0,59.4
2025-02-12,SKU-1005,FBA,249,54.7,False,36,False,0,
2025-02-12,SKU-1006,FBM,187,66.8,False,60,False,0,77.7
2025-02-12,SKU-1007,FBA,0,0.0,False,104,True,0,
2025-02-12,SKU-1008,FBA,66,14.5,False,32,False,0,
2025-02-12,SKU-1009,FBM,103,36.8,False,103,True,0,50.3
2025-02-12,SKU-1010,FBA,35,7.7,False,103,True,0,
2025-02-13,SKU-1001,FBA,190,41.8,False,70,False,0,
2025-02-13,SKU-1002,FBA,92,20.2,False,113,True,0,
2025-02-13,SKU-1003,FBA,9,2.0,False,126,True,0,
2025-02-13,SKU-1004,FBM,170,60.7,False,66,False,0,84.2
2025-02-13,SKU-1005,FBA,244,53.6,False,104,True,0,
2025-02-13,SKU-1006,FBM,184,65.7,False,73,False,0,68.5
2025-02-13,SKU-1007,FBA,0,0.0,False,70,False,0,
2025-02-13,SKU-1008,FBA,61,13.4,False,38,False,0,
2025-02-13,SKU-1009,FBM,100,35.7,False,45,False,0,65.6
2025-02-13,SKU-1010,FBA,30,6.6,False,118,True,0,
2025-02-14,SKU-1001,FBA,186,40.9,False,45,False,0,
2025-02-14,SKU-1002,FBA,88,19.3,False,20,False,0,
2025-02-14,SKU-1003,FBA,5,1.1,False,96,True,0,
2025-02-14,SKU-1004,FBM,167,59.6,False,47,False,0,76.8
2025-02-14,SKU-1005,FBA,240,52.7,False,49,False,0,
2025-02-14,SKU-1006,FBM,181,64.6,False,46,False,0,69.8
2025-02-14,SKU-1007,FBA,0,0.0,False,79,False,0,
2025-02-14,SKU-1008,FBA,57,12.5,False,113,True,0,
2025-02-14,SKU-1009,FBM,97,34.6,False,64,False,0,63.7
2025-02-14,SKU-1010,FBA,26,5.7,False,16,False,0,
2025-02-15,SKU-1001,FBA,181,39.8,False,113,True,0,
2025-02-15,SKU-1002,FBA,83,18.2,False,53,False,0,
2025-02-15,SKU-1003,FBA,0,0.0,False,21,False,0,
2025-02-15,SKU-1004,FBM,165,58.9,False,112,True,0,82.2
2025-02-15,SKU-1005,FBA,235,51.6,False,47,False,0,
2025-02-15,SKU-1006,FBM,179,63.9,False,93,True,0,66.5
2025-02-15,SKU-1007,FBA,0,0.0,False,18,False,0,
2025-02-15,SKU-1008,FBA,389,85.5,False,57,False,1,
2025-02-15,SKU-1009,FBM,95,33.9,False,35,False,1,80.1
2025-02-15,SKU-1010,FBA,21,4.6,False,56,False,0,
2025-02-16,SKU-1001,FBA,177,38.9,False,119,True,0,
2025-02-16,SKU-1002,FBA,79,17.4,False,60,False,0,
2025-02-16,SKU-1003,FBA,0,0.0,False,6,False,0,
2025-02-16,SKU-1004,FBM,162,57.9,False,31,False,0,63.5
2025-02-16,SKU-1005,FBA,231,50.8,False,98,True,0,
2025-02-16,SKU-1006,FBM,176,62.9,False,97,True,0,77.4
2025-02-16,SKU-1007,FBA,0,0.0,False,4,False,0,
2025-02-16,SKU-1008,FBA,385,84.6,False,110,True,0,
2025-02-16,SKU-1009,FBM,92,32.9,False,60,False,0,72.8
2025-02-16,SKU-1010,FBA,17,3.7,False,120,True,0,
2025-02-17,SKU-1001,FBA,172,37.8,False,62,False,0,
2025-02-17,SKU-1002,FBA,74,16.3,False,113,True,0,
2025-02-17,SKU-1003,FBA,0,0.0,False,44,False,0,
2025-02-17,SKU-1004,FBM,159,56.8,False,129,True,0,99.2
2025-02-17,SKU-1005,FBA,226,49.7,False,80,False,0,
2025-02-17,SKU-1006,FBM,173,61.8,False,108,True,0,78.9
2025-02-17,SKU-1007,FBA,297,65.3,False,62,False,0,
2025-02-17,SKU-1008,FBA,380,83.5,False,32,False,0,
2025-02-17,SKU-1009,FBM,89,31.8,False,83,False,0,43.4
2025-02-17,SKU-1010,FBA,12,2.6,False,84,False,0,
2025-02-18,SKU-1001,FBA,168,36.9,False,63,False,0,
2025-02-18,SKU-1002,FBA,70,15.4,False,81,False,0,
2025-02-18,SKU-1003,FBA,0,0.0,False,8,False,0,
2025-02-18,SKU-1004,FBM,156,55.7,False,111,True,0,59.6
2025-02-18,SKU-1005,FBA,222,48.8,False,101,True,0,
2025-02-18,SKU-1006,FBM,170,60.7,False,75,False,0,88.0
2025-02-18,SKU-1007,FBA,292,64.2,False,20,False,0,
2025-02-18,SKU-1008,FBA,376,82.6,False,113,True,0,
2025-02-18,SKU-1009,FBM,86,30.7,False,26,False,0,63.2
2025-02-18,SKU-1010,FBA,8,1.8,False,9,False,0,
2025-02-19,SKU-1001,FBA,163,35.8,False,61,False,0,
2025-02-19,SKU-1002,FBA,65,14.3,False,110,True,1,
2025-02-19,SKU-1003,FBA,0,0.0,False,85,False,0,
2025-02-19,SKU-1004,FBM,153,54.6,False,36,False,0,75.3
2025-02-19,SKU-1005,FBA,217,47.7,False,20,False,0,
2025-02-19,SKU-1006,FBM,167,59.6,False,97,True,0,75.5
2025-02-19,SKU-1007,FBA,288,63.3,False,15,False,0,
2025-02-19,SKU-1008,FBA,371,81.5,False,97,True,0,
2025-02-19,SKU-1009,FBM,83,29.6,False,116,True,0,71.1
2025-02-19,SKU-1010,FBA,3,0.7,False,86,False,0,
2025-02-20,SKU-1001,FBA,158,34.7,False,27,False,0,
2025-02-20,SKU-1002,FBA,60,13.2,False,25,False,0,
2025-02-20,SKU-1003,FBA,0,0.0,False,113,True,0,
2025-02-20,SKU-1004,FBM,151,53.9,False,28,False,0,95.4
2025-02-20,SKU-1005,FBA,212,46.6,False,96,True,0,
2025-02-20,SKU-1006,FBM,165,58.9,False,53,False,0,94.3
2025-02-20,SKU-1007,FBA,283,62.2,False,32,False,0,
2025-02-20,SKU-1008,FBA,366,80.4,False,52,False,0,
2025-02-20,SKU-1009,FBM,81,28.9,False,16,False,0,60.8
2025-02-20,SKU-1010,FBA,0,0.0,False,61,False,0,
2025-02-21,SKU-1001,FBA,154,33.8,False,47,False,0,
2025-02-21,SKU-1002,FBA,56,12.3,False,126,True,0,
2025-02-21,SKU-1003,FBA,0,0.0,False,71,False,0,
2025-02-21,SKU-1004,FBM,148,52.9,False,115,True,0,75.4
2025-02-21,SKU-1005,FBA,208,45.7,False,113,True,0,
2025-02-21,SKU-1006,FBM,162,57.9,False,18,False,0,92.5
2025-02-21,SKU-1007,FBA,279,61.3,False,8,False,0,
2025-02-21,SKU-1008,FBA,362,79.6,False,34,False,0,
2025-02-21,SKU-1009,FBM,78,27.9,False,87,False,0,73.8
2025-02-21,SKU-1010,FBA,0,0.0,False,84,False,0,
2025-02-22,SKU-1001,FBA,149,32.7,False,106,True,0,
2025-02-22,SKU-1002,FBA,51,11.2,False,94,True,0,
2025-02-22,SKU-1003,FBA,0,0.0,False,124,True,0,
2025-02-22,SKU-1004,FBM,145,51.8,False,124,True,0,100.0
2025-02-22,SKU-1005,FBA,203,44.6,False,50,False,0,
2025-02-22,SKU-1006,FBM,159,56.8,False,49,False,0,87.9
2025-02-22,SKU-1007,FBA,274,60.2,False,18,False,0,
2025-02-22,SKU-1008,FBA,357,78.5,False,13,False,0,
2025-02-22,SKU-1009,FBM,75,26.8,False,18,False,0,70.7
2025-02-22,SKU-1010,FBA,0,0.0,False,37,False,0,
2025-02-23,SKU-1001,FBA,145,31.9,False,2,False,0,
2025-02-23,SKU-1002,FBA,47,10.3,False,68,False,0,
2025-02-23,SKU-1003,FBA,0,0.0,False,62,False,0,
2025-02-23,SKU-1004,FBM,142,50.7,False,128,True,0,89.6
2025-02-23,SKU-1005,FBA,199,43.7,False,55,False,0,
2025-02-23,SKU-1006,FBM,156,55.7,False,19,False,0,77.6
2025-02-23,SKU-1007,FBA,270,59.3,False,50,False,0,
2025-02-23,SKU-1008,FBA,353,77.6,False,73,False,0,
2025-02-23,SKU-1009,FBM,72,25.7,False,37,False,0,57.2
2025-02-23,SKU-1010,FBA,0,0.0,False,127,True,0,
2025-02-24,SKU-1001,FBA,140,30.8,False,37,False,0,
2025-02-24,SKU-1002,FBA,42,9.2,False,122,True,0,
2025-02-24,SKU-1003,FBA,0,0.0,False,80,False,0,
2025-02-24,SKU-1004,FBM,139,49.6,False,78,False,0,94.4
2025-02-24,SKU-1005,FBA,194,42.6,False,77,False,0,
2025-02-24,SKU-1006,FBM,153,54.6,False,46,False,0,56.6
2025-02-24,SKU-1007,FBA,265,58.2,False,122,True,0,
2025-02-24,SKU-1008,FBA,348,76.5,False,100,True,0,
2025-02-24,SKU-1009,FBM,69,24.6,False,40,False,0,93.2
2025-02-24,SKU-1010,FBA,0,0.0,False,15,False,0,
2025-02-25,SKU-1001,FBA,136,29.9,False,88,False,0,
2025-02-25,SKU-1002,FBA,38,8.4,False,114,True,0,
2025-02-25,SKU-1003,FBA,0,0.0,False,108,True,0,
2025-02-25,SKU-1004,FBM,137,48.9,False,102,True,0,78.9
2025-02-25,SKU-1005,FBA,190,41.8,False,44,False,0,
2025-02-25,SKU-1006,FBM,151,53.9,False,59,False,0,71.1
2025-02-25,SKU-1007,FBA,261,57.4,False,95,True,0,
2025-02-25,SKU-1008,FBA,344,75.6,False,128,True,0,
2025-02-25,SKU-1009,FBM,67,23.9,False,26,False,0,56.3
2025-02-25,SKU-1010,FBA,0,0.0,False,73,False,0,
2025-02-26,SKU-1001,FBA,131,28.8,False,74,False,0,
2025-02-26,SKU-1002,FBA,33,7.3,False,23,False,0,
2025-02-26,SKU-1003,FBA,0,0.0,False,8,False,0,
2025-02-26,SKU-1004,FBM,134,47.9,False,124,True,0,80.3
2025-02-26,SKU-1005,FBA,185,40.7,False,79,False,0,
2025-02-26,SKU-1006,FBM,148,52.9,False,108,True,1,65.6
2025-02-26,SKU-1007,FBA,256,56.3,False,81,False,0,
2025-02-26,SKU-1008,FBA,339,74.5,False,14,False,0,
2025-02-26,SKU-1009,FBM,64,22.9,False,87,False,0,71.1
2025-02-26,SKU-1010,FBA,0,0.0,False,4,False,0,
2025-02-27,SKU-1001,FBA,127,27.9,False,16,False,0,
2025-02-27,SKU-1002,FBA,496,109.0,False,36,False,0,
2025-02-27,SKU-1003,FBA,0,0.0,False,72,False,0,
2025-02-27,SKU-1004,FBM,131,46.8,False,86,False,0,50.0
2025-02-27,SKU-1005,FBA,181,39.8,False,76,False,0,
2025-02-27,SKU-1006,FBM,145,51.8,False,68,False,0,53.9
2025-02-27,SKU-1007,FBA,251,55.2,False,116,True,0,
2025-02-27,SKU-1008,FBA,335,73.6,False,98,True,0,
2025-02-27,SKU-1009,FBM,61,21.8,False,62,False,0,64.9
2025-02-27,SKU-1010,FBA,0,0.0,False,58,False,0,
2025-02-28,SKU-1001,FBA,122,26.8,False,2,False,0,
2025-02-28,SKU-1002,FBA,491,107.9,False,11,False,0,
2025-02-28,SKU-1003,FBA,0,0.0,False,8,False,0,
2025-02-28,SKU-1004,FBM,128,45.7,False,101,True,0,95.6
2025-02-28,SKU-1005,FBA,176,38.7,False,23,False,0,
2025-02-28,SKU-1006,FBM,142,50.7,False,70,False,0,82.4
2025-02-28,SKU-1007,FBA,247,54.3,False,77,False,0,
2025-02-28,SKU-1008,FBA,330,72.5,False,81,False,0,
2025-02-28,SKU-1009,FBM,58,20.7,False,5,False,0,50.0
2025-02-28,SKU-1010,FBA,0,0.0,False,44,False,0,
2025-03-01,SKU-1001,FBA,117,25.7,False,27,False,0,
2025-03-01,SKU-1002,FBA,486,106.8,False,61,False,0,
2025-03-01,SKU-1003,FBA,0,0.0,False,17,False,0,
2025-03-01,SKU-1004,FBM,125,44.6,False,71,False,0,90.1
2025-03-01,SKU-1005,FBA,171,37.6,False,54,False,1,
2025-03-01,SKU-1006,FBM,139,49.6,False,67,False,0,66.6
2025-03-01,SKU-1007,FBA,242,53.2,False,40,False,0,
2025-03-01,SKU-1008,FBA,325,71.4,False,108,True,0,
2025-03-01,SKU-1009,FBM,549,196.1,False,17,False,0,47.9
2025-03-01,SKU-1010,FBA,0,0.0,False,91,True,0,
2025-03-02,SKU-1001,FBA,113,24.8,False,73,False,0,
2025-03-02,SKU-1002,FBA,482,105.9,False,17,False,0,
2025-03-02,SKU-1003,FBA,0,0.0,False,28,False,0,
2025-03-02,SKU-1004,FBM,123,43.9,False,121,True,0,53.9
2025-03-02,SKU-1005,FBA,167,36.7,False,37,False,0,
2025-03-02,SKU-1006,FBM,137,48.9,False,60,False,0,84.6
2025-03-02,SKU-1007,FBA,238,52.3,False,120,True,0,
2025-03-02,SKU-1008,FBA,321,70.5,False,36,False,0,
2025-03-02,SKU-1009,FBM,547,195.4,False,67,False,0,62.3
2025-03-02,SKU-1010,FBA,0,0.0,False,129,True,0,
2025-03-03,SKU-1001,FBA,108,23.7,False,82,False,0,
2025-03-03,SKU-1002,FBA,477,104.8,False,61,False,0,
2025-03-03,SKU-1003,FBA,0,0.0,False,109,True,0,
2025-03-03,SKU-1004,FBM,120,42.9,False,74,False,1,83.7
2025-03-03,SKU-1005,FBA,162,35.6,False,118,True,0,
2025-03-03,SKU-1006,FBM,134,47.9,False,43,False,0,60.6
2025-03-03,SKU-1007,FBA,233,51.2,False,57,False,0,
2025-03-03,SKU-1008,FBA,316,69.5,False,122,True,0,
2025-03-03,SKU-1009,FBM,544,194.3,False,14,False,0,59.8
2025-03-03,SKU-1010,FBA,0,0.0,False,74,False,0,
2025-03-04,SKU-1001,FBA,104,22.9,False,55,False,0,
2025-03-04,SKU-1002,FBA,473,104.0,False,6,False,0,
2025-03-04,SKU-1003,FBA,0,0.0,False,70,False,0,
2025-03-04,SKU-1004,FBM,117,41.8,False,126,True,0,80.5
2025-03-04,SKU-1005,FBA,158,34.7,False,124,True,0,
2025-03-04,SKU-1006,FBM,131,46.8,False,32,False,0,44.8
2025-03-04,SKU-1007,FBA,229,50.3,False,37,False,0,
2025-03-04,SKU-1008,FBA,312,68.6,False,128,True,0,
2025-03-04,SKU-1009,FBM,541,193.2,False,31,False,0,56.6
2025-03-04,SKU-1010,FBA,0,0.0,False,128,True,0,
2025-03-05,SKU-1001,FBA,99,21.8,False,12,False,0,
2025-03-05,SKU-1002,FBA,468,102.9,False,22,False,0,
2025-03-05,SKU-1003,FBA,0,0.0,False,107,True,0,
2025-03-05,SKU-1004,FBM,114,40.7,False,110,True,0,69.6
2025-03-05,SKU-1005,FBA,153,33.6,False,64,False,1,
2025-03-05,SKU-1006,FBM,128,45.7,False,16,False,0,80.3
2025-03-05,SKU-1007,FBA,224,49.2,False,36,False,0,
2025-03-05,SKU-1008,FBA,307,67.5,False,14,False,0,
2025-03-05,SKU-1009,FBM,538,192.1,False,84,False,0,70.4
2025-03-05,SKU-1010,FBA,0,0.0,False,8,False,0,
2025-03-06,SKU-1001,FBA,95,20.9,False,23,False,0,
2025-03-06,SKU-1002,FBA,464,102.0,False,11,False,0,
2025-03-06,SKU-1003,FBA,0,0.0,False,65,False,0,
2025-03-06,SKU-1004,FBM,111,39.6,False,1,False,0,50.9
2025-03-06,SKU-1005,FBA,149,32.7,False,99,True,0,
2025-03-06,SKU-1006,FBM,125,44.6,False,26,False,0,57.7
2025-03-06,SKU-1007,FBA,220,48.4,False,10,False,0,
2025-03-06,SKU-1008,FBA,303,66.6,False,126,True,0,
2025-03-06,SKU-1009,FBM,535,191.1,False,120,True,0,100.0
2025-03-06,SKU-1010,FBA,0,0.0,False,13,False,0,
2025-03-07,SKU-1001,FBA,90,19.8,False,115,True,0,
2025-03-07,SKU-1002,FBA,459,100.9,False,66,False,0,
2025-03-07,SKU-1003,FBA,0,0.0,False,58,False,0,
2025-03-07,SKU-1004,FBM,109,38.9,False,23,False,0,56.4
2025-03-07,SKU-1005,FBA,144,31.6,False,84,False,0,
2025-03-07,SKU-1006,FBM,123,43.9,False,123,True,0,62.4
2025-03-07,SKU-1007,FBA,215,47.3,False,116,True,0,
2025-03-07,SKU-1008,FBA,298,65.5,False,60,False,0,
2025-03-07,SKU-1009,FBM,533,190.4,False,31,False,0,61.9
2025-03-07,SKU-1010,FBA,0,0.0,False,83,False,0,
2025-03-08,SKU-1001,FBA,86,18.9,False,35,False,0,
2025-03-08,SKU-1002,FBA,455,100.0,False,10,False,0,
2025-03-08,SKU-1003,FBA,481,105.7,False,12,False,0,
2025-03-08,SKU-1004,FBM,106,37.9,False,122,True,0,62.0
2025-03-08,SKU-1005,FBA,140,30.8,False,73,False,0,
2025-03-08,SKU-1006,FBM,120,42.9,False,7,False,0,90.2
2025-03-08,SKU-1007,FBA,210,46.2,False,88,False,0,
2025-03-08,SKU-1008,FBA,294,64.6,False,120,True,0,
2025-03-08,SKU-1009,FBM,530,189.3,False,81,False,0,59.1
2025-03-08,SKU-1010,FBA,0,0.0,False,45,False,0,
2025-03-09,SKU-1001,FBA,81,17.8,False,16,False,0,
2025-03-09,SKU-1002,FBA,450,98.9,False,102,True,0,
2025-03-09,SKU-1003,FBA,476,104.6,False,122,True,0,
2025-03-09,SKU-1004,FBM,103,36.8,False,64,False,0,49.3
2025-03-09,SKU-1005,FBA,135,29.7,False,123,True,0,
2025-03-09,SKU-1006,FBM,117,41.8,False,77,False,0,78.7
2025-03-09,SKU-1007,FBA,206,45.3,False,96,True,0,
2025-03-09,SKU-1008,FBA,289,63.5,False,56,False,0,
2025-03-09,SKU-1009,FBM,527,188.2,False,48,False,0,75.8
2025-03-09,SKU-1010,FBA,0,0.0,False,79,False,0,
2025-03-10,SKU-1001,FBA,77,16.9,False,96,True,2,
2025-03-10,SKU-1002,FBA,446,98.0,False,62,False,0,
2025-03-10,SKU-1003,FBA,472,103.7,False,2,False,0,
2025-03-10,SKU-1004,FBM,100,35.7,False,80,False,0,74.0
2025-03-10,SKU-1005,FBA,131,28.8,False,106,True,0,
2025-03-10,SKU-1006,FBM,114,40.7,False,39,False,0,70.9
2025-03-10,SKU-1007,FBA,201,44.2,False,17,False,0,
2025-03-10,SKU-1008,FBA,285,62.6,False,34,False,0,
2025-03-10,SKU-1009,FBM,524,187.1,False,1,False,0,59.1
2025-03-10,SKU-1010,FBA,0,0.0,False,56,False,0,
2025-03-11,SKU-1001,FBA,72,15.8,False,17,False,0,
2025-03-11,SKU-1002,FBA,441,96.9,False,128,True,0,
2025-03-11,SKU-1003,FBA,467,102.6,False,22,False,0,
2025-03-11,SKU-1004,FBM,97,34.6,False,63,False,0,87.8
2025-03-11,SKU-1005,FBA,126,27.7,False,42,False,0,
2025-03-11,SKU-1006,FBM,111,39.6,False,24,False,0,94.8
2025-03-11,SKU-1007,FBA,197,43.3,False,1,False,0,
2025-03-11,SKU-1008,FBA,280,61.5,False,108,True,0,
2025-03-11,SKU-1009,FBM,522,186.4,False,6,False,0,72.6
2025-03-11,SKU-1010,FBA,378,83.1,False,95,True,0,
2025-03-12,SKU-1001,FBA,67,14.7,False,5,False,0,
2025-03-12,SKU-1002,FBA,436,95.8,False,3,False,0,
2025-03-12,SKU-1003,FBA,463,101.8,False,45,False,0,
2025-03-12,SKU-1004,FBM,95,33.9,False,120,True,0,100.0
2025-03-12,SKU-1005,FBA,121,26.6,False,84,False,0,
2025-03-12,SKU-1006,FBM,109,38.9,False,4,False,0,63.6
2025-03-12,SKU-1007,FBA,192,42.2,False,23,False,0,
2025-03-12,SKU-1008,FBA,275,60.4,False,69,False,0,
2025-03-12,SKU-1009,FBM,519,185.4,False,127,True,0,78.3
2025-03-12,SKU-1010,FBA,373,82.0,False,127,True,0,
2025-03-13,SKU-1001,FBA,63,13.8,False,80,False,0,
2025-03-13,SKU-1002,FBA,432,94.9,False,53,False,0,
2025-03-13,SKU-1003,FBA,458,100.7,False,7,False,0,
2025-03-13,SKU-1004,FBM,92,32.9,False,21,False,0,76.1
2025-03-13,SKU-1005,FBA,117,25.7,False,104,True,0,
2025-03-13,SKU-1006,FBM,106,37.9,False,24,False,1,76.6
2025-03-13,SKU-1007,FBA,188,41.3,False,98,True,0,
2025-03-13,SKU-1008,FBA,271,59.6,False,34,False,0,
2025-03-13,SKU-1009,FBM,516,184.3,False,80,False,0,77.0
2025-03-13,SKU-1010,FBA,369,81.1,False,46,False,0,
2025-03-14,SKU-1001,FBA,314,69.0,False,4,False,0,
2025-03-14,SKU-1002,FBA,427,93.8,False,83,False,0,
2025-03-14,SKU-1003,FBA,454,99.8,False,85,False,0,
2025-03-14,SKU-1004,FBM,89,31.8,False,106,True,0,65.0
2025-03-14,SKU-1005,FBA,112,24.6,False,44,False,0,
2025-03-14,SKU-1006,FBM,103,36.8,False,84,False,0,100.0
2025-03-14,SKU-1007,FBA,183,40.2,False,44,False,0,
2025-03-14,SKU-1008,FBA,266,58.5,False,96,True,0,
2025-03-14,SKU-1009,FBM,513,183.2,False,30,False,0,59.8
2025-03-14,SKU-1010,FBA,364,80.0,False,53,False,0,
2025-03-15,SKU-1001,FBA,310,68.1,False,76,False,0,
2025-03-15,SKU-1002,FBA,423,93.0,False,112,True,0,
2025-03-15,SKU-1003,FBA,449,98.7,False,42,False,0,
2025-03-15,SKU-1004,FBM,86,30.7,False,80,False,0,80.9
2025-03-15,SKU-1005,FBA,108,23.7,False,20,False,1,
2025-03-15,SKU-1006,FBM,100,35.7,False,33,False,0,86.6
2025-03-15,SKU-1007,FBA,179,39.3,False,55,False,0,
2025-03-15,SKU-1008,FBA,262,57.6,False,114,True,1,
2025-03-15,SKU-1009,FBM,510,182.1,False,10,False,0,78.8
2025-03-15,SKU-1010,FBA,360,79.1,False,122,True,0,
2025-03-16,SKU-1001,FBA,305,67.0,False,103,True,0,
2025-03-16,SKU-1002,FBA,418,91.9,False,29,False,0,
2025-03-16,SKU-1003,FBA,445,97.8,False,127,True,0,
2025-03-16,SKU-1004,FBM,83,29.6,False,118,True,0,59.1
2025-03-16,SKU-1005,FBA,103,22.6,False,62,False,0,
2025-03-16,SKU-1006,FBM,97,34.6,False,38,False,0,96.9
2025-03-16,SKU-1007,FBA,174,38.2,False,46,False,0,
2025-03-16,SKU-1008,FBA,257,56.5,False,40,False,0,
2025-03-16,SKU-1009,FBM,508,181.4,False,41,False,1,79.6
2025-03-16,SKU-1010,FBA,355,78.0,False,85,False,0,
2025-03-17,SKU-1001,FBA,301,66.2,False,128,True,0,
2025-03-17,SKU-1002,FBA,414,91.0,False,58,False,0,
2025-03-17,SKU-1003,FBA,440,96.7,False,47,False,0,
2025-03-17,SKU-1004,FBM,81,28.9,False,78,False,0,63.3
2025-03-17,SKU-1005,FBA,99,21.8,False,34,False,0,
2025-03-17,SKU-1006,FBM,95,33.9,False,93,True,0,63.2
2025-03-17,SKU-1007,FBA,170,37.4,False,55,False,0,
2025-03-17,SKU-1008,FBA,253,55.6,False,123,True,0,
2025-03-17,SKU-1009,FBM,505,180.4,False,99,True,0,76.8
2025-03-17,SKU-1010,FBA,351,77.1,False,25,False,0,
2025-03-18,SKU-1001,FBA,296,65.1,False,120,True,0,
2025-03-18,SKU-1002,FBA,409,89.9,False,126,True,0,
2025-03-18,SKU-1003,FBA,435,95.6,False,116,True,0,
2025-03-18,SKU-1004,FBM,78,27.9,False,62,False,0,71.1
2025-03-18,SKU-1005,FBA,94,20.7,False,3,False,0,
2025-03-18,SKU-1006,FBM,92,32.9,False,28,False,0,30.2
2025-03-18,SKU-1007,FBA,165,36.3,False,95,True,0,
2025-03-18,SKU-1008,FBA,248,54.5,False,125,True,0,
2025-03-18,SKU-1009,FBM,502,179.3,False,76,False,0,71.8
2025-03-18,SKU-1010,FBA,346,76.0,False,28,False,0,
2025-03-19,SKU-1001,FBA,292,64.2,False,59,False,0,
2025-03-19,SKU-1002,FBA,405,89.0,False,13,False,0,
2025-03-19,SKU-1003,FBA,431,94.7,False,42,False,0,
2025-03-19,SKU-1004,FBM,75,26.8,False,73,False,0,59.2
2025-03-19,SKU-1005,FBA,90,19.8,False,97,True,0,
2025-03-19,SKU-1006,FBM,89,31.8,False,60,False,0,81.1
2025-03-19,SKU-1007,FBA,160,35.2,False,76,False,0,
2025-03-19,SKU-1008,FBA,244,53.6,False,29,False,0,
2025-03-19,SKU-1009,FBM,499,178.2,False,123,True,0,63.1
2025-03-19,SKU-1010,FBA,342,75.2,False,63,False,0,
2025-03-20,SKU-1001,FBA,287,63.1,False,108,True,0,
2025-03-20,SKU-1002,FBA,400,87.9,False,84,False,0,
2025-03-20,SKU-1003,FBA,426,93.6,False,106,True,0,
2025-03-20,SKU-1004,FBM,72,25.7,False,61,False,0,50.4
2025-03-20,SKU-1005,FBA,85,18.7,False,4,False,0,
2025-03-20,SKU-1006,FBM,86,30.7,False,80,False,0,78.0
2025-03-20,SKU-1007,FBA,156,34.3,False,34,False,0,
2025-03-20,SKU-1008,FBA,239,52.5,False,98,True,0,
2025-03-20,SKU-1009,FBM,496,177.1,False,68,False,0,68.0
2025-03-20,SKU-1010,FBA,337,74.1,False,25,False,0,
2025-03-21,SKU-1001,FBA,282,62.0,False,38,False,0,
2025-03-21,SKU-1002,FBA,395,86.8,False,59,False,0,
2025-03-21,SKU-1003,FBA,422,92.7,False,29,False,1,
2025-03-21,SKU-1004,FBM,69,24.6,False,118,True,0,82.9
2025-03-21,SKU-1005,FBA,80,17.6,False,43,False,0,
2025-03-21,SKU-1006,FBM,83,29.6,False,19,False,0,90.0
2025-03-21,SKU-1007,FBA,151,33.2,False,123,True,0,
2025-03-21,SKU-1008,FBA,234,51.4,False,40,False,0,
2025-03-21,SKU-1009,FBM,494,176.4,False,77,False,0,76.7
2025-03-21,SKU-1010,FBA,332,73.0,False,37,False,0,
2025-03-22,SKU-1001,FBA,278,61.1,False,21,False,0,
2025-03-22,SKU-1002,FBA,391,85.9,False,11,False,0,
2025-03-22,SKU-1003,FBA,417,91.6,False,82,False,0,
2025-03-22,SKU-1004,FBM,67,23.9,False,80,False,0,100.0
2025-03-22,SKU-1005,FBA,76,16.7,False,67,False,0,
2025-03-22,SKU-1006,FBM,81,28.9,False,99,True,0,54.3
2025-03-22,SKU-1007,FBA,147,32.3,False,73,False,0,
2025-03-22,SKU-1008,FBA,230,50.5,False,101,True,0,
2025-03-22,SKU-1009,FBM,491,175.4,False,44,False,1,62.1
2025-03-22,SKU-1010,FBA,328,72.1,False,19,False,0,
2025-03-23,SKU-1001,FBA,273,60.0,False,11,False,0,
2025-03-23,SKU-1002,FBA,386,84.8,False,122,True,0,
2025-03-23,SKU-1003,FBA,413,90.8,False,31,False,0,
2025-03-23,SKU-1004,FBM,64,22.9,False,36,False,1,80.0
2025-03-23,SKU-1005,FBA,71,15.6,False,42,False,0,
2025-03-23,SKU-1006,FBM,78,27.9,False,84,False,0,71.5
2025-03-23,SKU-1007,FBA,142,31.2,False,81,False,0,
2025-03-23,SKU-1008,FBA,225,49.5,False,12,False,0,
2025-03-23,SKU-1009,FBM,488,174.3,False,94,True,0,66.3
2025-03-23,SKU-1010,FBA,323,71.0,False,29,False,0,
2025-03-24,SKU-1001,FBA,269,59.1,False,81,False,0,
2025-03-24,SKU-1002,FBA,382,84.0,False,65,False,0,
2025-03-24,SKU-1003,FBA,408,89.7,False,50,False,1,
2025-03-24,SKU-1004,FBM,61,21.8,False,17,False,1,78.0
2025-03-24,SKU-1005,FBA,67,14.7,False,33,False,0,
2025-03-24,SKU-1006,FBM,75,26.8,False,67,False,0,52.6
2025-03-24,SKU-1007,FBA,138,30.3,False,89,False,0,
2025-03-24,SKU-1008,FBA,221,48.6,False,110,True,0,
2025-03-24,SKU-1009,FBM,485,173.2,False,30,False,0,84.5
2025-03-24,SKU-1010,FBA,319,70.1,False,104,True,0,
2025-03-25,SKU-1001,FBA,264,58.0,False,41,False,0,
2025-03-25,SKU-1002,FBA,377,82.9,False,33,False,0,
2025-03-25,SKU-1003,FBA,404,88.8,False,69,False,0,
2025-03-25,SKU-1004,FBM,58,20.7,False,116,True,0,87.8
2025-03-25,SKU-1005,FBA,62,13.6,False,94,True,0,
2025-03-25,SKU-1006,FBM,72,25.7,False,110,True,1,67.6
2025-03-25,SKU-1007,FBA,133,29.2,False,109,True,0,
2025-03-25,SKU-1008,FBA,216,47.5,False,31,False,0,
2025-03-25,SKU-1009,FBM,482,172.1,False,32,False,0,60.9
2025-03-25,SKU-1010,FBA,314,69.0,False,33,False,0,
2025-03-26,SKU-1001,FBA,260,57.1,False,22,False,0,
2025-03-26,SKU-1002,FBA,373,82.0,False,117,True,0,
2025-03-26,SKU-1003,FBA,399,87.7,False,95,True,0,
2025-03-26,SKU-1004,FBM,55,19.6,False,111,True,0,69.0
2025-03-26,SKU-1005,FBA,58,12.7,False,88,False,0,
2025-03-26,SKU-1006,FBM,69,24.6,False,127,True,0,70.3
2025-03-26,SKU-1007,FBA,129,28.4,False,44,False,0,
2025-03-26,SKU-1008,FBA,212,46.6,False,127,True,2,
2025-03-26,SKU-1009,FBM,480,171.4,False,13,False,0,93.9
2025-03-26,SKU-1010,FBA,310,68.1,False,95,True,0,
2025-03-27,SKU-1001,FBA,255,56.0,False,76,False,0,
2025-03-27,SKU-1002,FBA,368,80.9,False,121,True,0,
2025-03-27,SKU-1003,FBA,394,86.6,False,50,False,0,
2025-03-27,SKU-1004,FBM,260,92.9,False,124,True,0,71.0
2025-03-27,SKU-1005,FBA,53,11.6,False,114,True,0,
2025-03-27,SKU-1006,FBM,67,23.9,False,89,False,0,73.9
2025-03-27,SKU-1007,FBA,124,27.3,False,4,False,0,
2025-03-27,SKU-1008,FBA,207,45.5,False,56,False,0,
2025-03-27,SKU-1009,FBM,477,170.4,False,50,False,0,67.8
2025-03-27,SKU-1010,FBA,305,67.0,False,31,False,0,
2025-03-28,SKU-1001,FBA,251,55.2,False,39,False,0,
2025-03-28,SKU-1002,FBA,364,80.0,False,68,False,0,
2025-03-28,SKU-1003,FBA,390,85.7,False,35,False,0,
2025-03-28,SKU-1004,FBM,257,91.8,False,44,False,0,81.6
2025-03-28,SKU-1005,FBA,49,10.8,False,86,False,1,
2025-03-28,SKU-1006,FBM,64,22.9,False,70,False,0,64.1
2025-03-28,SKU-1007,FBA,119,26.2,False,95,True,0,
2025-03-28,SKU-1008,FBA,203,44.6,False,4,False,0,
2025-03-28,SKU-1009,FBM,474,169.3,False,114,True,0,90.5
2025-03-28,SKU-1010,FBA,301,66.2,False,48,False,0,
2025-03-29,SKU-1001,FBA,246,54.1,False,63,False,0,
2025-03-29,SKU-1002,FBA,359,78.9,False,50,False,0,
2025-03-29,SKU-1003,FBA,385,84.6,False,110,True,0,
2025-03-29,SKU-1004,FBM,254,90.7,False,22,False,0,73.3
2025-03-29,SKU-1005,FBA,44,9.7,False,18,False,0,
2025-03-29,SKU-1006,FBM,61,21.8,False,111,True,0,78.4
2025-03-29,SKU-1007,FBA,115,25.3,False,99,True,0,
2025-03-29,SKU-1008,FBA,198,43.5,False,7,False,0,
2025-03-29,SKU-1009,FBM,471,168.2,False,44,False,0,72.5
2025-03-29,SKU-1010,FBA,296,65.1,False,54,False,0,
2025-03-30,SKU-1001,FBA,242,53.2,False,93,True,0,
2025-03-30,SKU-1002,FBA,355,78.0,False,112,True,0,
2025-03-30,SKU-1003,FBA,381,83.7,False,109,True,0,
2025-03-30,SKU-1004,FBM,251,89.6,False,70,False,0,54.0
2025-03-30,SKU-1005,FBA,40,8.8,False,81,False,0,
2025-03-30,SKU-1006,FBM,58,20.7,False,99,True,0,62.5
2025-03-30,SKU-1007,FBA,110,24.2,False,75,False,0,
2025-03-30,SKU-1008,FBA,194,42.6,False,16,False,0,
2025-03-30,SKU-1009,FBM,468,167.1,False,107,True,0,77.8
2025-03-30,SKU-1010,FBA,291,64.0,False,85,False,0,
2025-03-31,SKU-1001,FBA,237,52.1,False,53,False,2,
2025-03-31,SKU-1002,FBA,350,76.9,False,43,False,0,
2025-03-31,SKU-1003,FBA,376,82.6,False,60,False,0,
2025-03-31,SKU-1004,FBM,248,88.6,False,86,False,0,100.0
2025-03-31,SKU-1005,FBA,35,7.7,False,87,False,0,
2025-03-31,SKU-1006,FBM,55,19.6,False,125,True,0,34.2
2025-03-31,SKU-1007,FBA,106,23.3,False,38,False,0,
2025-03-31,SKU-1008,FBA,189,41.5,False,60,False,0,
2025-03-31,SKU-1009,FBM,466,166.4,False,11,False,0,82.7
2025-03-31,SKU-1010,FBA,287,63.1,False,118,True,0,
2025-04-01,SKU-1001,FBA,232,51.0,False,79,False,0,
2025-04-01,SKU-1002,FBA,345,75.8,False,19,False,0,
2025-04-01,SKU-1003,FBA,372,81.8,False,71,False,0,
2025-04-01,SKU-1004,FBM,246,87.9,False,16,False,0,77.0
2025-04-01,SKU-1005,FBA,30,6.6,False,108,True,0,
2025-04-01,SKU-1006,FBM,53,18.9,False,19,False,0,91.4
2025-04-01,SKU-1007,FBA,101,22.2,False,25,False,0,
2025-04-01,SKU-1008,FBA,184,40.4,False,119,True,0,
2025-04-01,SKU-1009,FBM,463,165.4,False,18,False,1,71.8
2025-04-01,SKU-1010,FBA,282,62.0,False,19,False,0,
2025-04-02,SKU-1001,FBA,228,50.1,False,28,False,0,
2025-04-02,SKU-1002,FBA,341,74.9,False,67,False,0,
2025-04-02,SKU-1003,FBA,367,80.7,False,114,True,0,
2025-04-02,SKU-1004,FBM,243,86.8,False,72,False,0,92.6
2025-04-02,SKU-1005,FBA,26,5.7,False,11,False,0,
2025-04-02,SKU-1006,FBM,50,17.9,False,105,True,0,89.7
2025-04-02,SKU-1007,FBA,97,21.3,False,92,True,0,
2025-04-02,SKU-1008,FBA,180,39.6,False,90,False,0,
2025-04-02,SKU-1009,FBM,460,164.3,False,82,False,0,56.3
2025-04-02,SKU-1010,FBA,278,61.1,False,72,False,0,
2025-04-03,SKU-1001,FBA,223,49.0,False,80,False,0,
2025-04-03,SKU-1002,FBA,336,73.8,False,34,False,0,
2025-04-03,SKU-1003,FBA,363,79.8,False,34,False,0,
2025-04-03,SKU-1004,FBM,240,85.7,False,124,True,0,68.8
2025-04-03,SKU-1005,FBA,21,4.6,False,127,True,0,
2025-04-03,SKU-1006,FBM,511,182.5,False,124,True,0,80.5
2025-04-03,SKU-1007,FBA,92,20.2,False,48,False,0,
2025-04-03,SKU-1008,FBA,175,38.5,False,123,True,0,
2025-04-03,SKU-1009,FBM,457,163.2,False,127,True,0,55.6
2025-04-03,SKU-1010,FBA,273,60.0,False,107,True,0,
2025-04-04,SKU-1001,FBA,219,48.1,False,19,False,0,
2025-04-04,SKU-1002,FBA,332,73.0,False,23,False,0,
2025-04-04,SKU-1003,FBA,358,78.7,False,21,False,0,
2025-04-04,SKU-1004,FBM,237,84.6,False,65,False,0,73.6
2025-04-04,SKU-1005,FBA,17,3.7,False,44,False,0,
2025-04-04,SKU-1006,FBM,508,181.4,False,108,True,0,77.2
2025-04-04,SKU-1007,FBA,88,19.3,False,28,False,0,
2025-04-04,SKU-1008,FBA,171,37.6,False,42,False,0,
2025-04-04,SKU-1009,FBM,454,162.1,False,122,True,0,65.1
2025-04-04,SKU-1010,FBA,269,59.1,False,112,True,0,
2025-04-05,SKU-1001,FBA,214,47.0,False,8,False,0,
2025-04-05,SKU-1002,FBA,327,71.9,False,46,False,0,
2025-04-05,SKU-1003,FBA,354,77.8,False,23,False,0,
2025-04-05,SKU-1004,FBM,234,83.6,False,22,False,0,67.2
2025-04-05,SKU-1005,FBA,12,2.6,False,76,False,0,
2025-04-05,SKU-1006,FBM,505,180.4,False,84,False,0,70.8
2025-04-05,SKU-1007,FBA,83,18.2,False,85,False,0,
2025-04-05,SKU-1008,FBA,166,36.5,False,6,False,0,
2025-04-05,SKU-1009,FBM,452,161.4,False,30,False,0,69.8
2025-04-05,SKU-1010,FBA,264,58.0,False,38,False,0,
2025-04-06,SKU-1001,FBA,210,46.2,False,17,False,0,
2025-04-06,SKU-1002,FBA,323,71.0,False,126,True,0,
2025-04-06,SKU-1003,FBA,349,76.7,False,51,False,0,
2025-04-06,SKU-1004,FBM,232,82.9,False,36,False,0,75.2
2025-04-06,SKU-1005,FBA,8,1.8,False,118,True,0,
2025-04-06,SKU-1006,FBM,503,179.6,False,58,False,0,68.8
2025-04-06,SKU-1007,FBA,79,17.4,False,83,False,0,
2025-04-06,SKU-1008,FBA,162,35.6,False,100,True,0,
2025-04-06,SKU-1009,FBM,449,160.4,False,111,True,0,90.4
2025-04-06,SKU-1010,FBA,260,57.1,False,86,False,0,
2025-04-07,SKU-1001,FBA,205,45.1,False,58,False,0,
2025-04-07,SKU-1002,FBA,318,69.9,False,18,False,0,
2025-04-07,SKU-1003,FBA,344,75.6,False,60,False,0,
2025-04-07,SKU-1004,FBM,229,81.8,False,105,True,0,74.2
2025-04-07,SKU-1005,FBA,3,0.7,False,84,False,0,
2025-04-07,SKU-1006,FBM,500,178.6,False,102,True,0,80.0
2025-04-07,SKU-1007,FBA,74,16.3,False,17,False,0,
2025-04-07,SKU-1008,FBA,157,34.5,False,45,False,0,
2025-04-07,SKU-1009,FBM,446,159.3,False,103,True,0,63.1
2025-04-07,SKU-1010,FBA,255,56.0,False,43,False,0,
2025-04-08,SKU-1001,FBA,201,44.2,False,45,False,0,
2025-04-08,SKU-1002,FBA,314,69.0,False,5,False,0,
2025-04-08,SKU-1003,FBA,340,74.7,False,85,False,0,
2025-04-08,SKU-1004,FBM,226,80.7,False,129,True,0,82.2
2025-04-08,SKU-1005,FBA,0,0.0,False,107,True,0,
2025-04-08,SKU-1006,FBM,497,177.5,False,97,True,0,67.3
2025-04-08,SKU-1007,FBA,69,15.2,False,77,False,0,
2025-04-08,SKU-1008,FBA,153,33.6,False,21,False,0,
2025-04-08,SKU-1009,FBM,443,158.2,False,4,False,0,63.6
2025-04-08,SKU-1010,FBA,251,55.2,False,101,True,0,
2025-04-09,SKU-1001,FBA,196,43.1,False,99,True,0,
2025-04-09,SKU-1002,FBA,309,67.9,False,17,False,0,
2025-04-09,SKU-1003,FBA,335,73.6,False,97,True,0,
2025-04-09,SKU-1004,FBM,223,79.6,False,129,True,0,60.8
2025-04-09,SKU-1005,FBA,0,0.0,False,70,False,0,
2025-04-09,SKU-1006,FBM,494,176.4,False,41,False,0,63.4
2025-04-09,SKU-1007,FBA,65,14.3,False,32,False,2,
2025-04-09,SKU-1008,FBA,148,32.5,False,71,False,0,
2025-04-09,SKU-1009,FBM,440,157.1,False,48,False,0,81.9
2025-04-09,SKU-1010,FBA,246,54.1,False,37,False,0,
2025-04-10,SKU-1001,FBA,191,42.0,False,55,False,0,
2025-04-10,SKU-1002,FBA,304,66.8,False,105,True,0,
2025-04-10,SKU-1003,FBA,331,72.7,False,106,True,0,
2025-04-10,SKU-1004,FBM,220,78.6,False,67,False,0,81.7
2025-04-10,SKU-1005,FBA,378,83.1,False,24,False,0,
2025-04-10,SKU-1006,FBM,491,175.4,False,49,False,0,74.5
2025-04-10,SKU-1007,FBA,60,13.2,False,105,True,0,
2025-04-10,SKU-1008,FBA,143,31.4,False,70,False,0,
2025-04-10,SKU-1009,FBM,437,156.1,False,127,True,0,85.4
2025-04-10,SKU-1010,FBA,241,53.0,False,37,False,0,
2025-04-11,SKU-1001,FBA,187,41.1,False,88,False,0,
2025-04-11,SKU-1002,FBA,300,65.9,False,13,False,0,
2025-04-11,SKU-1003,FBA,326,71.6,False,118,True,0,
2025-04-11,SKU-1004,FBM,218,77.9,False,129,True,0,64.0
2025-04-11,SKU-1005,FBA,373,82.0,False,6,False,0,
2025-04-11,SKU-1006,FBM,489,174.6,False,67,False,0,79.6
2025-04-11,SKU-1007,FBA,56,12.3,False,6,False,0,
2025-04-11,SKU-1008,FBA,139,30.5,False,20,False,0,
2025-04-11,SKU-1009,FBM,435,155.4,False,104,True,0,69.6
2025-04-11,SKU-1010,FBA,237,52.1,False,33,False,0,
2025-04-12,SKU-1001,FBA,182,40.0,False,86,False,0,
2025-04-12,SKU-1002,FBA,295,64.8,False,62,False,0,
2025-04-12,SKU-1003,FBA,322,70.8,False,59,False,0,
2025-04-12,SKU-1004,FBM,215,76.8,False,9,False,0,85.9
2025-04-12,SKU-1005,FBA,369,81.1,False,36,False,0,
2025-04-12,SKU-1006,FBM,486,173.6,False,107,True,0,63.7
2025-04-12,SKU-1007,FBA,51,11.2,False,99,True,0,
2025-04-12,SKU-1008,FBA,134,29.5,False,19,False,0,
2025-04-12,SKU-1009,FBM,432,154.3,False,25,False,0,66.8
2025-04-12,SKU-1010,FBA,232,51.0,False,121,True,0,
2025-04-13,SKU-1001,FBA,178,39.1,False,17,False,0,
2025-04-13,SKU-1002,FBA,291,64.0,False,69,False,0,
2025-04-13,SKU-1003,FBA,317,69.7,False,70,False,0,
2025-04-13,SKU-1004,FBM,212,75.7,False,27,False,0,84.2
2025-04-13,SKU-1005,FBA,364,80.0,False,66,False,0,
2025-04-13,SKU-1006,FBM,483,172.5,False,97,True,0,81.7
2025-04-13,SKU-1007,FBA,370,81.3,False,18,False,0,
2025-04-13,SKU-1008,FBA,130,28.6,False,91,True,0,
2025-04-13,SKU-1009,FBM,429,153.2,False,7,False,3,69.4
2025-04-13,SKU-1010,FBA,228,50.1,False,53,False,0,
2025-04-14,SKU-1001,FBA,173,38.0,False,13,False,0,
2025-04-14,SKU-1002,FBA,286,62.9,False,98,True,0,
2025-04-14,SKU-1003,FBA,313,68.8,False,13,False,0,
2025-04-14,SKU-1004,FBM,209,74.6,False,28,False,0,35.4
2025-04-14,SKU-1005,FBA,360,79.1,False,78,False,0,
2025-04-14,SKU-1006,FBM,480,171.4,False,81,False,0,80.2
2025-04-14,SKU-1007,FBA,365,80.2,False,94,True,0,
2025-04-14,SKU-1008,FBA,125,27.5,False,52,False,0,
2025-04-14,SKU-1009,FBM,426,152.1,False,28,False,0,78.7
2025-04-14,SKU-1010,FBA,223,49.0,False,81,False,0,
2025-04-15,SKU-1001,FBA,169,37.1,False,127,True,0,
2025-04-15,SKU-1002,FBA,282,62.0,False,108,True,0,
2025-04-15,SKU-1003,FBA,308,67.7,False,85,False,0,
2025-04-15,SKU-1004,FBM,206,73.6,False,78,False,0,62.0
2025-04-15,SKU-1005,FBA,355,78.0,False,41,False,0,
2025-04-15,SKU-1006,FBM,477,170.4,False,7,False,0,52.8
2025-04-15,SKU-1007,FBA,361,79.3,False,20,False,0,
2025-04-15,SKU-1008,FBA,121,26.6,False,9,False,0,
2025-04-15,SKU-1009,FBM,423,151.1,False,87,False,0,72.0
2025-04-15,SKU-1010,FBA,219,48.1,False,115,True,0,
2025-04-16,SKU-1001,FBA,164,36.0,False,3,False,0,
2025-04-16,SKU-1002,FBA,277,60.9,False,70,False,0,
2025-04-16,SKU-1003,FBA,303,66.6,False,71,False,0,
2025-04-16,SKU-1004,FBM,204,72.9,False,102,True,0,78.4
2025-04-16,SKU-1005,FBA,351,77.1,False,25,False,0,
2025-04-16,SKU-1006,FBM,475,169.6,False,119,True,0,100.0
2025-04-16,SKU-1007,FBA,356,78.2,False,99,True,0,
2025-04-16,SKU-1008,FBA,116,25.5,False,39,False,0,
2025-04-16,SKU-1009,FBM,421,150.4,False,46,False,0,84.8
2025-04-16,SKU-1010,FBA,214,47.0,False,77,False,0,
2025-04-17,SKU-1001,FBA,160,35.2,False,86,False,0,
2025-04-17,SKU-1002,FBA,273,60.0,False,116,True,0,
2025-04-17,SKU-1003,FBA,299,65.7,False,69,False,0,
2025-04-17,SKU-1004,FBM,201,71.8,False,11,False,0,99.2
2025-04-17,SKU-1005,FBA,346,76.0,False,6,False,0,
2025-04-17,SKU-1006,FBM,472,168.6,False,107,True,0,67.6
2025-04-17,SKU-1007,FBA,351,77.1,False,74,False,0,
2025-04-17,SKU-1008,FBA,112,24.6,False,20,False,0,
2025-04-17,SKU-1009,FBM,418,149.3,False,121,True,0,82.2
2025-04-17,SKU-1010,FBA,210,46.2,False,107,True,0,
2025-04-18,SKU-1001,FBA,155,34.1,False,93,True,0,
2025-04-18,SKU-1002,FBA,268,58.9,False,54,False,0,
2025-04-18,SKU-1003,FBA,294,64.6,False,51,False,0,
2025-04-18,SKU-1004,FBM,198,70.7,False,124,True,0,73.7
2025-04-18,SKU-1005,FBA,342,75.2,False,58,False,0,
2025-04-18,SKU-1006,FBM,469,167.5,False,116,True,0,83.2
2025-04-18,SKU-1007,FBA,347,76.3,False,69,False,0,
2025-04-18,SKU-1008,FBA,107,23.5,False,38,False,0,
2025-04-18,SKU-1009,FBM,415,148.2,False,18,False,0,76.9
2025-04-18,SKU-1010,FBA,205,45.1,False,87,False,0,
2025-04-19,SKU-1001,FBA,151,33.2,False,99,True,0,
2025-04-19,SKU-1002,FBA,264,58.0,False,104,True,0,
2025-04-19,SKU-1003,FBA,290,63.7,False,103,True,0,
2025-04-19,SKU-1004,FBM,195,69.6,False,126,True,0,61.4
2025-04-19,SKU-1005,FBA,337,74.1,False,51,False,0,
2025-04-19,SKU-1006,FBM,466,166.4,False,68,False,0,79.6
2025-04-19,SKU-1007,FBA,342,75.2,False,7,False,0,
2025-04-19,SKU-1008,FBA,103,22.6,False,109,True,0,
2025-04-19,SKU-1009,FBM,412,147.1,False,126,True,0,85.8
2025-04-19,SKU-1010,FBA,200,44.0,False,107,True,0,
2025-04-20,SKU-1001,FBA,146,32.1,False,109,True,0,
2025-04-20,SKU-1002,FBA,259,56.9,False,8,False,0,
2025-04-20,SKU-1003,FBA,285,62.6,False,10,False,0,
2025-04-20,SKU-1004,FBM,192,68.6,False,37,False,0,94.2
2025-04-20,SKU-1005,FBA,332,73.0,False,110,True,0,
2025-04-20,SKU-1006,FBM,463,165.4,False,49,False,0,90.6
2025-04-20,SKU-1007,FBA,338,74.3,False,120,True,0,
2025-04-20,SKU-1008,FBA,98,21.5,False,105,True,0,
2025-04-20,SKU-1009,FBM,409,146.1,False,67,False,0,76.5
2025-04-20,SKU-1010,FBA,196,43.1,False,110,True,0,
2025-04-21,SKU-1001,FBA,141,31.0,False,85,False,0,
2025-04-21,SKU-1002,FBA,254,55.8,False,54,False,0,
2025-04-21,SKU-1003,FBA,281,61.8,False,106,True,0,
2025-04-21,SKU-1004,FBM,190,67.9,False,126,True,0,100.0
2025-04-21,SKU-1005,FBA,328,72.1,False,28,False,0,
2025-04-21,SKU-1006,FBM,461,164.6,False,104,True,0,58.6
2025-04-21,SKU-1007,FBA,333,73.2,False,30,False,0,
2025-04-21,SKU-1008,FBA,93,20.4,False,31,False,0,
2025-04-21,SKU-1009,FBM,407,145.4,False,28,False,0,65.5
2025-04-21,SKU-1010,FBA,191,42.0,False,35,False,0,
2025-04-22,SKU-1001,FBA,137,30.1,False,90,False,0,
2025-04-22,SKU-1002,FBA,250,54.9,False,114,True,0,
2025-04-22,SKU-1003,FBA,276,60.7,False,42,False,0,
2025-04-22,SKU-1004,FBM,187,66.8,False,68,False,0,50.8
2025-04-22,SKU-1005,FBA,323,71.0,False,120,True,0,
2025-04-22,SKU-1006,FBM,458,163.6,False,67,False,0,75.7
2025-04-22,SKU-1007,FBA,329,72.3,False,90,False,0,
2025-04-22,SKU-1008,FBA,89,19.6,False,76,False,0,
2025-04-22,SKU-1009,FBM,404,144.3,False,82,False,0,61.5
2025-04-22,SKU-1010,FBA,187,41.1,False,7,False,2,
2025-04-23,SKU-1001,FBA,132,29.0,False,78,False,0,
2025-04-23,SKU-1002,FBA,245,53.8,False,21,False,0,
2025-04-23,SKU-1003,FBA,272,59.8,False,72,False,0,
2025-04-23,SKU-1004,FBM,184,65.7,False,33,False,0,77.7
2025-04-23,SKU-1005,FBA,319,70.1,False,83,False,0,
2025-04-23,SKU-1006,FBM,455,162.5,False,101,True,0,64.3
2025-04-23,SKU-1007,FBA,324,71.2,False,76,False,0,
2025-04-23,SKU-1008,FBA,84,18.5,False,123,True,0,
2025-04-23,SKU-1009,FBM,401,143.2,False,60,False,0,77.5
2025-04-23,SKU-1010,FBA,182,40.0,False,119,True,0,
2025-04-24,SKU-1001,FBA,128,28.1,False,90,False,0,
2025-04-24,SKU-1002,FBA,241,53.0,False,116,True,0,
2025-04-24,SKU-1003,FBA,267,58.7,False,37,False,0,
2025-04-24,SKU-1004,FBM,181,64.6,False,106,True,0,60.4
2025-04-24,SKU-1005,FBA,314,69.0,False,58,False,0,
2025-04-24,SKU-1006,FBM,452,161.4,False,97,True,0,90.4
2025-04-24,SKU-1007,FBA,320,70.3,False,75,False,0,
2025-04-24,SKU-1008,FBA,80,17.6,False,10,False,0,
2025-04-24,SKU-1009,FBM,398,142.1,False,56,False,0,57.4
2025-04-24,SKU-1010,FBA,178,39.1,False,13,False,0,
2025-04-25,SKU-1001,FBA,123,27.0,False,83,False,0,
2025-04-25,SKU-1002,FBA,236,51.9,False,2,False,0,
2025-04-25,SKU-1003,FBA,263,57.8,False,100,True,0,
2025-04-25,SKU-1004,FBM,178,63.6,False,22,False,0,54.4
2025-04-25,SKU-1005,FBA,310,68.1,False,88,False,0,
2025-04-25,SKU-1006,FBM,449,160.4,False,58,False,0,64.0
2025-04-25,SKU-1007,FBA,315,69.2,False,124,True,0,
2025-04-25,SKU-1008,FBA,75,16.5,False,51,False,0,
2025-04-25,SKU-1009,FBM,395,141.1,False,60,False,0,91.2
2025-04-25,SKU-1010,FBA,173,38.0,False,76,False,0,
2025-04-26,SKU-1001,FBA,119,26.2,False,112,True,0,
2025-04-26,SKU-1002,FBA,232,51.0,False,65,False,0,
2025-04-26,SKU-1003,FBA,258,56.7,False,23,False,0,
2025-04-26,SKU-1004,FBM,176,62.9,False,118,True,0,43.6
2025-04-26,SKU-1005,FBA,305,67.0,False,75,False,0,
2025-04-26,SKU-1006,FBM,447,159.6,False,13,False,0,83.3
2025-04-26,SKU-1007,FBA,311,68.4,False,79,False,0,
2025-04-26,SKU-1008,FBA,71,15.6,False,42,False,0,
2025-04-26,SKU-1009,FBM,393,140.4,False,72,False,0,75.1
2025-04-26,SKU-1010,FBA,169,37.1,False,17,False,0,
2025-04-27,SKU-1001,FBA,114,25.1,False,100,True,0,
2025-04-27,SKU-1002,FBA,227,49.9,False,40,False,0,
2025-04-27,SKU-1003,FBA,253,55.6,False,115,True,0,
2025-04-27,SKU-1004,FBM,173,61.8,False,88,False,0,62.0
2025-04-27,SKU-1005,FBA,301,66.2,False,39,False,0,
2025-04-27,SKU-1006,FBM,444,158.6,False,72,False,0,69.9
2025-04-27,SKU-1007,FBA,306,67.3,False,51,False,0,
2025-04-27,SKU-1008,FBA,66,14.5,False,7,False,0,
2025-04-27,SKU-1009,FBM,390,139.3,False,21,False,0,71.5
2025-04-27,SKU-1010,FBA,164,36.0,False,60,False,0,
2025-04-28,SKU-1001,FBA,110,24.2,False,119,True,0,
2025-04-28,SKU-1002,FBA,223,49.0,False,91,True,0,
2025-04-28,SKU-1003,FBA,249,54.7,False,119,True,0,
2025-04-28,SKU-1004,FBM,170,60.7,False,51,False,0,86.5
2025-04-28,SKU-1005,FBA,296,65.1,False,7,False,0,
2025-04-28,SKU-1006,FBM,441,157.5,False,26,False,0,90.2
2025-04-28,SKU-1007,FBA,301,66.2,False,111,True,0,
2025-04-28,SKU-1008,FBA,62,13.6,False,83,False,0,
2025-04-28,SKU-1009,FBM,387,138.2,False,105,True,0,74.1
2025-04-28,SKU-1010,FBA,160,35.2,False,26,False,0,
2025-04-29,SKU-1001,FBA,105,23.1,False,102,True,0,
2025-04-29,SKU-1002,FBA,218,47.9,False,71,False,0,
2025-04-29,SKU-1003,FBA,244,53.6,False,3,False,0,
2025-04-29,SKU-1004,FBM,167,59.6,False,99,True,0,47.9
2025-04-29,SKU-1005,FBA,291,64.0,False,7,False,0,
2025-04-29,SKU-1006,FBM,438,156.4,False,117,True,0,52.1
2025-04-29,SKU-1007,FBA,297,65.3,False,7,False,0,
2025-04-29,SKU-1008,FBA,57,12.5,False,114,True,0,
2025-04-29,SKU-1009,FBM,384,137.1,False,110,True,0,63.8
2025-04-29,SKU-1010,FBA,155,34.1,False,59,False,0,
2025-04-30,SKU-1001,FBA,100,22.0,False,98,True,0,
2025-04-30,SKU-1002,FBA,213,46.8,False,89,False,0,
2025-04-30,SKU-1003,FBA,240,52.7,False,24,False,0,
2025-04-30,SKU-1004,FBM,164,58.6,False,55,False,0,30.1
2025-04-30,SKU-1005,FBA,287,63.1,False,78,False,0,
2025-04-30,SKU-1006,FBM,435,155.4,False,123,True,0,91.6
2025-04-30,SKU-1007,FBA,292,64.2,False,106,True,0,
2025-04-30,SKU-1008,FBA,540,118.7,False,112,True,0,
2025-04-30,SKU-1009,FBM,381,136.1,False,44,False,0,59.3
2025-04-30,SKU-1010,FBA,150,33.0,False,67,False,0,
2025-05-01,SKU-1001,FBA,96,21.1,False,125,True,0,
2025-05-01,SKU-1002,FBA,209,45.9,False,59,False,0,
2025-05-01,SKU-1003,FBA,235,51.6,False,6,False,1,
2025-05-01,SKU-1004,FBM,162,57.9,False,96,True,0,69.1
2025-05-01,SKU-1005,FBA,282,62.0,False,20,False,0,
2025-05-01,SKU-1006,FBM,433,154.6,False,90,False,0,66.0
2025-05-01,SKU-1007,FBA,288,63.3,False,109,True,0,
2025-05-01,SKU-1008,FBA,536,117.8,False,129,True,0,
2025-05-01,SKU-1009,FBM,379,135.4,False,31,False,0,67.1
2025-05-01,SKU-1010,FBA,146,32.1,False,34,False,0,
2025-05-02,SKU-1001,FBA,91,20.0,False,5,False,0,
2025-05-02,SKU-1002,FBA,204,44.8,False,77,False,0,
2025-05-02,SKU-1003,FBA,231,50.8,False,64,False,0,
2025-05-02,SKU-1004,FBM,159,56.8,False,36,False,0,73.9
2025-05-02,SKU-1005,FBA,278,61.1,False,26,False,0,
2025-05-02,SKU-1006,FBM,430,153.6,False,119,True,0,69.6
2025-05-02,SKU-1007,FBA,283,62.2,False,66,False,0,
2025-05-02,SKU-1008,FBA,531,116.7,False,50,False,0,
2025-05-02,SKU-1009,FBM,376,134.3,False,7,False,0,58.2
2025-05-02,SKU-1010,FBA,141,31.0,False,27,False,0,
2025-05-03,SKU-1001,FBA,87,19.1,False,72,False,0,
2025-05-03,SKU-1002,FBA,200,44.0,False,61,False,0,
2025-05-03,SKU-1003,FBA,226,49.7,False,95,True,1,
2025-05-03,SKU-1004,FBM,156,55.7,False,1,False,0,69.5
2025-05-03,SKU-1005,FBA,273,60.0,False,63,False,0,
2025-05-03,SKU-1006,FBM,427,152.5,False,97,True,0,63.6
2025-05-03,SKU-1007,FBA,279,61.3,False,50,False,0,
2025-05-03,SKU-1008,FBA,527,115.8,False,112,True,0,
2025-05-03,SKU-1009,FBM,373,133.2,False,113,True,0,86.2
2025-05-03,SKU-1010,FBA,137,30.1,False,24,False,0,
2025-05-04,SKU-1001,FBA,82,18.0,False,43,False,0,
2025-05-04,SKU-1002,FBA,195,42.9,False,17,False,0,
2025-05-04,SKU-1003,FBA,222,48.8,False,94,True,0,
2025-05-04,SKU-1004,FBM,153,54.6,False,123,True,0,63.6
2025-05-04,SKU-1005,FBA,269,59.1,False,68,False,0,
2025-05-04,SKU-1006,FBM,424,151.4,False,74,False,0,62.8
2025-05-04,SKU-1007,FBA,274,60.2,False,16,False,0,
2025-05-04,SKU-1008,FBA,522,114.7,False,43,False,0,
2025-05-04,SKU-1009,FBM,370,132.1,False,28,False,0,56.9
2025-05-04,SKU-1010,FBA,132,29.0,False,55,False,0,
2025-05-05,SKU-1001,FBA,78,17.1,False,31,False,0,
2025-05-05,SKU-1002,FBA,191,42.0,False,24,False,0,
2025-05-05,SKU-1003,FBA,217,47.7,False,6,False,0,
2025-05-05,SKU-1004,FBM,150,53.6,False,122,True,0,44.3
2025-05-05,SKU-1005,FBA,264,58.0,False,86,False,0,
2025-05-05,SKU-1006,FBM,421,150.4,False,77,False,0,62.0
2025-05-05,SKU-1007,FBA,270,59.3,False,90,False,0,
2025-05-05,SKU-1008,FBA,518,113.8,False,86,False,0,
2025-05-05,SKU-1009,FBM,367,131.1,False,102,True,0,100.0
2025-05-05,SKU-1010,FBA,128,28.1,False,12,False,0,
2025-05-06,SKU-1001,FBA,73,16.0,False,62,False,0,
2025-05-06,SKU-1002,FBA,186,40.9,False,51,False,0,
2025-05-06,SKU-1003,FBA,212,46.6,False,17,False,0,
2025-05-06,SKU-1004,FBM,148,52.9,False,57,False,0,55.3
2025-05-06,SKU-1005,FBA,260,57.1,False,99,True,0,
2025-05-06,SKU-1006,FBM,419,149.6,False,4,False,0,75.6
2025-05-06,SKU-1007,FBA,265,58.2,False,3,False,0,
2025-05-06,SKU-1008,FBA,513,112.7,False,124,True,0,
2025-05-06,SKU-1009,FBM,365,130.4,False,22,False,0,100.0
2025-05-06,SKU-1010,FBA,123,27.0,False,107,True,0,
2025-05-07,SKU-1001,FBA,69,15.2,False,63,False,0,
2025-05-07,SKU-1002,FBA,182,40.0,False,28,False,0,
2025-05-07,SKU-1003,FBA,208,45.7,False,60,False,0,
2025-05-07,SKU-1004,FBM,145,51.8,False,16,False,0,67.1
2025-05-07,SKU-1005,FBA,255,56.0,False,116,True,0,
2025-05-07,SKU-1006,FBM,416,148.6,False,111,True,0,74.9
2025-05-07,SKU-1007,FBA,260,57.1,False,119,True,0,
2025-05-07,SKU-1008,FBA,509,111.9,False,17,False,0,
2025-05-07,SKU-1009,FBM,362,129.3,False,3,False,0,40.1
2025-05-07,SKU-1010,FBA,119,26.2,False,120,True,0,
2025-05-08,SKU-1001,FBA,64,14.1,False,77,False,0,
2025-05-08,SKU-1002,FBA,177,38.9,False,49,False,0,
2025-05-08,SKU-1003,FBA,203,44.6,False,14,False,1,
2025-05-08,SKU-1004,FBM,142,50.7,False,14,False,0,73.4
2025-05-08,SKU-1005,FBA,251,55.2,False,95,True,0,
2025-05-08,SKU-1006,FBM,413,147.5,False,87,False,0,83.5
2025-05-08,SKU-1007,FBA,256,56.3,False,38,False,0,
2025-05-08,SKU-1008,FBA,504,110.8,False,60,False,0,
2025-05-08,SKU-1009,FBM,359,128.2,False,34,False,0,76.8
2025-05-08,SKU-1010,FBA,114,25.1,False,59,False,0,
2025-05-09,SKU-1001,FBA,60,13.2,False,87,False,0,
2025-05-09,SKU-1002,FBA,173,38.0,False,14,False,0,
2025-05-09,SKU-1003,FBA,199,43.7,False,127,True,1,
2025-05-09,SKU-1004,FBM,139,49.6,False,31,False,0,68.2
2025-05-09,SKU-1005,FBA,246,54.1,False,29,False,0,
2025-05-09,SKU-1006,FBM,410,146.4,False,9,False,0,75.8
2025-05-09,SKU-1007,FBA,251,55.2,False,85,False,0,
2025-05-09,SKU-1008,FBA,500,109.9,False,105,True,0,
2025-05-09,SKU-1009,FBM,356,127.1,False,11,False,3,59.0
2025-05-09,SKU-1010,FBA,109,24.0,False,48,False,0,
2025-05-10,SKU-1001,FBA,55,12.1,False,102,True,0,
2025-05-10,SKU-1002,FBA,168,36.9,False,124,True,0,
2025-05-10,SKU-1003,FBA,194,42.6,False,95,True,0,
2025-05-10,SKU-1004,FBM,136,48.6,False,112,True,0,49.2
2025-05-10,SKU-1005,FBA,241,53.0,False,81,False,0,
2025-05-10,SKU-1006,FBM,407,145.4,False,52,False,0,50.1
2025-05-10,SKU-1007,FBA,247,54.3,False,5,False,0,
2025-05-10,SKU-1008,FBA,495,108.8,False,121,True,0,
2025-05-10,SKU-1009,FBM,353,126.1,False,123,True,0,70.3
2025-05-10,SKU-1010,FBA,105,23.1,False,5,False,0,
2025-05-11,SKU-1001,FBA,50,11.0,False,118,True,0,
2025-05-11,SKU-1002,FBA,163,35.8,False,45,False,0,
2025-05-11,SKU-1003,FBA,190,41.8,False,20,False,0,
2025-05-11,SKU-1004,FBM,134,47.9,False,52,False,0,44.1
2025-05-11,SKU-1005,FBA,237,52.1,False,110,True,0,
2025-05-11,SKU-1006,FBM,405,144.6,False,111,True,0,82.0
2025-05-11,SKU-1007,FBA,242,53.2,False,83,False,0,
2025-05-11,SKU-1008,FBA,490,107.7,False,38,False,0,
2025-05-11,SKU-1009,FBM,351,125.4,False,27,False,0,83.2
2025-05-11,SKU-1010,FBA,100,22.0,False,35,False,0,
2025-05-12,SKU-1001,FBA,524,115.2,False,2,False,0,
2025-05-12,SKU-1002,FBA,159,34.9,False,87,False,0,
2025-05-12,SKU-1003,FBA,185,40.7,False,12,False,0,
2025-05-12,SKU-1004,FBM,131,46.8,False,122,True,0,72.9
2025-05-12,SKU-1005,FBA,232,51.0,False,123,True,0,
2025-05-12,SKU-1006,FBM,402,143.6,False,110,True,1,59.6
2025-05-12,SKU-1007,FBA,238,52.3,False,33,False,0,
2025-05-12,SKU-1008,FBA,486,106.8,False,115,True,0,
2025-05-12,SKU-1009,FBM,348,124.3,False,113,True,0,44.2
2025-05-12,SKU-1010,FBA,96,21.1,False,1,False,0,
2025-05-13,SKU-1001,FBA,519,114.1,False,115,True,0,
2025-05-13,SKU-1002,FBA,154,33.8,False,78,False,0,
2025-05-13,SKU-1003,FBA,181,39.8,False,42,False,0,
2025-05-13,SKU-1004,FBM,128,45.7,False,62,False,0,49.8
2025-05-13,SKU-1005,FBA,228,50.1,False,104,True,0,
2025-05-13,SKU-1006,FBM,399,142.5,False,87,False,1,58.2
2025-05-13,SKU-1007,FBA,233,51.2,False,103,True,0,
2025-05-13,SKU-1008,FBA,481,105.7,False,61,False,0,
2025-05-13,SKU-1009,FBM,345,123.2,False,7,False,0,63.8
2025-05-13,SKU-1010,FBA,91,20.0,False,112,True,0,
2025-05-14,SKU-1001,FBA,515,113.2,False,114,True,0,
2025-05-14,SKU-1002,FBA,150,33.0,False,113,True,0,
2025-05-14,SKU-1003,FBA,176,38.7,False,30,False,1,
2025-05-14,SKU-1004,FBM,125,44.6,False,71,False,0,73.6
2025-05-14,SKU-1005,FBA,223,49.0,False,30,False,0,
2025-05-14,SKU-1006,FBM,396,141.4,False,123,True,0,79.0
2025-05-14,SKU-1007,FBA,229,50.3,False,29,False,0,
2025-05-14,SKU-1008,FBA,477,104.8,False,23,False,0,
2025-05-14,SKU-1009,FBM,342,122.1,False,32,False,0,53.2
2025-05-14,SKU-1010,FBA,87,19.1,False,39,False,0,
2025-05-15,SKU-1001,FBA,510,112.1,False,9,False,0,
2025-05-15,SKU-1002,FBA,145,31.9,False,111,True,0,
2025-05-15,SKU-1003,FBA,172,37.8,False,49,False,0,
2025-05-15,SKU-1004,FBM,122,43.6,False,35,False,0,70.1
2025-05-15,SKU-1005,FBA,219,48.1,False,126,True,0,
2025-05-15,SKU-1006,FBM,393,140.4,False,70,False,0,100.0
2025-05-15,SKU-1007,FBA,224,49.2,False,23,False,0,
2025-05-15,SKU-1008,FBA,472,103.7,False,70,False,0,
2025-05-15,SKU-1009,FBM,339,121.1,False,116,True,0,69.4
2025-05-15,SKU-1010,FBA,82,18.0,False,51,False,0,
2025-05-16,SKU-1001,FBA,506,111.2,False,34,False,0,
2025-05-16,SKU-1002,FBA,141,31.0,False,45,False,0,
2025-05-16,SKU-1003,FBA,167,36.7,False,91,True,0,
2025-05-16,SKU-1004,FBM,120,42.9,False,41,False,0,54.0
2025-05-16,SKU-1005,FBA,214,47.0,False,12,False,0,
2025-05-16,SKU-1006,FBM,391,139.6,False,49,False,0,69.3
2025-05-16,SKU-1007,FBA,220,48.4,False,44,False,1,
2025-05-16,SKU-1008,FBA,468,102.9,False,94,True,0,
2025-05-16,SKU-1009,FBM,337,120.4,False,83,False,0,100.0
2025-05-16,SKU-1010,FBA,78,17.1,False,10,False,0,
2025-05-17,SKU-1001,FBA,501,110.1,False,44,False,0,
2025-05-17,SKU-1002,FBA,136,29.9,False,93,True,0,
2025-05-17,SKU-1003,FBA,162,35.6,False,66,False,0,
2025-05-17,SKU-1004,FBM,117,41.8,False,48,False,0,75.1
2025-05-17,SKU-1005,FBA,210,46.2,False,120,True,0,
2025-05-17,SKU-1006,FBM,388,138.6,False,13,False,0,77.0
2025-05-17,SKU-1007,FBA,215,47.3,False,17,False,0,
2025-05-17,SKU-1008,FBA,463,101.8,False,28,False,0,
2025-05-17,SKU-1009,FBM,334,119.3,False,122,True,0,74.0
2025-05-17,SKU-1010,FBA,73,16.0,False,114,True,0,
2025-05-18,SKU-1001,FBA,497,109.2,False,15,False,0,
2025-05-18,SKU-1002,FBA,132,29.0,False,44,False,0,
2025-05-18,SKU-1003,FBA,158,34.7,False,20,False,0,
2025-05-18,SKU-1004,FBM,114,40.7,False,63,False,0,99.1
2025-05-18,SKU-1005,FBA,205,45.1,False,8,False,0,
2025-05-18,SKU-1006,FBM,385,137.5,False,102,True,0,87.1
2025-05-18,SKU-1007,FBA,210,46.2,False,100,True,0,
2025-05-18,SKU-1008,FBA,459,100.9,False,110,True,0,
2025-05-18,SKU-1009,FBM,331,118.2,False,103,True,0,72.8
2025-05-18,SKU-1010,FBA,69,15.2,False,98,True,0,
2025-05-19,SKU-1001,FBA,492,108.1,False,17,False,0,
2025-05-19,SKU-1002,FBA,127,27.9,False,2,False,0,
2025-05-19,SKU-1003,FBA,153,33.6,False,73,False,0,
2025-05-19,SKU-1004,FBM,111,39.6,False,80,False,0,64.1
2025-05-19,SKU-1005,FBA,200,44.0,False,77,False,0,
2025-05-19,SKU-1006,FBM,382,136.4,False,89,False,0,61.7
2025-05-19,SKU-1007,FBA,206,45.3,False,6,False,0,
2025-05-19,SKU-1008,FBA,454,99.8,False,81,False,0,
2025-05-19,SKU-1009,FBM,328,117.1,False,58,False,0,57.7
2025-05-19,SKU-1010,FBA,64,14.1,False,69,False,0,
2025-05-20,SKU-1001,FBA,487,107.0,False,85,False,0,
2025-05-20,SKU-1002,FBA,122,26.8,False,87,False,0,
2025-05-20,SKU-1003,FBA,149,32.7,False,99,True,0,
2025-05-20,SKU-1004,FBM,108,38.6,False,57,False,0,67.4
2025-05-20,SKU-1005,FBA,196,43.1,False,12,False,0,
2025-05-20,SKU-1006,FBM,379,135.4,False,124,True,0,86.0
2025-05-20,SKU-1007,FBA,201,44.2,False,82,False,0,
2025-05-20,SKU-1008,FBA,449,98.7,False,71,False,0,
2025-05-20,SKU-1009,FBM,325,116.1,False,109,True,0,100.0
2025-05-20,SKU-1010,FBA,59,13.0,False,89,False,0,
2025-05-21,SKU-1001,FBA,483,106.2,False,107,True,0,
2025-05-21,SKU-1002,FBA,118,25.9,False,49,False,0,
2025-05-21,SKU-1003,FBA,144,31.6,False,114,True,0,
2025-05-21,SKU-1004,FBM,106,37.9,False,119,True,0,77.3
2025-05-21,SKU-1005,FBA,191,42.0,False,124,True,0,
2025-05-21,SKU-1006,FBM,377,134.6,False,85,False,0,78.2
2025-05-21,SKU-1007,FBA,197,43.3,False,73,False,0,
2025-05-21,SKU-1008,FBA,445,97.8,False,54,False,0,
2025-05-21,SKU-1009,FBM,323,115.4,False,100,True,0,31.9
2025-05-21,SKU-1010,FBA,55,12.1,False,14,False,0,
2025-05-22,SKU-1001,FBA,478,105.1,False,15,False,0,
2025-05-22,SKU-1002,FBA,113,24.8,False,94,True,0,
2025-05-22,SKU-1003,FBA,140,30.8,False,59,False,0,
2025-05-22,SKU-1004,FBM,103,36.8,False,32,False,0,65.0
2025-05-22,SKU-1005,FBA,187,41.1,False,24,False,0,
2025-05-22,SKU-1006,FBM,374,133.6,False,19,False,0,76.9
2025-05-22,SKU-1007,FBA,192,42.2,False,22,False,0,
2025-05-22,SKU-1008,FBA,440,96.7,False,71,False,0,
2025-05-22,SKU-1009,FBM,320,114.3,False,122,True,0,42.6
2025-05-22,SKU-1010,FBA,483,106.2,False,13,False,0,
2025-05-23,SKU-1001,FBA,474,104.2,False,53,False,0,
2025-05-23,SKU-1002,FBA,109,24.0,False,105,True,0,
2025-05-23,SKU-1003,FBA,135,29.7,False,19,False,0,
2025-05-23,SKU-1004,FBM,100,35.7,False,119,True,0,77.2
2025-05-23,SKU-1005,FBA,182,40.0,False,51,False,0,
2025-05-23,SKU-1006,FBM,371,132.5,False,79,False,0,57.1
2025-05-23,SKU-1007,FBA,188,41.3,False,83,False,0,
2025-05-23,SKU-1008,FBA,436,95.8,False,126,True,0,
2025-05-23,SKU-1009,FBM,317,113.2,False,19,False,0,72.6
2025-05-23,SKU-1010,FBA,479,105.3,False,59,False,0,
2025-05-24,SKU-1001,FBA,469,103.1,False,123,True,0,
2025-05-24,SKU-1002,FBA,104,22.9,False,64,False,0,
2025-05-24,SKU-1003,FBA,131,28.8,False,64,False,0,
2025-05-24,SKU-1004,FBM,97,34.6,False,10,False,2,70.5
2025-05-24,SKU-1005,FBA,178,39.1,False,73,False,0,
2025-05-24,SKU-1006,FBM,368,131.4,False,111,True,0,68.0
2025-05-24,SKU-1007,FBA,183,40.2,False,34,False,0,
2025-05-24,SKU-1008,FBA,431,94.7,False,63,False,0,
2025-05-24,SKU-1009,FBM,314,112.1,False,23,False,0,73.3
2025-05-24,SKU-1010,FBA,474,104.2,False,52,False,0,
2025-05-25,SKU-1001,FBA,465,102.2,False,8,False,0,
2025-05-25,SKU-1002,FBA,100,22.0,False,58,False,0,
2025-05-25,SKU-1003,FBA,126,27.7,False,69,False,0,
2025-05-25,SKU-1004,FBM,94,33.6,False,106,True,0,72.8
2025-05-25,SKU-1005,FBA,173,38.0,False,88,False,0,
2025-05-25,SKU-1006,FBM,365,130.4,False,15,False,0,65.7
2025-05-25,SKU-1007,FBA,179,39.3,False,29,False,0,
2025-05-25,SKU-1008,FBA,427,93.8,False,123,True,0,
2025-05-25,SKU-1009,FBM,311,111.1,False,82,False,0,72.0
2025-05-25,SKU-1010,FBA,470,103.3,False,129,True,0,
2025-05-26,SKU-1001,FBA,460,101.1,False,64,False,0,
2025-05-26,SKU-1002,FBA,95,20.9,False,120,True,0,
2025-05-26,SKU-1003,FBA,121,26.6,False,112,True,0,
2025-05-26,SKU-1004,FBM,92,32.9,False,17,False,0,78.6
2025-05-26,SKU-1005,FBA,169,37.1,False,75,False,0,
2025-05-26,SKU-1006,FBM,363,129.6,False,92,True,0,78.1
2025-05-26,SKU-1007,FBA,174,38.2,False,129,True,0,
2025-05-26,SKU-1008,FBA,422,92.7,False,86,False,0,
2025-05-26,SKU-1009,FBM,309,110.4,False,45,False,0,47.4
2025-05-26,SKU-1010,FBA,465,102.2,False,49,False,0,
2025-05-27,SKU-1001,FBA,456,100.2,False,53,False,0,
2025-05-27,SKU-1002,FBA,91,20.0,False,76,False,0,
2025-05-27,SKU-1003,FBA,117,25.7,False,116,True,0,
2025-05-27,SKU-1004,FBM,89,31.8,False,28,False,0,76.1
2025-05-27,SKU-1005,FBA,164,36.0,False,77,False,0,
2025-05-27,SKU-1006,FBM,360,128.6,False,10,False,0,81.2
2025-05-27,SKU-1007,FBA,169,37.1,False,57,False,0,
2025-05-27,SKU-1008,FBA,418,91.9,False,34,False,0,
2025-05-27,SKU-1009,FBM,306,109.3,False,68,False,0,80.6
2025-05-27,SKU-1010,FBA,461,101.3,False,66,False,0,
2025-05-28,SKU-1001,FBA,451,99.1,False,13,False,0,
2025-05-28,SKU-1002,FBA,86,18.9,False,124,True,0,
2025-05-28,SKU-1003,FBA,112,24.6,False,92,True,0,
2025-05-28,SKU-1004,FBM,86,30.7,False,97,True,0,67.6
2025-05-28,SKU-1005,FBA,160,35.2,False,10,False,0,
2025-05-28,SKU-1006,FBM,357,127.5,False,74,False,0,76.2
2025-05-28,SKU-1007,FBA,165,36.3,False,109,True,0,
2025-05-28,SKU-1008,FBA,413,90.8,False,38,False,0,
2025-05-28,SKU-1009,FBM,303,108.2,False,95,True,0,56.1
2025-05-28,SKU-1010,FBA,456,100.2,False,116,True,0,
2025-05-29,SKU-1001,FBA,447,98.2,False,81,False,0,
2025-05-29,SKU-1002,FBA,82,18.0,False,30,False,0,
2025-05-29,SKU-1003,FBA,108,23.7,False,129,True,0,
2025-05-29,SKU-1004,FBM,83,29.6,False,97,True,0,71.8
2025-05-29,SKU-1005,FBA,155,34.1,False,117,True,0,
2025-05-29,SKU-1006,FBM,354,126.4,False,42,False,0,76.6
2025-05-29,SKU-1007,FBA,160,35.2,False,6,False,0,
2025-05-29,SKU-1008,FBA,409,89.9,False,54,False,0,
2025-05-29,SKU-1009,FBM,300,107.1,False,80,False,0,73.4
2025-05-29,SKU-1010,FBA,451,99.1,False,58,False,0,
2025-05-30,SKU-1001,FBA,442,97.1,False,68,False,0,
2025-05-30,SKU-1002,FBA,77,16.9,False,17,False,0,
2025-05-30,SKU-1003,FBA,103,22.6,False,39,False,0,
2025-05-30,SKU-1004,FBM,80,28.6,False,64,False,0,57.2
2025-05-30,SKU-1005,FBA,150,33.0,False,69,False,0,
2025-05-30,SKU-1006,FBM,351,125.4,False,10,False,0,65.0
2025-05-30,SKU-1007,FBA,156,34.3,False,48,False,0,
2025-05-30,SKU-1008,FBA,404,88.8,False,29,False,0,
2025-05-30,SKU-1009,FBM,297,106.1,False,26,False,0,57.2
2025-05-30,SKU-1010,FBA,447,98.2,False,102,True,0,
2025-05-31,SKU-1001,FBA,437,96.0,False,70,False,0,
2025-05-31,SKU-1002,FBA,72,15.8,False,21,False,0,
2025-05-31,SKU-1003,FBA,99,21.8,False,96,True,0,
2025-05-31,SKU-1004,FBM,78,27.9,False,4,False,0,88.8
2025-05-31,SKU-1005,FBA,146,32.1,False,107,True,0,
2025-05-31,SKU-1006,FBM,349,124.6,False,109,True,0,97.2
2025-05-31,SKU-1007,FBA,151,33.2,False,6,False,0,
2025-05-31,SKU-1008,FBA,399,87.7,False,122,True,0,
2025-05-31,SKU-1009,FBM,295,105.4,False,110,True,0,56.5
2025-05-31,SKU-1010,FBA,442,97.1,False,9,False,0,
2025-06-01,SKU-1001,FBA,433,95.2,False,73,False,0,
2025-06-01,SKU-1002,FBA,68,14.9,False,101,True,0,
2025-06-01,SKU-1003,FBA,94,20.7,False,74,False,0,
2025-06-01,SKU-1004,FBM,75,26.8,False,51,False,2,66.7
2025-06-01,SKU-1005,FBA,141,31.0,False,9,False,0,
2025-06-01,SKU-1006,FBM,346,123.6,False,97,True,0,75.8
2025-06-01,SKU-1007,FBA,147,32.3,False,77,False,0,
2025-06-01,SKU-1008,FBA,395,86.8,False,94,True,0,
2025-06-01,SKU-1009,FBM,292,104.3,False,75,False,0,84.1
2025-06-01,SKU-1010,FBA,438,96.3,False,116,True,0,
2025-06-02,SKU-1001,FBA,428,94.1,False,109,True,0,
2025-06-02,SKU-1002,FBA,63,13.8,False,100,True,0,
2025-06-02,SKU-1003,FBA,90,19.8,False,83,False,0,
2025-06-02,SKU-1004,FBM,72,25.7,False,49,False,0,89.3
2025-06-02,SKU-1005,FBA,137,30.1,False,96,True,0,
2025-06-02,SKU-1006,FBM,343,122.5,False,98,True,0,45.8
2025-06-02,SKU-1007,FBA,142,31.2,False,96,True,0,
2025-06-02,SKU-1008,FBA,390,85.7,False,80,False,0,
2025-06-02,SKU-1009,FBM,289,103.2,False,97,True,0,29.7
2025-06-02,SKU-1010,FBA,433,95.2,False,72,False,0,
2025-06-03,SKU-1001,FBA,424,93.2,False,83,False,0,
2025-06-03,SKU-1002,FBA,59,13.0,False,14,False,0,
2025-06-03,SKU-1003,FBA,85,18.7,False,98,True,0,
2025-06-03,SKU-1004,FBM,69,24.6,False,101,True,0,70.9
2025-06-03,SKU-1005,FBA,132,29.0,False,22,False,0,
2025-06-03,SKU-1006,FBM,340,121.4,False,91,True,0,68.7
2025-06-03,SKU-1007,FBA,138,30.3,False,61,False,0,
2025-06-03,SKU-1008,FBA,386,84.8,False,10,False,0,
2025-06-03,SKU-1009,FBM,286,102.1,False,1,False,0,77.4
2025-06-03,SKU-1010,FBA,429,94.3,False,110,True,0,
2025-06-04,SKU-1001,FBA,419,92.1,False,11,False,0,
2025-06-04,SKU-1002,FBA,54,11.9,False,52,False,0,
2025-06-04,SKU-1003,FBA,81,17.8,False,126,True,0,
2025-06-04,SKU-1004,FBM,66,23.6,False,19,False,0,52.5
2025-06-04,SKU-1005,FBA,128,28.1,False,97,True,0,
2025-06-04,SKU-1006,FBM,337,120.4,False,123,True,0,54.5
2025-06-04,SKU-1007,FBA,133,29.2,False,17,False,0,
2025-06-04,SKU-1008,FBA,381,83.7,False,30,False,0,
2025-06-04,SKU-1009,FBM,283,101.1,False,87,False,0,33.9
2025-06-04,SKU-1010,FBA,424,93.2,False,76,False,0,
2025-06-05,SKU-1001,FBA,415,91.2,False,37,False,0,
2025-06-05,SKU-1002,FBA,50,11.0,False,116,True,0,
2025-06-05,SKU-1003,FBA,76,16.7,False,89,False,0,
2025-06-05,SKU-1004,FBM,64,22.9,False,70,False,0,85.3
2025-06-05,SKU-1005,FBA,123,27.0,False,106,True,0,
2025-06-05,SKU-1006,FBM,335,119.6,False,90,False,0,97.1
2025-06-05,SKU-1007,FBA,129,28.4,False,18,False,0,
2025-06-05,SKU-1008,FBA,377,82.9,False,120,True,0,
2025-06-05,SKU-1009,FBM,281,100.4,False,120,True,0,63.4
2025-06-05,SKU-1010,FBA,420,92.3,False,11,False,0,
2025-06-06,SKU-1001,FBA,410,90.1,False,77,False,0,
2025-06-06,SKU-1002,FBA,45,9.9,False,43,False,0,
2025-06-06,SKU-1003,FBA,71,15.6,False,3,False,0,
2025-06-06,SKU-1004,FBM,61,21.8,False,117,True,0,86.0
2025-06-06,SKU-1005,FBA,119,26.2,False,78,False,0,
2025-06-06,SKU-1006,FBM,332,118.6,False,115,True,0,62.6
2025-06-06,SKU-1007,FBA,124,27.3,False,112,True,0,
2025-06-06,SKU-1008,FBA,372,81.8,False,96,True,0,
2025-06-06,SKU-1009,FBM,278,99.3,False,105,True,0,78.0
2025-06-06,SKU-1010,FBA,415,91.2,False,37,False,0,
2025-06-07,SKU-1001,FBA,406,89.2,False,33,False,0,
2025-06-07,SKU-1002,FBA,41,9.0,False,41,False,0,
2025-06-07,SKU-1003,FBA,67,14.7,False,31,False,0,
2025-06-07,SKU-1004,FBM,58,20.7,False,56,False,0,78.5
2025-06-07,SKU-1005,FBA,114,25.1,False,7,False,0,
2025-06-07,SKU-1006,FBM,329,117.5,False,103,True,0,81.0
2025-06-07,SKU-1007,FBA,119,26.2,False,18,False,0,
2025-06-07,SKU-1008,FBA,368,80.9,False,56,False,0,
2025-06-07,SKU-1009,FBM,275,98.2,False,55,False,0,87.7
2025-06-07,SKU-1010,FBA,411,90.3,False,29,False,1,
2025-06-08,SKU-1001,FBA,401,88.1,False,39,False,0,
2025-06-08,SKU-1002,FBA,36,7.9,False,100,True,0,
2025-06-08,SKU-1003,FBA,62,13.6,False,24,False,0,
2025-06-08,SKU-1004,FBM,55,19.6,False,28,False,0,80.4
2025-06-08,SKU-1005,FBA,109,24.0,False,97,True,0,
2025-06-08,SKU-1006,FBM,326,116.4,False,54,False,0,62.7
2025-06-08,SKU-1007,FBA,115,25.3,False,120,True,0,
2025-06-08,SKU-1008,FBA,363,79.8,False,125,True,0,
2025-06-08,SKU-1009,FBM,272,97.1,False,14,False,0,72.0
2025-06-08,SKU-1010,FBA,406,89.2,False,39,False,0,
2025-06-09,SKU-1001,FBA,396,87.0,False,78,False,0,
2025-06-09,SKU-1002,FBA,31,6.8,False,121,True,0,
2025-06-09,SKU-1003,FBA,58,12.7,False,51,False,0,
2025-06-09,SKU-1004,FBM,437,156.1,False,6,False,0,69.9
2025-06-09,SKU-1005,FBA,105,23.1,False,101,True,0,
2025-06-09,SKU-1006,FBM,323,115.4,False,14,False,0,41.4
2025-06-09,SKU-1007,FBA,110,24.2,False,11,False,0,
2025-06-09,SKU-1008,FBA,358,78.7,False,34,False,0,
2025-06-09,SKU-1009,FBM,269,96.1,False,76,False,0,83.9
2025-06-09,SKU-1010,FBA,401,88.1,False,58,False,0,
2025-06-10,SKU-1001,FBA,392,86.2,False,81,False,0,
2025-06-10,SKU-1002,FBA,27,5.9,False,18,False,0,
2025-06-10,SKU-1003,FBA,0,0.0,True,32,False,0,
2025-06-10,SKU-1004,FBM,435,155.4,False,46,False,0,63.2
2025-06-10,SKU-1005,FBA,100,22.0,False,78,False,0,
2025-06-10,SKU-1006,FBM,321,114.6,False,121,True,0,45.1
2025-06-10,SKU-1007,FBA,106,23.3,False,55,False,0,
2025-06-10,SKU-1008,FBA,354,77.8,False,101,True,0,
2025-06-10,SKU-1009,FBM,267,95.4,False,71,False,0,71.4
2025-06-10,SKU-1010,FBA,397,87.3,False,101,True,0,
2025-06-11,SKU-1001,FBA,387,85.1,False,97,True,0,
2025-06-11,SKU-1002,FBA,22,4.8,False,99,True,0,
2025-06-11,SKU-1003,FBA,0,0.0,True,7,False,0,
2025-06-11,SKU-1004,FBM,432,154.3,False,33,False,0,73.0
2025-06-11,SKU-1005,FBA,96,21.1,False,71,False,0,
2025-06-11,SKU-1006,FBM,318,113.6,False,65,False,0,69.0
2025-06-11,SKU-1007,FBA,101,22.2,False,44,False,0,
2025-06-11,SKU-1008,FBA,349,76.7,False,98,True,0,
2025-06-11,SKU-1009,FBM,264,94.3,False,106,True,0,77.9
2025-06-11,SKU-1010,FBA,392,86.2,False,122,True,0,
2025-06-12,SKU-1001,FBA,383,84.2,False,83,False,0,
2025-06-12,SKU-1002,FBA,18,4.0,False,26,False,0,
2025-06-12,SKU-1003,FBA,0,0.0,True,73,False,0,
2025-06-12,SKU-1004,FBM,429,153.2,False,60,False,0,61.2
2025-06-12,SKU-1005,FBA,91,20.0,False,68,False,0,
2025-06-12,SKU-1006,FBM,315,112.5,False,128,True,0,54.8
2025-06-12,SKU-1007,FBA,97,21.3,False,116,True,0,
2025-06-12,SKU-1008,FBA,345,75.8,False,84,False,0,
2025-06-12,SKU-1009,FBM,261,93.2,False,117,True,0,72.6
2025-06-12,SKU-1010,FBA,388,85.3,False,81,False,0,
2025-06-13,SKU-1001,FBA,378,83.1,False,36,False,0,
2025-06-13,SKU-1002,FBA,13,2.9,False,33,False,0,
2025-06-13,SKU-1003,FBA,0,0.0,True,121,True,0,
2025-06-13,SKU-1004,FBM,426,152.1,False,7,False,0,75.3
2025-06-13,SKU-1005,FBA,87,19.1,False,70,False,0,
2025-06-13,SKU-1006,FBM,312,111.4,False,24,False,0,64.9
2025-06-13,SKU-1007,FBA,92,20.2,False,27,False,0,
2025-06-13,SKU-1008,FBA,340,74.7,False,108,True,0,
2025-06-13,SKU-1009,FBM,258,92.1,False,69,False,0,86.0
2025-06-13,SKU-1010,FBA,383,84.2,False,30,False,0,
2025-06-14,SKU-1001,FBA,374,82.2,False,81,False,0,
2025-06-14,SKU-1002,FBA,9,2.0,False,56,False,0,
2025-06-14,SKU-1003,FBA,0,0.0,True,67,False,0,
2025-06-14,SKU-1004,FBM,423,151.1,False,119,True,0,51.1
2025-06-14,SKU-1005,FBA,82,18.0,False,69,False,0,
2025-06-14,SKU-1006,FBM,309,110.4,False,82,False,0,100.0
2025-06-14,SKU-1007,FBA,88,19.3,False,39,False,0,
2025-06-14,SKU-1008,FBA,336,73.8,False,82,False,0,
2025-06-14,SKU-1009,FBM,255,91.1,False,67,False,0,96.3
2025-06-14,SKU-1010,FBA,379,83.3,False,12,False,0,
2025-06-15,SKU-1001,FBA,369,81.1,False,33,False,0,
2025-06-15,SKU-1002,FBA,411,90.3,False,18,False,0,
2025-06-15,SKU-1003,FBA,0,0.0,True,21,False,0,
2025-06-15,SKU-1004,FBM,421,150.4,False,126,True,0,95.4
2025-06-15,SKU-1005,FBA,78,17.1,False,80,False,0,
2025-06-15,SKU-1006,FBM,307,109.6,False,44,False,0,71.2
2025-06-15,SKU-1007,FBA,83,18.2,False,127,True,0,
2025-06-15,SKU-1008,FBA,331,72.7,False,85,False,0,
2025-06-15,SKU-1009,FBM,253,90.4,False,20,False,0,44.0
2025-06-15,SKU-1010,FBA,374,82.2,False,120,True,0,
2025-06-16,SKU-1001,FBA,365,80.2,False,9,False,0,
2025-06-16,SKU-1002,FBA,407,89.5,False,27,False,0,
2025-06-16,SKU-1003,FBA,0,0.0,True,28,False,0,
2025-06-16,SKU-1004,FBM,418,149.3,False,9,False,0,78.0
2025-06-16,SKU-1005,FBA,73,16.0,False,50,False,0,
2025-06-16,SKU-1006,FBM,304,108.6,False,37,False,0,70.2
2025-06-16,SKU-1007,FBA,78,17.1,False,31,False,0,
2025-06-16,SKU-1008,FBA,327,71.9,False,113,True,0,
2025-06-16,SKU-1009,FBM,250,89.3,False,52,False,0,46.2
2025-06-16,SKU-1010,FBA,370,81.3,False,81,False,0,
2025-06-17,SKU-1001,FBA,360,79.1,False,125,True,1,
2025-06-17,SKU-1002,FBA,402,88.4,False,74,False,1,
2025-06-17,SKU-1003,FBA,0,0.0,True,104,True,0,
2025-06-17,SKU-1004,FBM,415,148.2,False,44,False,0,86.2
2025-06-17,SKU-1005,FBA,69,15.2,False,49,False,0,
2025-06-17,SKU-1006,FBM,301,107.5,False,111,True,0,84.5
2025-06-17,SKU-1007,FBA,74,16.3,False,9,False,0,
2025-06-17,SKU-1008,FBA,322,70.8,False,54,False,0,
2025-06-17,SKU-1009,FBM,247,88.2,False,9,False,0,59.6
2025-06-17,SKU-1010,FBA,365,80.2,False,82,False,0,
2025-06-18,SKU-1001,FBA,356,78.2,False,46,False,0,
2025-06-18,SKU-1002,FBA,398,87.5,False,97,True,1,
2025-06-18,SKU-1003,FBA,0,0.0,True,3,False,0,
2025-06-18,SKU-1004,FBM,412,147.1,False,128,True,0,100.0
2025-06-18,SKU-1005,FBA,64,14.1,False,28,False,0,
2025-06-18,SKU-1006,FBM,298,106.4,False,121,True,0,64.7
2025-06-18,SKU-1007,FBA,69,15.2,False,37,False,0,
2025-06-18,SKU-1008,FBA,318,69.9,False,120,True,0,
2025-06-18,SKU-1009,FBM,244,87.1,False,3,False,0,73.6
2025-06-18,SKU-1010,FBA,360,79.1,False,48,False,0,
2025-06-19,SKU-1001,FBA,351,77.1,False,80,False,0,
2025-06-19,SKU-1002,FBA,393,86.4,False,19,False,0,
2025-06-19,SKU-1003,FBA,0,0.0,True,118,True,1,
2025-06-19,SKU-1004,FBM,409,146.1,False,35,False,0,82.0
2025-06-19,SKU-1005,FBA,59,13.0,False,108,True,0,
2025-06-19,SKU-1006,FBM,295,105.4,False,16,False,0,83.9
2025-06-19,SKU-1007,FBA,65,14.3,False,129,True,0,
2025-06-19,SKU-1008,FBA,313,68.8,False,59,False,0,
2025-06-19,SKU-1009,FBM,241,86.1,False,22,False,0,54.5
2025-06-19,SKU-1010,FBA,356,78.2,False,22,False,0,
2025-06-20,SKU-1001,FBA,346,76.0,False,4,False,0,
2025-06-20,SKU-1002,FBA,388,85.3,False,8,False,0,
2025-06-20,SKU-1003,FBA,0,0.0,True,82,False,0,
2025-06-20,SKU-1004,FBM,407,145.4,False,85,False,0,61.0
2025-06-20,SKU-1005,FBA,55,12.1,False,20,False,0,
2025-06-20,SKU-1006,FBM,293,104.6,False,105,True,0,73.3
2025-06-20,SKU-1007,FBA,60,13.2,False,5,False,0,
2025-06-20,SKU-1008,FBA,308,67.7,False,98,True,0,
2025-06-20,SKU-1009,FBM,239,85.4,False,75,False,0,59.1
2025-06-20,SKU-1010,FBA,351,77.1,False,69,False,0,
2025-06-21,SKU-1001,FBA,342,75.2,False,12,False,0,
2025-06-21,SKU-1002,FBA,384,84.4,False,84,False,0,
2025-06-21,SKU-1003,FBA,0,0.0,True,92,True,0,
2025-06-21,SKU-1004,FBM,404,144.3,False,14,False,0,74.3
2025-06-21,SKU-1005,FBA,50,11.0,False,73,False,1,
2025-06-21,SKU-1006,FBM,290,103.6,False,95,True,0,77.5
2025-06-21,SKU-1007,FBA,56,12.3,False,83,False,0,
2025-06-21,SKU-1008,FBA,304,66.8,False,5,False,0,
2025-06-21,SKU-1009,FBM,236,84.3,False,79,False,0,78.2
2025-06-21,SKU-1010,FBA,347,76.3,False,82,False,0,
2025-06-22,SKU-1001,FBA,337,74.1,False,45,False,0,
2025-06-22,SKU-1002,FBA,379,83.3,False,47,False,0,
2025-06-22,SKU-1003,FBA,53,11.6,False,96,True,0,
2025-06-22,SKU-1004,FBM,401,143.2,False,113,True,0,44.1
2025-06-22,SKU-1005,FBA,46,10.1,False,3,False,0,
2025-06-22,SKU-1006,FBM,287,102.5,False,99,True,0,62.6
2025-06-22,SKU-1007,FBA,51,11.2,False,87,False,0,
2025-06-22,SKU-1008,FBA,299,65.7,False,83,False,0,
2025-06-22,SKU-1009,FBM,233,83.2,False,4,False,0,82.2
2025-06-22,SKU-1010,FBA,342,75.2,False,59,False,0,
2025-06-23,SKU-1001,FBA,333,73.2,False,39,False,0,
2025-06-23,SKU-1002,FBA,375,82.4,False,16,False,0,
2025-06-23,SKU-1003,FBA,49,10.8,False,16,False,0,
2025-06-23,SKU-1004,FBM,398,142.1,False,14,False,0,68.4
2025-06-23,SKU-1005,FBA,41,9.0,False,85,False,0,
2025-06-23,SKU-1006,FBM,284,101.4,False,61,False,1,99.7
2025-06-23,SKU-1007,FBA,47,10.3,False,123,True,0,
2025-06-23,SKU-1008,FBA,295,64.8,False,23,False,0,
2025-06-23,SKU-1009,FBM,230,82.1,False,75,False,0,94.0
2025-06-23,SKU-1010,FBA,338,74.3,False,11,False,0,
2025-06-24,SKU-1001,FBA,328,72.1,False,32,False,1,
2025-06-24,SKU-1002,FBA,370,81.3,False,114,True,0,
2025-06-24,SKU-1003,FBA,503,110.5,False,50,False,0,
2025-06-24,SKU-1004,FBM,395,141.1,False,91,True,0,64.3
2025-06-24,SKU-1005,FBA,37,8.1,False,9,False,0,
2025-06-24,SKU-1006,FBM,281,100.4,False,40,False,0,74.1
2025-06-24,SKU-1007,FBA,42,9.2,False,97,True,0,
2025-06-24,SKU-1008,FBA,290,63.7,False,113,True,0,
2025-06-24,SKU-1009,FBM,227,81.1,False,81,False,0,62.5
2025-06-24,SKU-1010,FBA,333,73.2,False,35,False,0,
2025-06-25,SKU-1001,FBA,324,71.2,False,84,False,0,
2025-06-25,SKU-1002,FBA,366,80.4,False,34,False,1,
2025-06-25,SKU-1003,FBA,499,109.7,False,102,True,0,
2025-06-25,SKU-1004,FBM,393,140.4,False,17,False,0,44.7
2025-06-25,SKU-1005,FBA,286,62.9,False,13,False,0,
2025-06-25,SKU-1006,FBM,279,99.6,False,101,True,0,83.3
2025-06-25,SKU-1007,FBA,38,8.4,False,30,False,0,
2025-06-25,SKU-1008,FBA,286,62.9,False,25,False,2,
2025-06-25,SKU-1009,FBM,225,80.4,False,113,True,0,78.8
2025-06-25,SKU-1010,FBA,329,72.3,False,69,False,0,
2025-06-26,SKU-1001,FBA,319,70.1,False,54,False,0,
2025-06-26,SKU-1002,FBA,361,79.3,False,32,False,0,
2025-06-26,SKU-1003,FBA,494,108.6,False,58,False,0,
2025-06-26,SKU-1004,FBM,390,139.3,False,37,False,0,61.4
2025-06-26,SKU-1005,FBA,282,62.0,False,96,True,0,
2025-06-26,SKU-1006,FBM,276,98.6,False,39,False,0,84.7
2025-06-26,SKU-1007,FBA,33,7.3,False,119,True,0,
2025-06-26,SKU-1008,FBA,281,61.8,False,112,True,0,
2025-06-26,SKU-1009,FBM,222,79.3,False,66,False,1,84.4
2025-06-26,SKU-1010,FBA,324,71.2,False,13,False,2,
2025-06-27,SKU-1001,FBA,315,69.2,False,61,False,0,
2025-06-27,SKU-1002,FBA,357,78.5,False,80,False,0,
2025-06-27,SKU-1003,FBA,489,107.5,False,110,True,0,
2025-06-27,SKU-1004,FBM,387,138.2,False,44,False,0,76.8
2025-06-27,SKU-1005,FBA,277,60.9,False,84,False,0,
2025-06-27,SKU-1006,FBM,273,97.5,False,17,False,0,58.9
2025-06-27,SKU-1007,FBA,28,6.2,False,103,True,0,
2025-06-27,SKU-1008,FBA,277,60.9,False,11,False,0,
2025-06-27,SKU-1009,FBM,219,78.2,False,23,False,1,80.3
2025-06-27,SKU-1010,FBA,320,70.3,False,124,True,0,
2025-06-28,SKU-1001,FBA,310,68.1,False,79,False,0,
2025-06-28,SKU-1002,FBA,352,77.4,False,97,True,0,
2025-06-28,SKU-1003,FBA,485,106.6,False,76,False,0,
2025-06-28,SKU-1004,FBM,384,137.1,False,42,False,0,77.3
2025-06-28,SKU-1005,FBA,272,59.8,False,75,False,0,
2025-06-28,SKU-1006,FBM,270,96.4,False,50,False,0,71.6
2025-06-28,SKU-1007,FBA,24,5.3,False,65,False,0,
2025-06-28,SKU-1008,FBA,272,59.8,False,6,False,0,
2025-06-28,SKU-1009,FBM,216,77.1,False,23,False,0,72.2
2025-06-28,SKU-1010,FBA,315,69.2,False,15,False,0,
2025-06-29,SKU-1001,FBA,305,67.0,False,118,True,0,
2025-06-29,SKU-1002,FBA,347,76.3,False,14,False,0,
2025-06-29,SKU-1003,FBA,480,105.5,False,15,False,0,
2025-06-29,SKU-1004,FBM,381,136.1,False,35,False,0,74.6
2025-06-29,SKU-1005,FBA,268,58.9,False,117,True,0,
2025-06-29,SKU-1006,FBM,267,95.4,False,111,True,0,89.1
2025-06-29,SKU-1007,FBA,19,4.2,False,119,True,0,
2025-06-29,SKU-1008,FBA,267,58.7,False,119,True,0,
2025-06-29,SKU-1009,FBM,213,76.1,False,43,False,0,73.2
2025-06-29,SKU-1010,FBA,310,68.1,False,48,False,0,
2025-06-30,SKU-1001,FBA,301,66.2,False,89,False,0,
2025-06-30,SKU-1002,FBA,343,75.4,False,110,True,0,
2025-06-30,SKU-1003,FBA,476,104.6,False,61,False,0,
2025-06-30,SKU-1004,FBM,379,135.4,False,109,True,0,75.7
2025-06-30,SKU-1005,FBA,263,57.8,False,77,False,0,
2025-06-30,SKU-1006,FBM,265,94.6,False,87,False,0,75.0
2025-06-30,SKU-1007,FBA,15,3.3,False,95,True,0,
2025-06-30,SKU-1008,FBA,263,57.8,False,87,False,0,
2025-06-30,SKU-1009,FBM,211,75.4,False,1,False,0,50.8
2025-06-30,SKU-1010,FBA,306,67.3,False,91,True,0,
2025-07-01,SKU-1001,FBA,297,76.8,False,41,False,0,
2025-07-01,SKU-1002,FBA,339,87.7,False,19,False,0,
2025-07-01,SKU-1003,FBA,472,122.0,False,98,True,0,
2025-07-01,SKU-1004,FBM,376,158.0,False,77,False,0,48.6
2025-07-01,SKU-1005,FBA,260,67.2,False,37,False,0,
2025-07-01,SKU-1006,FBM,262,110.1,False,36,False,0,52.7
2025-07-01,SKU-1007,FBA,11,2.8,False,29,False,0,
2025-07-01,SKU-1008,FBA,259,67.0,False,80,False,0,
2025-07-01,SKU-1009,FBM,208,87.4,False,61,False,0,64.3
2025-07-01,SKU-1010,FBA,302,78.1,False,55,False,0,
2025-07-02,SKU-1001,FBA,293,75.8,False,33,False,0,
2025-07-02,SKU-1002,FBA,335,86.6,False,48,False,0,
2025-07-02,SKU-1003,FBA,468,121.0,False,41,False,0,
2025-07-02,SKU-1004,FBM,374,157.1,False,103,True,0,80.9
2025-07-02,SKU-1005,FBA,256,66.2,False,63,False,0,
2025-07-02,SKU-1006,FBM,260,109.2,False,112,True,0,56.8
2025-07-02,SKU-1007,FBA,7,1.8,False,14,False,0,
2025-07-02,SKU-1008,FBA,255,65.9,False,38,False,0,
2025-07-02,SKU-1009,FBM,206,86.6,False,62,False,0,81.7
2025-07-02,SKU-1010,FBA,298,77.1,False,128,True,0,
2025-07-03,SKU-1001,FBA,289,74.7,False,3,False,0,
2025-07-03,SKU-1002,FBA,331,85.6,False,39,False,0,
2025-07-03,SKU-1003,FBA,464,120.0,False,111,True,0,
2025-07-03,SKU-1004,FBM,372,156.3,False,46,False,0,56.6
2025-07-03,SKU-1005,FBA,252,65.2,False,2,False,0,
2025-07-03,SKU-1006,FBM,258,108.4,False,40,False,0,100.0
2025-07-03,SKU-1007,FBA,3,0.8,False,55,False,0,
2025-07-03,SKU-1008,FBA,251,64.9,False,91,True,0,
2025-07-03,SKU-1009,FBM,204,85.7,False,73,False,0,65.3
2025-07-03,SKU-1010,FBA,294,76.0,False,9,False,0,
2025-07-04,SKU-1001,FBA,285,73.7,False,63,False,0,
2025-07-04,SKU-1002,FBA,327,84.6,False,60,False,0,
2025-07-04,SKU-1003,FBA,460,118.9,False,68,False,0,
2025-07-04,SKU-1004,FBM,369,155.0,False,117,True,0,73.6
2025-07-04,SKU-1005,FBA,248,64.1,False,50,False,0,
2025-07-04,SKU-1006,FBM,255,107.1,False,38,False,0,63.8
2025-07-04,SKU-1007,FBA,0,0.0,False,1,False,0,
2025-07-04,SKU-1008,FBA,247,63.9,False,69,False,0,
2025-07-04,SKU-1009,FBM,201,84.5,False,77,False,0,84.6
2025-07-04,SKU-1010,FBA,290,75.0,False,120,True,0,
2025-07-05,SKU-1001,FBA,282,72.9,False,35,False,0,
2025-07-05,SKU-1002,FBA,324,83.8,False,16,False,0,
2025-07-05,SKU-1003,FBA,457,118.2,False,115,True,0,
2025-07-05,SKU-1004,FBM,367,154.2,False,33,False,0,65.3
2025-07-05,SKU-1005,FBA,244,63.1,False,109,True,0,
2025-07-05,SKU-1006,FBM,253,106.3,False,112,True,0,71.2
2025-07-05,SKU-1007,FBA,0,0.0,False,77,False,0,
2025-07-05,SKU-1008,FBA,244,63.1,False,119,True,0,
2025-07-05,SKU-1009,FBM,199,83.6,False,98,True,0,87.8
2025-07-05,SKU-1010,FBA,287,74.2,False,61,False,0,
2025-07-06,SKU-1001,FBA,278,71.9,False,14,False,0,
2025-07-06,SKU-1002,FBA,320,82.7,False,77,False,0,
2025-07-06,SKU-1003,FBA,453,117.1,False,78,False,0,
2025-07-06,SKU-1004,FBM,364,152.9,False,24,False,0,88.2
2025-07-06,SKU-1005,FBA,240,62.1,False,13,False,0,
2025-07-06,SKU-1006,FBM,250,105.0,False,67,False,0,97.9
2025-07-06,SKU-1007,FBA,0,0.0,False,110,True,0,
2025-07-06,SKU-1008,FBA,240,62.1,False,77,False,0,
2025-07-06,SKU-1009,FBM,196,82.4,False,22,False,0,68.3
2025-07-06,SKU-1010,FBA,283,73.2,False,43,False,0,
2025-07-07,SKU-1001,FBA,274,70.8,False,52,False,0,
2025-07-07,SKU-1002,FBA,316,81.7,False,102,True,0,
2025-07-07,SKU-1003,FBA,449,116.1,False,44,False,0,
2025-07-07,SKU-1004,FBM,362,152.1,False,93,True,0,87.3
2025-07-07,SKU-1005,FBA,236,61.0,False,57,False,0,
2025-07-07,SKU-1006,FBM,248,104.2,False,80,False,0,76.5
2025-07-07,SKU-1007,FBA,0,0.0,False,96,True,0,
2025-07-07,SKU-1008,FBA,236,61.0,False,62,False,0,
2025-07-07,SKU-1009,FBM,194,81.5,False,101,True,0,90.4
2025-07-07,SKU-1010,FBA,279,72.1,False,112,True,0,
2025-07-08,SKU-1001,FBA,270,69.8,False,46,False,0,
2025-07-08,SKU-1002,FBA,312,80.7,False,1,False,0,
2025-07-08,SKU-1003,FBA,445,115.1,False,107,True,0,
2025-07-08,SKU-1004,FBM,360,151.3,False,100,True,0,55.2
2025-07-08,SKU-1005,FBA,232,60.0,False,77,False,0,
2025-07-08,SKU-1006,FBM,246,103.4,False,57,False,1,53.5
2025-07-08,SKU-1007,FBA,0,0.0,False,91,True,0,
2025-07-08,SKU-1008,FBA,232,60.0,False,110,True,0,
2025-07-08,SKU-1009,FBM,192,80.7,False,1,False,0,43.2
2025-07-08,SKU-1010,FBA,275,71.1,False,29,False,0,
2025-07-09,SKU-1001,FBA,266,68.8,False,115,True,0,
2025-07-09,SKU-1002,FBA,308,79.6,False,121,True,0,
2025-07-09,SKU-1003,FBA,441,114.0,False,43,False,0,
2025-07-09,SKU-1004,FBM,357,150.0,False,22,False,0,79.1
2025-07-09,SKU-1005,FBA,229,59.2,False,38,False,0,
2025-07-09,SKU-1006,FBM,243,102.1,False,40,False,0,42.5
2025-07-09,SKU-1007,FBA,0,0.0,False,105,True,0,
2025-07-09,SKU-1008,FBA,228,59.0,False,16,False,0,
2025-07-09,SKU-1009,FBM,189,79.4,False,110,True,0,64.6
2025-07-09,SKU-1010,FBA,271,70.1,False,128,True,0,
2025-07-10,SKU-1001,FBA,258,30.3,False,85,False,0,
2025-07-10,SKU-1002,FBA,300,35.3,False,1,False,0,
2025-07-10,SKU-1003,FBA,433,50.9,False,20,False,0,
2025-07-10,SKU-1004,FBM,352,67.2,False,21,False,0,49.6
2025-07-10,SKU-1005,FBA,220,25.9,False,105,True,0,
2025-07-10,SKU-1006,FBM,238,45.5,False,18,False,0,71.9
2025-07-10,SKU-1007,FBA,0,0.0,False,47,False,0,
2025-07-10,SKU-1008,FBA,220,25.9,False,12,False,0,
2025-07-10,SKU-1009,FBM,184,35.1,False,37,False,0,51.2
2025-07-10,SKU-1010,FBA,263,30.9,False,37,False,0,
2025-07-11,SKU-1001,FBA,249,29.3,False,87,False,0,
2025-07-11,SKU-1002,FBA,291,34.2,False,56,False,0,
2025-07-11,SKU-1003,FBA,424,49.8,False,125,True,0,
2025-07-11,SKU-1004,FBM,347,66.3,False,11,False,0,75.2
2025-07-11,SKU-1005,FBA,212,24.9,False,117,True,0,
2025-07-11,SKU-1006,FBM,233,44.5,False,5,False,0,90.0
2025-07-11,SKU-1007,FBA,0,0.0,False,17,False,0,
2025-07-11,SKU-1008,FBA,211,24.8,False,60,False,0,
2025-07-11,SKU-1009,FBM,179,34.2,False,23,False,0,47.4
2025-07-11,SKU-1010,FBA,254,29.9,False,60,False,0,
2025-07-12,SKU-1001,FBA,241,28.3,False,5,False,0,
2025-07-12,SKU-1002,FBA,283,33.3,False,37,False,0,
2025-07-12,SKU-1003,FBA,416,48.9,False,103,True,0,
2025-07-12,SKU-1004,FBM,342,65.3,False,75,False,0,91.3
2025-07-12,SKU-1005,FBA,203,23.9,False,36,False,0,
2025-07-12,SKU-1006,FBM,228,43.5,False,109,True,0,99.2
2025-07-12,SKU-1007,FBA,0,0.0,False,30,False,0,
2025-07-12,SKU-1008,FBA,203,23.9,False,68,False,0,
2025-07-12,SKU-1009,FBM,174,33.2,False,59,False,0,92.9
2025-07-12,SKU-1010,FBA,246,28.9,False,112,True,0,
2025-07-13,SKU-1001,FBA,237,61.3,False,40,False,0,
2025-07-13,SKU-1002,FBA,279,72.1,False,128,True,0,
2025-07-13,SKU-1003,FBA,412,106.5,False,66,False,0,
2025-07-13,SKU-1004,FBM,339,142.4,False,88,False,0,72.8
2025-07-13,SKU-1005,FBA,199,51.5,False,3,False,0,
2025-07-13,SKU-1006,FBM,225,94.5,False,15,False,0,65.2
2025-07-13,SKU-1007,FBA,329,85.1,False,6,False,0,
2025-07-13,SKU-1008,FBA,199,51.5,False,39,False,0,
2025-07-13,SKU-1009,FBM,171,71.8,False,37,False,0,68.8
2025-07-13,SKU-1010,FBA,242,62.6,False,117,True,0,
2025-07-14,SKU-1001,FBA,233,60.2,False,19,False,0,
2025-07-14,SKU-1002,FBA,275,71.1,False,33,False,0,
2025-07-14,SKU-1003,FBA,408,105.5,False,8,False,0,
2025-07-14,SKU-1004,FBM,337,141.6,False,86,False,0,60.8
2025-07-14,SKU-1005,FBA,195,50.4,False,2,False,0,
2025-07-14,SKU-1006,FBM,223,93.7,False,36,False,0,67.6
2025-07-14,SKU-1007,FBA,325,84.0,False,117,True,0,
2025-07-14,SKU-1008,FBA,195,50.4,False,64,False,0,
2025-07-14,SKU-1009,FBM,169,71.0,False,23,False,0,71.9
2025-07-14,SKU-1010,FBA,238,61.5,False,94,True,0,
2025-07-15,SKU-1001,FBA,229,59.2,False,101,True,0,
2025-07-15,SKU-1002,FBA,271,70.1,False,57,False,0,
2025-07-15,SKU-1003,FBA,404,104.5,False,22,False,0,
2025-07-15,SKU-1004,FBM,334,140.3,False,71,False,0,38.2
2025-07-15,SKU-1005,FBA,191,49.4,False,118,True,0,
2025-07-15,SKU-1006,FBM,220,92.4,False,62,False,0,90.3
2025-07-15,SKU-1007,FBA,321,83.0,False,51,False,0,
2025-07-15,SKU-1008,FBA,191,49.4,False,81,False,0,
2025-07-15,SKU-1009,FBM,166,69.7,False,119,True,0,71.5
2025-07-15,SKU-1010,FBA,234,60.5,False,94,True,0,
2025-07-16,SKU-1001,FBA,225,58.2,False,52,False,0,
2025-07-16,SKU-1002,FBA,267,69.0,False,23,False,0,
2025-07-16,SKU-1003,FBA,400,103.4,False,64,False,0,
2025-07-16,SKU-1004,FBM,332,139.5,False,82,False,0,67.5
2025-07-16,SKU-1005,FBA,188,48.6,False,40,False,0,
2025-07-16,SKU-1006,FBM,218,91.6,False,124,True,0,49.7
2025-07-16,SKU-1007,FBA,317,82.0,False,100,True,0,
2025-07-16,SKU-1008,FBA,187,48.4,False,59,False,0,
2025-07-16,SKU-1009,FBM,164,68.9,False,92,True,0,73.1
2025-07-16,SKU-1010,FBA,230,59.5,False,45,False,0,
2025-07-17,SKU-1001,FBA,221,57.1,False,81,False,0,
2025-07-17,SKU-1002,FBA,263,68.0,False,56,False,0,
2025-07-17,SKU-1003,FBA,396,102.4,False,121,True,0,
2025-07-17,SKU-1004,FBM,330,138.7,False,65,False,0,89.7
2025-07-17,SKU-1005,FBA,184,47.6,False,69,False,0,
2025-07-17,SKU-1006,FBM,216,90.8,False,56,False,0,72.7
2025-07-17,SKU-1007,FBA,313,80.9,False,32,False,0,
2025-07-17,SKU-1008,FBA,183,47.3,False,122,True,0,
2025-07-17,SKU-1009,FBM,162,68.1,False,32,False,0,62.5
2025-07-17,SKU-1010,FBA,226,58.4,False,20,False,0,
2025-07-18,SKU-1001,FBA,217,56.1,False,39,False,0,
2025-07-18,SKU-1002,FBA,259,67.0,False,31,False,0,
2025-07-18,SKU-1003,FBA,392,101.4,False,44,False,0,
2025-07-18,SKU-1004,FBM,327,137.4,False,33,False,0,73.1
2025-07-18,SKU-1005,FBA,180,46.5,False,104,True,0,
2025-07-18,SKU-1006,FBM,213,89.5,False,70,False,0,100.0
2025-07-18,SKU-1007,FBA,309,79.9,False,88,False,0,
2025-07-18,SKU-1008,FBA,179,46.3,False,4,False,0,
2025-07-18,SKU-1009,FBM,159,66.8,False,76,False,0,75.3
2025-07-18,SKU-1010,FBA,222,57.4,False,28,False,0,
2025-07-19,SKU-1001,FBA,214,55.3,False,80,False,0,
2025-07-19,SKU-1002,FBA,256,66.2,False,25,False,0,
2025-07-19,SKU-1003,FBA,388,100.3,False,96,True,0,
2025-07-19,SKU-1004,FBM,325,136.6,False,58,False,0,67.6
2025-07-19,SKU-1005,FBA,176,45.5,False,83,False,0,
2025-07-19,SKU-1006,FBM,211,88.7,False,126,True,0,54.0
2025-07-19,SKU-1007,FBA,305,78.9,False,114,True,0,
2025-07-19,SKU-1008,FBA,176,45.5,False,32,False,0,
2025-07-19,SKU-1009,FBM,157,66.0,False,50,False,0,60.7
2025-07-19,SKU-1010,FBA,218,56.4,False,53,False,0,
2025-07-20,SKU-1001,FBA,210,54.3,False,94,True,0,
2025-07-20,SKU-1002,FBA,252,65.2,False,55,False,0,
2025-07-20,SKU-1003,FBA,385,99.5,False,129,True,0,
2025-07-20,SKU-1004,FBM,323,135.7,False,121,True,0,87.8
2025-07-20,SKU-1005,FBA,172,44.5,False,89,False,0,
2025-07-20,SKU-1006,FBM,209,87.8,False,123,True,0,67.6
2025-07-20,SKU-1007,FBA,302,78.1,False,78,False,0,
2025-07-20,SKU-1008,FBA,172,44.5,False,76,False,0,
2025-07-20,SKU-1009,FBM,155,65.1,False,16,False,0,70.0
2025-07-20,SKU-1010,FBA,215,55.6,False,95,True,0,
2025-07-21,SKU-1001,FBA,206,53.3,False,96,True,0,
2025-07-21,SKU-1002,FBA,248,64.1,False,10,False,0,
2025-07-21,SKU-1003,FBA,381,98.5,False,72,False,0,
2025-07-21,SKU-1004,FBM,320,134.5,False,19,False,0,72.5
2025-07-21,SKU-1005,FBA,168,43.4,False,87,False,1,
2025-07-21,SKU-1006,FBM,206,86.6,False,58,False,0,73.3
2025-07-21,SKU-1007,FBA,298,77.1,False,124,True,0,
2025-07-21,SKU-1008,FBA,168,43.4,False,62,False,0,
2025-07-21,SKU-1009,FBM,152,63.9,False,24,False,0,62.3
2025-07-21,SKU-1010,FBA,211,54.6,False,70,False,0,
2025-07-22,SKU-1001,FBA,202,52.2,False,114,True,0,
2025-07-22,SKU-1002,FBA,244,63.1,False,57,False,0,
2025-07-22,SKU-1003,FBA,377,97.5,False,122,True,1,
2025-07-22,SKU-1004,FBM,318,133.6,False,42,False,0,93.9
2025-07-22,SKU-1005,FBA,164,42.4,False,82,False,0,
2025-07-22,SKU-1006,FBM,204,85.7,False,11,False,1,50.9
2025-07-22,SKU-1007,FBA,294,76.0,False,74,False,0,
2025-07-22,SKU-1008,FBA,164,42.4,False,54,False,0,
2025-07-22,SKU-1009,FBM,150,63.0,False,53,False,0,82.4
2025-07-22,SKU-1010,FBA,207,53.5,False,65,False,0,
2025-07-23,SKU-1001,FBA,198,51.2,False,64,False,0,
2025-07-23,SKU-1002,FBA,240,62.1,False,65,False,0,
2025-07-23,SKU-1003,FBA,373,96.4,False,7,False,0,
2025-07-23,SKU-1004,FBM,315,132.4,False,59,False,0,86.5
2025-07-23,SKU-1005,FBA,161,41.6,False,84,False,0,
2025-07-23,SKU-1006,FBM,201,84.5,False,8,False,0,65.7
2025-07-23,SKU-1007,FBA,290,75.0,False,94,True,1,
2025-07-23,SKU-1008,FBA,160,41.4,False,86,False,0,
2025-07-23,SKU-1009,FBM,147,61.8,False,77,False,0,83.8
2025-07-23,SKU-1010,FBA,203,52.5,False,85,False,0,
2025-07-24,SKU-1001,FBA,194,50.2,False,94,True,0,
2025-07-24,SKU-1002,FBA,236,61.0,False,57,False,0,
2025-07-24,SKU-1003,FBA,369,95.4,False,90,False,0,
2025-07-24,SKU-1004,FBM,313,131.5,False,58,False,0,99.7
2025-07-24,SKU-1005,FBA,157,40.6,False,64,False,0,
2025-07-24,SKU-1006,FBM,199,83.6,False,56,False,0,87.3
2025-07-24,SKU-1007,FBA,286,73.9,False,14,False,0,
2025-07-24,SKU-1008,FBA,156,40.3,False,82,False,0,
2025-07-24,SKU-1009,FBM,145,60.9,False,44,False,0,74.2
2025-07-24,SKU-1010,FBA,199,51.5,False,82,False,0,
2025-07-25,SKU-1001,FBA,190,49.1,False,27,False,0,
2025-07-25,SKU-1002,FBA,232,60.0,False,78,False,0,
2025-07-25,SKU-1003,FBA,365,94.4,False,70,False,0,
2025-07-25,SKU-1004,FBM,311,130.7,False,121,True,0,66.4
2025-07-25,SKU-1005,FBA,153,39.6,False,123,True,0,
2025-07-25,SKU-1006,FBM,197,82.8,False,18,False,0,69.4
2025-07-25,SKU-1007,FBA,282,72.9,False,39,False,0,
2025-07-25,SKU-1008,FBA,152,39.3,False,23,False,0,
2025-07-25,SKU-1009,FBM,143,60.1,False,101,True,0,57.9
2025-07-25,SKU-1010,FBA,195,50.4,False,127,True,0,
2025-07-26,SKU-1001,FBA,186,48.1,False,57,False,0,
2025-07-26,SKU-1002,FBA,228,59.0,False,76,False,0,
2025-07-26,SKU-1003,FBA,361,93.3,False,21,False,0,
2025-07-26,SKU-1004,FBM,308,129.4,False,51,False,0,73.8
2025-07-26,SKU-1005,FBA,149,38.5,False,59,False,0,
2025-07-26,SKU-1006,FBM,194,81.5,False,39,False,0,80.4
2025-07-26,SKU-1007,FBA,278,71.9,False,50,False,0,
2025-07-26,SKU-1008,FBA,148,38.3,False,101,True,0,
2025-07-26,SKU-1009,FBM,140,58.8,False,66,False,2,84.4
2025-07-26,SKU-1010,FBA,191,49.4,False,120,True,0,
2025-07-27,SKU-1001,FBA,183,47.3,False,126,True,0,
2025-07-27,SKU-1002,FBA,225,58.2,False,53,False,0,
2025-07-27,SKU-1003,FBA,358,92.6,False,83,False,0,
2025-07-27,SKU-1004,FBM,306,128.6,False,6,False,0,91.3
2025-07-27,SKU-1005,FBA,145,37.5,False,32,False,0,
2025-07-27,SKU-1006,FBM,192,80.7,False,78,False,0,47.3
2025-07-27,SKU-1007,FBA,274,70.8,False,25,False,0,
2025-07-27,SKU-1008,FBA,145,37.5,False,106,True,0,
2025-07-27,SKU-1009,FBM,138,58.0,False,13,False,1,84.2
2025-07-27,SKU-1010,FBA,188,48.6,False,64,False,0,
2025-07-28,SKU-1001,FBA,179,46.3,False,104,True,0,
2025-07-28,SKU-1002,FBA,221,57.1,False,64,False,0,
2025-07-28,SKU-1003,FBA,354,91.5,False,80,False,0,
2025-07-28,SKU-1004,FBM,303,127.3,False,69,False,0,58.1
2025-07-28,SKU-1005,FBA,141,36.5,False,64,False,0,
2025-07-28,SKU-1006,FBM,189,79.4,False,6,False,0,60.9
2025-07-28,SKU-1007,FBA,271,70.1,False,47,False,0,
2025-07-28,SKU-1008,FBA,141,36.5,False,92,True,0,
2025-07-28,SKU-1009,FBM,135,56.7,False,92,True,0,53.9
2025-07-28,SKU-1010,FBA,184,47.6,False,34,False,0,
2025-07-29,SKU-1001,FBA,175,45.2,False,105,True,0,
2025-07-29,SKU-1002,FBA,217,56.1,False,116,True,0,
2025-07-29,SKU-1003,FBA,350,90.5,False,1,False,0,
2025-07-29,SKU-1004,FBM,301,126.5,False,2,False,0,80.0
2025-07-29,SKU-1005,FBA,137,35.4,False,83,False,0,
2025-07-29,SKU-1006,FBM,187,78.6,False,118,True,0,80.1
2025-07-29,SKU-1007,FBA,267,69.0,False,114,True,0,
2025-07-29,SKU-1008,FBA,137,35.4,False,36,False,0,
2025-07-29,SKU-1009,FBM,133,55.9,False,49,False,0,79.8
2025-07-29,SKU-1010,FBA,180,46.5,False,19,False,0,
2025-07-30,SKU-1001,FBA,171,44.2,False,2,False,0,
2025-07-30,SKU-1002,FBA,213,55.1,False,49,False,0,
2025-07-30,SKU-1003,FBA,346,89.5,False,71,False,0,
2025-07-30,SKU-1004,FBM,299,125.6,False,72,False,0,56.4
2025-07-30,SKU-1005,FBA,133,34.4,False,119,True,0,
2025-07-30,SKU-1006,FBM,185,77.7,False,110,True,0,71.1
2025-07-30,SKU-1007,FBA,263,68.0,False,129,True,0,
2025-07-30,SKU-1008,FBA,133,34.4,False,98,True,0,
2025-07-30,SKU-1009,FBM,131,55.0,False,85,False,0,53.0
2025-07-30,SKU-1010,FBA,176,45.5,False,119,True,0,
2025-07-31,SKU-1001,FBA,167,43.2,False,57,False,0,
2025-07-31,SKU-1002,FBA,209,54.0,False,1,False,0,
2025-07-31,SKU-1003,FBA,342,88.4,False,74,False,0,
2025-07-31,SKU-1004,FBM,296,124.4,False,79,False,0,60.8
2025-07-31,SKU-1005,FBA,130,33.6,False,3,False,0,
2025-07-31,SKU-1006,FBM,182,76.5,False,74,False,1,97.0
2025-07-31,SKU-1007,FBA,259,67.0,False,100,True,0,
2025-07-31,SKU-1008,FBA,129,33.4,False,1,False,0,
2025-07-31,SKU-1009,FBM,128,53.8,False,18,False,0,67.8
2025-07-31,SKU-1010,FBA,172,44.5,False,71,False,0,
2025-08-01,SKU-1001,FBA,163,42.1,False,91,True,0,
2025-08-01,SKU-1002,FBA,205,53.0,False,36,False,1,
2025-08-01,SKU-1003,FBA,338,87.4,False,36,False,0,
2025-08-01,SKU-1004,FBM,294,123.5,False,41,False,0,90.4
2025-08-01,SKU-1005,FBA,126,32.6,False,88,False,0,
2025-08-01,SKU-1006,FBM,180,75.6,False,107,True,0,84.1
2025-08-01,SKU-1007,FBA,255,65.9,False,102,True,0,
2025-08-01,SKU-1008,FBA,125,32.3,False,26,False,0,
2025-08-01,SKU-1009,FBM,126,52.9,False,45,False,0,60.3
2025-08-01,SKU-1010,FBA,168,43.4,False,16,False,0,
2025-08-02,SKU-1001,FBA,159,41.1,False,45,False,0,
2025-08-02,SKU-1002,FBA,201,52.0,False,99,True,0,
2025-08-02,SKU-1003,FBA,334,86.4,False,102,True,0,
2025-08-02,SKU-1004,FBM,292,122.7,False,81,False,1,53.5
2025-08-02,SKU-1005,FBA,122,31.5,False,75,False,0,
2025-08-02,SKU-1006,FBM,178,74.8,False,107,True,0,52.0
2025-08-02,SKU-1007,FBA,251,64.9,False,107,True,0,
2025-08-02,SKU-1008,FBA,121,31.3,False,57,False,0,
2025-08-02,SKU-1009,FBM,124,52.1,False,51,False,0,84.6
2025-08-02,SKU-1010,FBA,164,42.4,False,80,False,0,
2025-08-03,SKU-1001,FBA,156,40.3,False,102,True,0,
2025-08-03,SKU-1002,FBA,198,51.2,False,116,True,0,
2025-08-03,SKU-1003,FBA,330,85.3,False,20,False,0,
2025-08-03,SKU-1004,FBM,289,121.4,False,29,False,0,92.2
2025-08-03,SKU-1005,FBA,118,30.5,False,92,True,0,
2025-08-03,SKU-1006,FBM,175,73.5,False,73,False,0,66.2
2025-08-03,SKU-1007,FBA,247,63.9,False,79,False,0,
2025-08-03,SKU-1008,FBA,118,30.5,False,118,True,0,
2025-08-03,SKU-1009,FBM,121,50.8,False,25,False,0,93.9
2025-08-03,SKU-1010,FBA,160,41.4,False,90,False,0,
2025-08-04,SKU-1001,FBA,152,39.3,False,19,False,0,
2025-08-04,SKU-1002,FBA,194,50.2,False,13,False,0,
2025-08-04,SKU-1003,FBA,327,84.6,False,54,False,0,
2025-08-04,SKU-1004,FBM,287,120.6,False,63,False,0,93.5
2025-08-04,SKU-1005,FBA,114,29.5,False,7,False,0,
2025-08-04,SKU-1006,FBM,173,72.7,False,101,True,1,83.8
2025-08-04,SKU-1007,FBA,244,63.1,False,20,False,0,
2025-08-04,SKU-1008,FBA,114,29.5,False,97,True,0,
2025-08-04,SKU-1009,FBM,119,50.0,False,78,False,0,81.9
2025-08-04,SKU-1010,FBA,157,40.6,False,90,False,0,
2025-08-05,SKU-1001,FBA,148,38.3,False,66,False,0,
2025-08-05,SKU-1002,FBA,190,49.1,False,19,False,0,
2025-08-05,SKU-1003,FBA,323,83.5,False,45,False,0,
2025-08-05,SKU-1004,FBM,284,119.3,False,98,True,0,60.1
2025-08-05,SKU-1005,FBA,110,28.4,False,40,False,0,
2025-08-05,SKU-1006,FBM,170,71.4,False,64,False,0,66.8
2025-08-05,SKU-1007,FBA,240,62.1,False,22,False,0,
2025-08-05,SKU-1008,FBA,110,28.4,False,9,False,0,
2025-08-05,SKU-1009,FBM,116,48.7,False,71,False,0,77.4
2025-08-05,SKU-1010,FBA,153,39.6,False,27,False,0,
2025-08-06,SKU-1001,FBA,144,37.2,False,3,False,0,
2025-08-06,SKU-1002,FBA,186,48.1,False,107,True,0,
2025-08-06,SKU-1003,FBA,319,82.5,False,56,False,0,
2025-08-06,SKU-1004,FBM,282,118.5,False,54,False,0,55.5
2025-08-06,SKU-1005,FBA,106,27.4,False,20,False,0,
2025-08-06,SKU-1006,FBM,168,70.6,False,45,False,0,79.0
2025-08-06,SKU-1007,FBA,236,61.0,False,1,False,0,
2025-08-06,SKU-1008,FBA,106,27.4,False,42,False,0,
2025-08-06,SKU-1009,FBM,114,47.9,False,54,False,0,65.0
2025-08-06,SKU-1010,FBA,149,38.5,False,49,False,0,
2025-08-07,SKU-1001,FBA,140,36.2,False,116,True,0,
2025-08-07,SKU-1002,FBA,182,47.1,False,125,True,0,
2025-08-07,SKU-1003,FBA,315,81.4,False,41,False,0,
2025-08-07,SKU-1004,FBM,280,117.6,False,108,True,0,91.5
2025-08-07,SKU-1005,FBA,103,26.6,False,6,False,0,
2025-08-07,SKU-1006,FBM,166,69.7,False,109,True,0,79.0
2025-08-07,SKU-1007,FBA,232,60.0,False,53,False,0,
2025-08-07,SKU-1008,FBA,102,26.4,False,127,True,0,
2025-08-07,SKU-1009,FBM,112,47.1,False,89,False,0,49.0
2025-08-07,SKU-1010,FBA,145,37.5,False,7,False,0,
2025-08-08,SKU-1001,FBA,136,35.2,False,15,False,0,
2025-08-08,SKU-1002,FBA,178,46.0,False,47,False,0,
2025-08-08,SKU-1003,FBA,311,80.4,False,61,False,0,
2025-08-08,SKU-1004,FBM,277,116.4,False,84,False,0,85.5
2025-08-08,SKU-1005,FBA,99,25.6,False,43,False,0,
2025-08-08,SKU-1006,FBM,163,68.5,False,65,False,0,75.6
2025-08-08,SKU-1007,FBA,228,59.0,False,108,True,0,
2025-08-08,SKU-1008,FBA,98,25.3,False,30,False,0,
2025-08-08,SKU-1009,FBM,109,45.8,False,12,False,0,100.0
2025-08-08,SKU-1010,FBA,141,36.5,False,77,False,0,
2025-08-09,SKU-1001,FBA,132,34.1,False,63,False,0,
2025-08-09,SKU-1002,FBA,174,45.0,False,19,False,0,
2025-08-09,SKU-1003,FBA,307,79.4,False,88,False,0,
2025-08-09,SKU-1004,FBM,275,115.5,False,74,False,0,81.7
2025-08-09,SKU-1005,FBA,95,24.6,False,118,True,0,
2025-08-09,SKU-1006,FBM,161,67.6,False,20,False,0,60.6
2025-08-09,SKU-1007,FBA,224,57.9,False,30,False,0,
2025-08-09,SKU-1008,FBA,94,24.3,False,96,True,1,
2025-08-09,SKU-1009,FBM,107,45.0,False,28,False,0,86.6
2025-08-09,SKU-1010,FBA,137,35.4,False,99,True,0,
2025-08-10,SKU-1001,FBA,128,33.1,False,13,False,0,
2025-08-10,SKU-1002,FBA,170,44.0,False,59,False,0,
2025-08-10,SKU-1003,FBA,303,78.3,False,57,False,0,
2025-08-10,SKU-1004,FBM,273,114.7,False,1,False,0,60.1
2025-08-10,SKU-1005,FBA,91,23.5,False,125,True,0,
2025-08-10,SKU-1006,FBM,159,66.8,False,57,False,0,67.6
2025-08-10,SKU-1007,FBA,220,56.9,False,118,True,0,
2025-08-10,SKU-1008,FBA,90,23.3,False,49,False,1,
2025-08-10,SKU-1009,FBM,105,44.1,False,69,False,0,47.2
2025-08-10,SKU-1010,FBA,133,34.4,False,28,False,2,
2025-08-11,SKU-1001,FBA,125,32.3,False,72,False,0,
2025-08-11,SKU-1002,FBA,167,43.2,False,106,True,0,
2025-08-11,SKU-1003,FBA,299,77.3,False,33,False,0,
2025-08-11,SKU-1004,FBM,270,113.4,False,62,False,0,72.0
2025-08-11,SKU-1005,FBA,87,22.5,False,39,False,0,
2025-08-11,SKU-1006,FBM,156,65.5,False,123,True,0,72.5
2025-08-11,SKU-1007,FBA,216,55.9,False,31,False,0,
2025-08-11,SKU-1008,FBA,87,22.5,False,56,False,0,
2025-08-11,SKU-1009,FBM,102,42.9,False,88,False,0,74.3
2025-08-11,SKU-1010,FBA,130,33.6,False,48,False,0,
2025-08-12,SKU-1001,FBA,121,31.3,False,36,False,0,
2025-08-12,SKU-1002,FBA,163,42.1,False,52,False,0,
2025-08-12,SKU-1003,FBA,296,76.5,False,92,True,0,
2025-08-12,SKU-1004,FBM,268,112.6,False,116,True,0,88.8
2025-08-12,SKU-1005,FBA,83,21.5,False,9,False,0,
2025-08-12,SKU-1006,FBM,154,64.7,False,19,False,0,92.5
2025-08-12,SKU-1007,FBA,213,55.1,False,39,False,0,
2025-08-12,SKU-1008,FBA,83,21.5,False,2,False,0,
2025-08-12,SKU-1009,FBM,100,42.0,False,47,False,0,38.6
2025-08-12,SKU-1010,FBA,126,32.6,False,76,False,0,
2025-08-13,SKU-1001,FBA,117,30.3,False,65,False,0,
2025-08-13,SKU-1002,FBA,159,41.1,False,2,False,0,
2025-08-13,SKU-1003,FBA,292,75.5,False,129,True,2,
2025-08-13,SKU-1004,FBM,265,111.3,False,97,True,0,64.3
2025-08-13,SKU-1005,FBA,79,20.4,False,95,True,0,
2025-08-13,SKU-1006,FBM,151,63.4,False,102,True,0,71.9
2025-08-13,SKU-1007,FBA,209,54.0,False,10,False,0,
2025-08-13,SKU-1008,FBA,79,20.4,False,57,False,0,
2025-08-13,SKU-1009,FBM,97,40.8,False,127,True,0,57.5
2025-08-13,SKU-1010,FBA,122,31.5,False,11,False,0,
2025-08-14,SKU-1001,FBA,113,29.2,False,118,True,0,
2025-08-14,SKU-1002,FBA,155,40.1,False,118,True,0,
2025-08-14,SKU-1003,FBA,288,74.5,False,13,False,0,
2025-08-14,SKU-1004,FBM,263,110.5,False,57,False,0,80.1
2025-08-14,SKU-1005,FBA,75,19.4,False,18,False,0,
2025-08-14,SKU-1006,FBM,149,62.6,False,44,False,0,82.1
2025-08-14,SKU-1007,FBA,205,53.0,False,118,True,0,
2025-08-14,SKU-1008,FBA,75,19.4,False,46,False,0,
2025-08-14,SKU-1009,FBM,95,39.9,False,63,False,0,90.1
2025-08-14,SKU-1010,FBA,118,30.5,False,80,False,0,
2025-08-15,SKU-1001,FBA,109,28.2,False,30,False,0,
2025-08-15,SKU-1002,FBA,151,39.0,False,32,False,0,
2025-08-15,SKU-1003,FBA,284,73.4,False,100,True,0,
2025-08-15,SKU-1004,FBM,261,109.7,False,120,True,0,84.1
2025-08-15,SKU-1005,FBA,72,18.6,False,86,False,0,
2025-08-15,SKU-1006,FBM,147,61.8,False,64,False,0,61.9
2025-08-15,SKU-1007,FBA,201,52.0,False,124,True,0,
2025-08-15,SKU-1008,FBA,71,18.4,False,52,False,0,
2025-08-15,SKU-1009,FBM,93,39.1,False,88,False,0,75.0
2025-08-15,SKU-1010,FBA,114,29.5,False,101,True,0,
2025-08-16,SKU-1001,FBA,105,27.1,False,72,False,0,
2025-08-16,SKU-1002,FBA,147,38.0,False,67,False,0,
2025-08-16,SKU-1003,FBA,280,72.4,False,73,False,0,
2025-08-16,SKU-1004,FBM,258,108.4,False,30,False,0,54.9
2025-08-16,SKU-1005,FBA,68,17.6,False,55,False,0,
2025-08-16,SKU-1006,FBM,144,60.5,False,129,True,0,90.9
2025-08-16,SKU-1007,FBA,197,50.9,False,61,False,0,
2025-08-16,SKU-1008,FBA,67,17.3,False,114,True,0,
2025-08-16,SKU-1009,FBM,90,37.8,False,94,True,0,60.6
2025-08-16,SKU-1010,FBA,110,28.4,False,116,True,0,
2025-08-17,SKU-1001,FBA,101,26.1,False,97,True,0,
2025-08-17,SKU-1002,FBA,143,37.0,False,104,True,0,
2025-08-17,SKU-1003,FBA,276,71.4,False,107,True,0,
2025-08-17,SKU-1004,FBM,256,107.6,False,97,True,0,59.4
2025-08-17,SKU-1005,FBA,64,16.5,False,110,True,0,
2025-08-17,SKU-1006,FBM,142,59.7,False,64,False,0,52.9
2025-08-17,SKU-1007,FBA,193,49.9,False,31,False,0,
2025-08-17,SKU-1008,FBA,63,16.3,False,102,True,0,
2025-08-17,SKU-1009,FBM,88,37.0,False,94,True,0,92.6
2025-08-17,SKU-1010,FBA,106,27.4,False,91,True,1,
2025-08-18,SKU-1001,FBA,98,25.3,False,90,False,0,
2025-08-18,SKU-1002,FBA,140,36.2,False,62,False,0,
2025-08-18,SKU-1003,FBA,272,70.3,False,105,True,0,
2025-08-18,SKU-1004,FBM,254,106.7,False,96,True,0,34.6
2025-08-18,SKU-1005,FBA,60,15.5,False,91,True,0,
2025-08-18,SKU-1006,FBM,140,58.8,False,21,False,0,63.8
2025-08-18,SKU-1007,FBA,189,48.9,False,15,False,0,
2025-08-18,SKU-1008,FBA,60,15.5,False,34,False,0,
2025-08-18,SKU-1009,FBM,86,36.1,False,96,True,0,65.9
2025-08-18,SKU-1010,FBA,102,26.4,False,54,False,0,
2025-08-19,SKU-1001,FBA,94,24.3,False,86,False,0,
2025-08-19,SKU-1002,FBA,136,35.2,False,26,False,0,
2025-08-19,SKU-1003,FBA,269,69.6,False,116,True,0,
2025-08-19,SKU-1004,FBM,251,105.5,False,80,False,0,55.2
2025-08-19,SKU-1005,FBA,56,14.5,False,40,False,0,
2025-08-19,SKU-1006,FBM,137,57.6,False,74,False,0,69.8
2025-08-19,SKU-1007,FBA,186,48.1,False,45,False,0,
2025-08-19,SKU-1008,FBA,56,14.5,False,110,True,0,
2025-08-19,SKU-1009,FBM,83,34.9,False,36,False,0,79.5
2025-08-19,SKU-1010,FBA,99,25.6,False,16,False,0,
2025-08-20,SKU-1001,FBA,90,23.3,False,73,False,0,
2025-08-20,SKU-1002,FBA,132,34.1,False,83,False,0,
2025-08-20,SKU-1003,FBA,265,68.5,False,34,False,0,
2025-08-20,SKU-1004,FBM,249,104.6,False,124,True,0,87.1
2025-08-20,SKU-1005,FBA,52,13.4,False,78,False,0,
2025-08-20,SKU-1006,FBM,135,56.7,False,101,True,0,57.6
2025-08-20,SKU-1007,FBA,182,47.1,False,47,False,0,
2025-08-20,SKU-1008,FBA,52,13.4,False,129,True,0,
2025-08-20,SKU-1009,FBM,81,34.0,False,62,False,0,77.4
2025-08-20,SKU-1010,FBA,95,24.6,False,54,False,0,
2025-08-21,SKU-1001,FBA,86,22.2,False,52,False,0,
2025-08-21,SKU-1002,FBA,128,33.1,False,71,False,0,
2025-08-21,SKU-1003,FBA,261,67.5,False,48,False,0,
2025-08-21,SKU-1004,FBM,246,103.4,False,109,True,0,74.4
2025-08-21,SKU-1005,FBA,48,12.4,False,109,True,0,
2025-08-21,SKU-1006,FBM,132,55.5,False,101,True,0,84.1
2025-08-21,SKU-1007,FBA,178,46.0,False,71,False,0,
2025-08-21,SKU-1008,FBA,48,12.4,False,115,True,0,
2025-08-21,SKU-1009,FBM,78,32.8,False,21,False,0,62.0
2025-08-21,SKU-1010,FBA,91,23.5,False,94,True,0,
2025-08-22,SKU-1001,FBA,82,21.2,False,49,False,0,
2025-08-22,SKU-1002,FBA,124,32.1,False,84,False,0,
2025-08-22,SKU-1003,FBA,257,66.5,False,63,False,0,
2025-08-22,SKU-1004,FBM,244,102.5,False,99,True,0,69.5
2025-08-22,SKU-1005,FBA,44,11.4,False,88,False,0,
2025-08-22,SKU-1006,FBM,130,54.6,False,21,False,1,51.3
2025-08-22,SKU-1007,FBA,174,45.0,False,9,False,0,
2025-08-22,SKU-1008,FBA,44,11.4,False,55,False,0,
2025-08-22,SKU-1009,FBM,76,31.9,False,92,True,0,84.4
2025-08-22,SKU-1010,FBA,87,22.5,False,8,False,0,
2025-08-23,SKU-1001,FBA,78,20.2,False,128,True,1,
2025-08-23,SKU-1002,FBA,120,31.0,False,108,True,0,
2025-08-23,SKU-1003,FBA,253,65.4,False,14,False,0,
2025-08-23,SKU-1004,FBM,242,101.7,False,58,False,0,64.2
2025-08-23,SKU-1005,FBA,539,139.4,False,23,False,0,
2025-08-23,SKU-1006,FBM,128,53.8,False,97,True,0,64.7
2025-08-23,SKU-1007,FBA,170,44.0,False,112,True,0,
2025-08-23,SKU-1008,FBA,40,10.3,False,28,False,0,
2025-08-23,SKU-1009,FBM,74,31.1,False,92,True,0,56.8
2025-08-23,SKU-1010,FBA,83,21.5,False,95,True,0,
2025-08-24,SKU-1001,FBA,74,19.1,False,74,False,0,
2025-08-24,SKU-1002,FBA,116,30.0,False,98,True,0,
2025-08-24,SKU-1003,FBA,249,64.4,False,10,False,0,
2025-08-24,SKU-1004,FBM,239,100.4,False,126,True,0,56.3
2025-08-24,SKU-1005,FBA,535,138.3,False,91,True,0,
2025-08-24,SKU-1006,FBM,125,52.5,False,115,True,0,70.2
2025-08-24,SKU-1007,FBA,166,42.9,False,94,True,0,
2025-08-24,SKU-1008,FBA,36,9.3,False,74,False,0,
2025-08-24,SKU-1009,FBM,71,29.8,False,64,False,0,69.2
2025-08-24,SKU-1010,FBA,79,20.4,False,116,True,0,
2025-08-25,SKU-1001,FBA,70,18.1,False,46,False,0,
2025-08-25,SKU-1002,FBA,112,29.0,False,118,True,0,
2025-08-25,SKU-1003,FBA,245,63.3,False,81,False,0,
2025-08-25,SKU-1004,FBM,237,99.6,False,89,False,0,96.7
2025-08-25,SKU-1005,FBA,531,137.3,False,82,False,0,
2025-08-25,SKU-1006,FBM,123,51.7,False,56,False,0,88.1
2025-08-25,SKU-1007,FBA,162,41.9,False,106,True,0,
2025-08-25,SKU-1008,FBA,272,70.3,False,33,False,0,
2025-08-25,SKU-1009,FBM,69,29.0,False,110,True,0,80.9
2025-08-25,SKU-1010,FBA,75,19.4,False,122,True,0,
2025-08-26,SKU-1001,FBA,67,17.3,False,75,False,0,
2025-08-26,SKU-1002,FBA,109,28.2,False,94,True,0,
2025-08-26,SKU-1003,FBA,241,62.3,False,32,False,0,
2025-08-26,SKU-1004,FBM,234,98.3,False,103,True,0,100.0
2025-08-26,SKU-1005,FBA,527,136.3,False,47,False,0,
2025-08-26,SKU-1006,FBM,120,50.4,False,91,True,0,100.0
2025-08-26,SKU-1007,FBA,158,40.9,False,36,False,0,
2025-08-26,SKU-1008,FBA,269,69.6,False,43,False,0,
2025-08-26,SKU-1009,FBM,66,27.7,False,112,True,0,69.1
2025-08-26,SKU-1010,FBA,72,18.6,False,121,True,0,
2025-08-27,SKU-1001,FBA,63,16.3,False,107,True,0,
2025-08-27,SKU-1002,FBA,105,27.1,False,45,False,0,
2025-08-27,SKU-1003,FBA,238,61.5,False,16,False,0,
2025-08-27,SKU-1004,FBM,232,97.5,False,104,True,0,59.0
2025-08-27,SKU-1005,FBA,523,135.2,False,12,False,0,
2025-08-27,SKU-1006,FBM,118,49.6,False,40,False,0,91.5
2025-08-27,SKU-1007,FBA,155,40.1,False,51,False,0,
2025-08-27,SKU-1008,FBA,265,68.5,False,12,False,0,
2025-08-27,SKU-1009,FBM,64,26.9,False,93,True,0,64.5
2025-08-27,SKU-1010,FBA,68,17.6,False,9,False,0,
2025-08-28,SKU-1001,FBA,59,15.3,False,89,False,0,
2025-08-28,SKU-1002,FBA,101,26.1,False,99,True,0,
2025-08-28,SKU-1003,FBA,234,60.5,False,126,True,0,
2025-08-28,SKU-1004,FBM,230,96.6,False,29,False,0,88.9
2025-08-28,SKU-1005,FBA,519,134.2,False,129,True,2,
2025-08-28,SKU-1006,FBM,116,48.7,False,13,False,0,92.0
2025-08-28,SKU-1007,FBA,151,39.0,False,47,False,0,
2025-08-28,SKU-1008,FBA,261,67.5,False,13,False,0,
2025-08-28,SKU-1009,FBM,62,26.1,False,72,False,1,86.5
2025-08-28,SKU-1010,FBA,64,16.5,False,5,False,0,
2025-08-29,SKU-1001,FBA,55,14.2,False,97,True,0,
2025-08-29,SKU-1002,FBA,97,25.1,False,29,False,0,
2025-08-29,SKU-1003,FBA,230,59.5,False,62,False,0,
2025-08-29,SKU-1004,FBM,227,95.4,False,6,False,0,65.3
2025-08-29,SKU-1005,FBA,515,133.2,False,14,False,0,
2025-08-29,SKU-1006,FBM,113,47.5,False,65,False,0,49.2
2025-08-29,SKU-1007,FBA,147,38.0,False,71,False,0,
2025-08-29,SKU-1008,FBA,257,66.5,False,114,True,0,
2025-08-29,SKU-1009,FBM,59,24.8,False,1,False,0,84.0
2025-08-29,SKU-1010,FBA,60,15.5,False,120,True,0,
2025-08-30,SKU-1001,FBA,51,13.2,False,30,False,0,
2025-08-30,SKU-1002,FBA,93,24.0,False,30,False,1,
2025-08-30,SKU-1003,FBA,226,58.4,False,23,False,0,
2025-08-30,SKU-1004,FBM,225,94.5,False,98,True,0,59.3
2025-08-30,SKU-1005,FBA,512,132.4,False,67,False,0,
2025-08-30,SKU-1006,FBM,111,46.6,False,106,True,0,51.5
2025-08-30,SKU-1007,FBA,143,37.0,False,52,False,0,
2025-08-30,SKU-1008,FBA,253,65.4,False,39,False,0,
2025-08-30,SKU-1009,FBM,57,23.9,False,58,False,0,64.7
2025-08-30,SKU-1010,FBA,56,14.5,False,33,False,0,
2025-08-31,SKU-1001,FBA,47,12.2,False,74,False,0,
2025-08-31,SKU-1002,FBA,89,23.0,False,112,True,0,
2025-08-31,SKU-1003,FBA,222,57.4,False,60,False,0,
2025-08-31,SKU-1004,FBM,223,93.7,False,50,False,1,56.0
2025-08-31,SKU-1005,FBA,508,131.4,False,15,False,0,
2025-08-31,SKU-1006,FBM,109,45.8,False,73,False,0,68.2
2025-08-31,SKU-1007,FBA,139,35.9,False,85,False,0,
2025-08-31,SKU-1008,FBA,249,64.4,False,16,False,0,
2025-08-31,SKU-1009,FBM,55,23.1,False,93,True,0,91.9
2025-08-31,SKU-1010,FBA,52,13.4,False,75,False,0,
2025-09-01,SKU-1001,FBA,43,9.5,False,48,False,0,
2025-09-01,SKU-1002,FBA,85,18.7,False,124,True,0,
2025-09-01,SKU-1003,FBA,218,47.9,False,47,False,0,
2025-09-01,SKU-1004,FBM,220,78.6,False,30,False,0,58.2
2025-09-01,SKU-1005,FBA,503,110.5,False,85,False,0,
2025-09-01,SKU-1006,FBM,106,37.9,False,76,False,0,69.2
2025-09-01,SKU-1007,FBA,135,29.7,False,82,False,0,
2025-09-01,SKU-1008,FBA,245,53.8,False,49,False,0,
2025-09-01,SKU-1009,FBM,52,18.6,False,31,False,0,67.4
2025-09-01,SKU-1010,FBA,48,10.5,False,71,False,0,
2025-09-02,SKU-1001,FBA,38,8.4,False,24,False,0,
2025-09-02,SKU-1002,FBA,80,17.6,False,129,True,0,
2025-09-02,SKU-1003,FBA,213,46.8,False,70,False,1,
2025-09-02,SKU-1004,FBM,217,77.5,False,92,True,0,57.2
2025-09-02,SKU-1005,FBA,499,109.7,False,121,True,0,
2025-09-02,SKU-1006,FBM,103,36.8,False,93,True,0,55.7
2025-09-02,SKU-1007,FBA,130,28.6,False,2,False,0,
2025-09-02,SKU-1008,FBA,240,52.7,False,77,False,0,
2025-09-02,SKU-1009,FBM,49,17.5,False,44,False,0,67.8
2025-09-02,SKU-1010,FBA,43,9.5,False,36,False,0,
2025-09-03,SKU-1001,FBA,34,7.5,False,85,False,0,
2025-09-03,SKU-1002,FBA,76,16.7,False,126,True,0,
2025-09-03,SKU-1003,FBA,208,45.7,False,123,True,0,
2025-09-03,SKU-1004,FBM,214,76.4,False,87,False,0,71.5
2025-09-03,SKU-1005,FBA,494,108.6,False,118,True,0,
2025-09-03,SKU-1006,FBM,100,35.7,False,80,False,0,82.4
2025-09-03,SKU-1007,FBA,125,27.5,False,8,False,0,
2025-09-03,SKU-1008,FBA,236,51.9,False,16,False,0,
2025-09-03,SKU-1009,FBM,46,16.4,False,127,True,0,76.8
2025-09-03,SKU-1010,FBA,39,8.6,False,103,True,0,
2025-09-04,SKU-1001,FBA,29,6.4,False,75,False,0,
2025-09-04,SKU-1002,FBA,71,15.6,False,87,False,0,
2025-09-04,SKU-1003,FBA,204,44.8,False,104,True,0,
2025-09-04,SKU-1004,FBM,211,75.4,False,71,False,2,75.1
2025-09-04,SKU-1005,FBA,489,107.5,False,4,False,0,
2025-09-04,SKU-1006,FBM,97,34.6,False,97,True,0,43.2
2025-09-04,SKU-1007,FBA,121,26.6,False,80,False,0,
2025-09-04,SKU-1008,FBA,231,50.8,False,6,False,0,
2025-09-04,SKU-1009,FBM,367,131.1,False,37,False,0,69.1
2025-09-04,SKU-1010,FBA,34,7.5,False,103,True,0,
2025-09-05,SKU-1001,FBA,24,5.3,False,9,False,0,
2025-09-05,SKU-1002,FBA,66,14.5,False,88,False,0,
2025-09-05,SKU-1003,FBA,199,43.7,False,101,True,0,
2025-09-05,SKU-1004,FBM,209,74.6,False,13,False,0,64.0
2025-09-05,SKU-1005,FBA,485,106.6,False,112,True,0,
2025-09-05,SKU-1006,FBM,95,33.9,False,71,False,0,95.9
2025-09-05,SKU-1007,FBA,116,25.5,False,45,False,0,
2025-09-05,SKU-1008,FBA,0,0.0,True,45,False,0,
2025-09-05,SKU-1009,FBM,365,130.4,False,50,False,0,77.0
2025-09-05,SKU-1010,FBA,29,6.4,False,95,True,0,
2025-09-06,SKU-1001,FBA,20,4.4,False,59,False,0,
2025-09-06,SKU-1002,FBA,62,13.6,False,81,False,0,
2025-09-06,SKU-1003,FBA,195,42.9,False,43,False,0,
2025-09-06,SKU-1004,FBM,206,73.6,False,25,False,0,55.3
2025-09-06,SKU-1005,FBA,480,105.5,False,28,False,0,
2025-09-06,SKU-1006,FBM,92,32.9,False,78,False,0,72.8
2025-09-06,SKU-1007,FBA,112,24.6,False,15,False,0,
2025-09-06,SKU-1008,FBA,0,0.0,True,15,False,0,
2025-09-06,SKU-1009,FBM,362,129.3,False,38,False,0,83.6
2025-09-06,SKU-1010,FBA,25,5.5,False,95,True,0,
2025-09-07,SKU-1001,FBA,15,3.3,False,9,False,0,
2025-09-07,SKU-1002,FBA,57,12.5,False,51,False,0,
2025-09-07,SKU-1003,FBA,190,41.8,False,41,False,0,
2025-09-07,SKU-1004,FBM,203,72.5,False,18,False,0,84.5
2025-09-07,SKU-1005,FBA,476,104.6,False,55,False,0,
2025-09-07,SKU-1006,FBM,89,31.8,False,89,False,0,72.8
2025-09-07,SKU-1007,FBA,107,23.5,False,13,False,0,
2025-09-07,SKU-1008,FBA,0,0.0,True,115,True,0,
2025-09-07,SKU-1009,FBM,359,128.2,False,114,True,0,75.4
2025-09-07,SKU-1010,FBA,20,4.4,False,38,False,0,
2025-09-08,SKU-1001,FBA,11,2.4,False,63,False,0,
2025-09-08,SKU-1002,FBA,361,79.3,False,27,False,0,
2025-09-08,SKU-1003,FBA,186,40.9,False,9,False,0,
2025-09-08,SKU-1004,FBM,200,71.4,False,125,True,0,43.0
2025-09-08,SKU-1005,FBA,471,103.5,False,50,False,0,
2025-09-08,SKU-1006,FBM,86,30.7,False,72,False,0,74.1
2025-09-08,SKU-1007,FBA,103,22.6,False,100,True,0,
2025-09-08,SKU-1008,FBA,0,0.0,True,16,False,0,
2025-09-08,SKU-1009,FBM,356,127.1,False,47,False,0,59.5
2025-09-08,SKU-1010,FBA,16,3.5,False,116,True,0,
2025-09-09,SKU-1001,FBA,6,1.3,False,114,True,0,
2025-09-09,SKU-1002,FBA,356,78.2,False,95,True,0,
2025-09-09,SKU-1003,FBA,181,39.8,False,92,True,0,
2025-09-09,SKU-1004,FBM,197,70.4,False,16,False,0,75.8
2025-09-09,SKU-1005,FBA,467,102.6,False,43,False,1,
2025-09-09,SKU-1006,FBM,83,29.6,False,122,True,0,82.0
2025-09-09,SKU-1007,FBA,98,21.5,False,4,False,0,
2025-09-09,SKU-1008,FBA,0,0.0,True,112,True,0,
2025-09-09,SKU-1009,FBM,353,126.1,False,16,False,0,88.8
2025-09-09,SKU-1010,FBA,11,2.4,False,46,False,0,
2025-09-10,SKU-1001,FBA,2,0.4,False,1,False,0,
2025-09-10,SKU-1002,FBA,352,77.4,False,68,False,0,
2025-09-10,SKU-1003,FBA,177,38.9,False,99,True,0,
2025-09-10,SKU-1004,FBM,195,69.6,False,20,False,0,84.4
2025-09-10,SKU-1005,FBA,462,101.5,False,112,True,0,
2025-09-10,SKU-1006,FBM,81,28.9,False,90,False,1,55.6
2025-09-10,SKU-1007,FBA,94,20.7,False,107,True,0,
2025-09-10,SKU-1008,FBA,0,0.0,True,104,True,0,
2025-09-10,SKU-1009,FBM,351,125.4,False,125,True,0,62.7
2025-09-10,SKU-1010,FBA,7,1.5,False,124,True,0,
2025-09-11,SKU-1001,FBA,0,0.0,False,13,False,0,
2025-09-11,SKU-1002,FBA,347,76.3,False,106,True,0,
2025-09-11,SKU-1003,FBA,172,37.8,False,105,True,0,
2025-09-11,SKU-1004,FBM,192,68.6,False,114,True,0,61.7
2025-09-11,SKU-1005,FBA,458,100.7,False,77,False,1,
2025-09-11,SKU-1006,FBM,78,27.9,False,83,False,0,68.7
2025-09-11,SKU-1007,FBA,89,19.6,False,28,False,0,
2025-09-11,SKU-1008,FBA,0,0.0,True,123,True,0,
2025-09-11,SKU-1009,FBM,348,124.3,False,59,False,0,81.8
2025-09-11,SKU-1010,FBA,2,0.4,False,69,False,1,
2025-09-12,SKU-1001,FBA,0,0.0,False,35,False,0,
2025-09-12,SKU-1002,FBA,343,75.4,False,108,True,0,
2025-09-12,SKU-1003,FBA,168,36.9,False,89,False,1,
2025-09-12,SKU-1004,FBM,189,67.5,False,2,False,0,62.8
2025-09-12,SKU-1005,FBA,453,99.6,False,20,False,0,
2025-09-12,SKU-1006,FBM,75,26.8,False,53,False,0,83.8
2025-09-12,SKU-1007,FBA,85,18.7,False,29,False,0,
2025-09-12,SKU-1008,FBA,0,0.0,True,7,False,0,
2025-09-12,SKU-1009,FBM,345,123.2,False,91,True,2,43.5
2025-09-12,SKU-1010,FBA,0,0.0,False,23,False,0,
2025-09-13,SKU-1001,FBA,0,0.0,False,1,False,0,
2025-09-13,SKU-1002,FBA,338,74.3,False,112,True,0,
2025-09-13,SKU-1003,FBA,163,35.8,False,104,True,0,
2025-09-13,SKU-1004,FBM,186,66.4,False,13,False,0,85.1
2025-09-13,SKU-1005,FBA,449,98.7,False,68,False,0,
2025-09-13,SKU-1006,FBM,72,25.7,False,102,True,0,82.2
2025-09-13,SKU-1007,FBA,80,17.6,False,115,True,0,
2025-09-13,SKU-1008,FBA,0,0.0,True,97,True,0,
2025-09-13,SKU-1009,FBM,342,122.1,False,126,True,0,100.0
2025-09-13,SKU-1010,FBA,0,0.0,False,7,False,0,
2025-09-14,SKU-1001,FBA,0,0.0,False,31,False,0,
2025-09-14,SKU-1002,FBA,334,73.4,False,53,False,0,
2025-09-14,SKU-1003,FBA,158,34.7,False,3,False,0,
2025-09-14,SKU-1004,FBM,183,65.4,False,12,False,0,66.8
2025-09-14,SKU-1005,FBA,444,97.6,False,42,False,0,
2025-09-14,SKU-1006,FBM,69,24.6,False,109,True,0,64.3
2025-09-14,SKU-1007,FBA,75,16.5,False,52,False,0,
2025-09-14,SKU-1008,FBA,226,49.7,False,111,True,0,
2025-09-14,SKU-1009,FBM,339,121.1,False,10,False,0,62.0
2025-09-14,SKU-1010,FBA,0,0.0,False,104,True,0,
2025-09-15,SKU-1001,FBA,0,0.0,False,25,False,0,
2025-09-15,SKU-1002,FBA,329,72.3,False,117,True,0,
2025-09-15,SKU-1003,FBA,154,33.8,False,37,False,0,
2025-09-15,SKU-1004,FBM,181,64.6,False,127,True,0,65.4
2025-09-15,SKU-1005,FBA,439,96.5,False,9,False,0,
2025-09-15,SKU-1006,FBM,67,23.9,False,6,False,0,61.0
2025-09-15,SKU-1007,FBA,71,15.6,False,110,True,0,
2025-09-15,SKU-1008,FBA,222,48.8,False,106,True,0,
2025-09-15,SKU-1009,FBM,337,120.4,False,23,False,0,68.9
2025-09-15,SKU-1010,FBA,0,0.0,False,27,False,0,
2025-09-16,SKU-1001,FBA,0,0.0,False,109,True,0,
2025-09-16,SKU-1002,FBA,324,71.2,False,58,False,0,
2025-09-16,SKU-1003,FBA,149,32.7,False,83,False,0,
2025-09-16,SKU-1004,FBM,178,63.6,False,89,False,0,59.8
2025-09-16,SKU-1005,FBA,435,95.6,False,120,True,0,
2025-09-16,SKU-1006,FBM,64,22.9,False,70,False,0,76.2
2025-09-16,SKU-1007,FBA,66,14.5,False,1,False,0,
2025-09-16,SKU-1008,FBA,217,47.7,False,71,False,0,
2025-09-16,SKU-1009,FBM,334,119.3,False,125,True,0,66.9
2025-09-16,SKU-1010,FBA,0,0.0,False,62,False,0,
2025-09-17,SKU-1001,FBA,0,0.0,False,124,True,0,
2025-09-17,SKU-1002,FBA,320,70.3,False,72,False,0,
2025-09-17,SKU-1003,FBA,145,31.9,False,31,False,0,
2025-09-17,SKU-1004,FBM,175,62.5,False,73,False,0,72.7
2025-09-17,SKU-1005,FBA,430,94.5,False,84,False,0,
2025-09-17,SKU-1006,FBM,61,21.8,False,121,True,0,87.5
2025-09-17,SKU-1007,FBA,62,13.6,False,62,False,0,
2025-09-17,SKU-1008,FBA,213,46.8,False,54,False,0,
2025-09-17,SKU-1009,FBM,331,118.2,False,55,False,0,91.6
2025-09-17,SKU-1010,FBA,345,75.8,False,97,True,0,
2025-09-18,SKU-1001,FBA,0,0.0,False,5,False,0,
2025-09-18,SKU-1002,FBA,315,69.2,False,3,False,0,
2025-09-18,SKU-1003,FBA,140,30.8,False,1,False,0,
2025-09-18,SKU-1004,FBM,172,61.4,False,100,True,0,73.8
2025-09-18,SKU-1005,FBA,426,93.6,False,13,False,0,
2025-09-18,SKU-1006,FBM,431,153.9,False,17,False,0,97.5
2025-09-18,SKU-1007,FBA,57,12.5,False,15,False,0,
2025-09-18,SKU-1008,FBA,208,45.7,False,127,True,0,
2025-09-18,SKU-1009,FBM,328,117.1,False,54,False,0,79.4
2025-09-18,SKU-1010,FBA,340,74.7,False,80,False,0,
2025-09-19,SKU-1001,FBA,0,0.0,False,128,True,0,
2025-09-19,SKU-1002,FBA,311,68.4,False,38,False,0,
2025-09-19,SKU-1003,FBA,136,29.9,False,116,True,0,
2025-09-19,SKU-1004,FBM,169,60.4,False,83,False,0,31.8
2025-09-19,SKU-1005,FBA,421,92.5,False,112,True,0,
2025-09-19,SKU-1006,FBM,428,152.9,False,47,False,0,75.7
2025-09-19,SKU-1007,FBA,53,11.6,False,39,False,0,
2025-09-19,SKU-1008,FBA,204,44.8,False,19,False,0,
2025-09-19,SKU-1009,FBM,325,116.1,False,62,False,0,75.0
2025-09-19,SKU-1010,FBA,336,73.8,False,58,False,0,
2025-09-20,SKU-1001,FBA,458,100.7,False,92,True,0,
2025-09-20,SKU-1002,FBA,306,67.3,False,10,False,0,
2025-09-20,SKU-1003,FBA,131,28.8,False,66,False,0,
2025-09-20,SKU-1004,FBM,167,59.6,False,89,False,0,80.8
2025-09-20,SKU-1005,FBA,417,91.6,False,94,True,0,
2025-09-20,SKU-1006,FBM,426,152.1,False,98,True,0,82.5
2025-09-20,SKU-1007,FBA,48,10.5,False,115,True,0,
2025-09-20,SKU-1008,FBA,199,43.7,False,95,True,0,
2025-09-20,SKU-1009,FBM,323,115.4,False,117,True,0,59.1
2025-09-20,SKU-1010,FBA,331,72.7,False,29,False,0,
2025-09-21,SKU-1001,FBA,453,99.6,False,8,False,0,
2025-09-21,SKU-1002,FBA,302,66.4,False,24,False,0,
2025-09-21,SKU-1003,FBA,127,27.9,False,94,True,0,
2025-09-21,SKU-1004,FBM,164,58.6,False,127,True,0,83.6
2025-09-21,SKU-1005,FBA,412,90.5,False,3,False,0,
2025-09-21,SKU-1006,FBM,423,151.1,False,76,False,0,88.0
2025-09-21,SKU-1007,FBA,44,9.7,False,30,False,0,
2025-09-21,SKU-1008,FBA,195,42.9,False,85,False,0,
2025-09-21,SKU-1009,FBM,320,114.3,False,120,True,0,68.2
2025-09-21,SKU-1010,FBA,327,71.9,False,118,True,0,
2025-09-22,SKU-1001,FBA,449,98.7,False,63,False,0,
2025-09-22,SKU-1002,FBA,297,65.3,False,49,False,0,
2025-09-22,SKU-1003,FBA,122,26.8,False,78,False,0,
2025-09-22,SKU-1004,FBM,161,57.5,False,74,False,0,62.4
2025-09-22,SKU-1005,FBA,408,89.7,False,42,False,0,
2025-09-22,SKU-1006,FBM,420,150.0,False,117,True,0,54.8
2025-09-22,SKU-1007,FBA,39,8.6,False,107,True,0,
2025-09-22,SKU-1008,FBA,190,41.8,False,2,False,0,
2025-09-22,SKU-1009,FBM,317,113.2,False,84,False,0,89.1
2025-09-22,SKU-1010,FBA,322,70.8,False,78,False,0,
2025-09-23,SKU-1001,FBA,444,97.6,False,96,True,0,
2025-09-23,SKU-1002,FBA,293,64.4,False,96,True,0,
2025-09-23,SKU-1003,FBA,117,25.7,False,69,False,0,
2025-09-23,SKU-1004,FBM,158,56.4,False,41,False,1,100.0
2025-09-23,SKU-1005,FBA,403,88.6,False,8,False,0,
2025-09-23,SKU-1006,FBM,417,148.9,False,97,True,0,55.6
2025-09-23,SKU-1007,FBA,34,7.5,False,28,False,0,
2025-09-23,SKU-1008,FBA,186,40.9,False,120,True,0,
2025-09-23,SKU-1009,FBM,314,112.1,False,42,False,0,86.9
2025-09-23,SKU-1010,FBA,318,69.9,False,70,False,0,
2025-09-24,SKU-1001,FBA,440,96.7,False,99,True,0,
2025-09-24,SKU-1002,FBA,288,63.3,False,112,True,0,
2025-09-24,SKU-1003,FBA,113,24.8,False,102,True,0,
2025-09-24,SKU-1004,FBM,155,55.4,False,74,False,0,75.4
2025-09-24,SKU-1005,FBA,398,87.5,False,52,False,0,
2025-09-24,SKU-1006,FBM,414,147.9,False,129,True,0,48.1
2025-09-24,SKU-1007,FBA,30,6.6,False,100,True,0,
2025-09-24,SKU-1008,FBA,181,39.8,False,9,False,0,
2025-09-24,SKU-1009,FBM,311,111.1,False,80,False,0,66.9
2025-09-24,SKU-1010,FBA,313,68.8,False,77,False,0,
2025-09-25,SKU-1001,FBA,435,95.6,False,94,True,0,
2025-09-25,SKU-1002,FBA,283,62.2,False,54,False,0,
2025-09-25,SKU-1003,FBA,108,23.7,False,77,False,0,
2025-09-25,SKU-1004,FBM,153,54.6,False,67,False,0,73.9
2025-09-25,SKU-1005,FBA,394,86.6,False,106,True,0,
2025-09-25,SKU-1006,FBM,412,147.1,False,124,True,0,86.3
2025-09-25,SKU-1007,FBA,25,5.5,False,72,False,0,
2025-09-25,SKU-1008,FBA,176,38.7,False,57,False,0,
2025-09-25,SKU-1009,FBM,309,110.4,False,7,False,0,51.6
2025-09-25,SKU-1010,FBA,309,67.9,False,41,False,0,
2025-09-26,SKU-1001,FBA,431,94.7,False,77,False,0,
2025-09-26,SKU-1002,FBA,279,61.3,False,92,True,0,
2025-09-26,SKU-1003,FBA,104,22.9,False,56,False,0,
2025-09-26,SKU-1004,FBM,150,53.6,False,63,False,0,77.5
2025-09-26,SKU-1005,FBA,389,85.5,False,105,True,0,
2025-09-26,SKU-1006,FBM,409,146.1,False,14,False,0,46.6
2025-09-26,SKU-1007,FBA,21,4.6,False,114,True,0,
2025-09-26,SKU-1008,FBA,172,37.8,False,2,False,0,
2025-09-26,SKU-1009,FBM,306,109.3,False,21,False,0,55.8
2025-09-26,SKU-1010,FBA,304,66.8,False,101,True,0,
2025-09-27,SKU-1001,FBA,426,93.6,False,31,False,0,
2025-09-27,SKU-1002,FBA,274,60.2,False,63,False,0,
2025-09-27,SKU-1003,FBA,99,21.8,False,52,False,0,
2025-09-27,SKU-1004,FBM,147,52.5,False,72,False,0,85.7
2025-09-27,SKU-1005,FBA,385,84.6,False,21,False,0,
2025-09-27,SKU-1006,FBM,406,145.0,False,48,False,0,76.1
2025-09-27,SKU-1007,FBA,16,3.5,False,83,False,0,
2025-09-27,SKU-1008,FBA,167,36.7,False,87,False,0,
2025-09-27,SKU-1009,FBM,303,108.2,False,82,False,0,88.8
2025-09-27,SKU-1010,FBA,299,65.7,False,5,False,0,
2025-09-28,SKU-1001,FBA,422,92.7,False,83,False,0,
2025-09-28,SKU-1002,FBA,270,59.3,False,80,False,0,
2025-09-28,SKU-1003,FBA,95,20.9,False,107,True,0,
2025-09-28,SKU-1004,FBM,144,51.4,False,16,False,0,64.7
2025-09-28,SKU-1005,FBA,380,83.5,False,106,True,0,
2025-09-28,SKU-1006,FBM,403,143.9,False,106,True,0,78.0
2025-09-28,SKU-1007,FBA,12,2.6,False,114,True,0,
2025-09-28,SKU-1008,FBA,163,35.8,False,63,False,0,
2025-09-28,SKU-1009,FBM,300,107.1,False,27,False,0,52.3
2025-09-28,SKU-1010,FBA,295,64.8,False,87,False,0,
2025-09-29,SKU-1001,FBA,417,91.6,False,85,False,0,
2025-09-29,SKU-1002,FBA,265,58.2,False,52,False,0,
2025-09-29,SKU-1003,FBA,90,19.8,False,71,False,0,
2025-09-29,SKU-1004,FBM,141,50.4,False,127,True,0,64.3
2025-09-29,SKU-1005,FBA,376,82.6,False,8,False,0,
2025-09-29,SKU-1006,FBM,400,142.9,False,81,False,0,73.5
2025-09-29,SKU-1007,FBA,7,1.5,False,107,True,0,
2025-09-29,SKU-1008,FBA,158,34.7,False,57,False,0,
2025-09-29,SKU-1009,FBM,297,106.1,False,104,True,0,78.4
2025-09-29,SKU-1010,FBA,290,63.7,False,14,False,0,
2025-09-30,SKU-1001,FBA,412,90.5,False,54,False,0,
2025-09-30,SKU-1002,FBA,261,57.4,False,81,False,0,
2025-09-30,SKU-1003,FBA,86,18.9,False,105,True,0,
2025-09-30,SKU-1004,FBM,139,49.6,False,79,False,0,49.5
2025-09-30,SKU-1005,FBA,371,81.5,False,55,False,0,
2025-09-30,SKU-1006,FBM,398,142.1,False,61,False,0,72.8
2025-09-30,SKU-1007,FBA,3,0.7,False,56,False,0,
2025-09-30,SKU-1008,FBA,154,33.8,False,110,True,0,
2025-09-30,SKU-1009,FBM,295,105.4,False,112,True,0,74.7
2025-09-30,SKU-1010,FBA,286,62.9,False,80,False,0,
2025-10-01,SKU-1001,FBA,408,89.7,False,96,True,0,
2025-10-01,SKU-1002,FBA,256,56.3,False,122,True,0,
2025-10-01,SKU-1003,FBA,81,17.8,False,97,True,0,
2025-10-01,SKU-1004,FBM,136,48.6,False,118,True,0,89.0
2025-10-01,SKU-1005,FBA,367,80.7,False,48,False,0,
2025-10-01,SKU-1006,FBM,395,141.1,False,102,True,0,58.3
2025-10-01,SKU-1007,FBA,0,0.0,False,47,False,0,
2025-10-01,SKU-1008,FBA,149,32.7,False,71,False,0,
2025-10-01,SKU-1009,FBM,292,104.3,False,129,True,0,72.4
2025-10-01,SKU-1010,FBA,281,61.8,False,6,False,0,
2025-10-02,SKU-1001,FBA,403,88.6,False,123,True,0,
2025-10-02,SKU-1002,FBA,252,55.4,False,6,False,0,
2025-10-02,SKU-1003,FBA,77,16.9,False,23,False,0,
2025-10-02,SKU-1004,FBM,133,47.5,False,73,False,0,62.6
2025-10-02,SKU-1005,FBA,362,79.6,False,10,False,0,
2025-10-02,SKU-1006,FBM,392,140.0,False,27,False,0,80.8
2025-10-02,SKU-1007,FBA,0,0.0,False,79,False,0,
2025-10-02,SKU-1008,FBA,145,31.9,False,79,False,0,
2025-10-02,SKU-1009,FBM,289,103.2,False,72,False,0,83.6
2025-10-02,SKU-1010,FBA,277,60.9,False,25,False,0,
2025-10-03,SKU-1001,FBA,399,87.7,False,113,True,0,
2025-10-03,SKU-1002,FBA,247,54.3,False,123,True,0,
2025-10-03,SKU-1003,FBA,72,15.8,False,119,True,0,
2025-10-03,SKU-1004,FBM,130,46.4,False,126,True,0,64.5
2025-10-03,SKU-1005,FBA,358,78.7,False,18,False,0,
2025-10-03,SKU-1006,FBM,389,138.9,False,117,True,0,75.7
2025-10-03,SKU-1007,FBA,442,97.1,False,86,False,0,
2025-10-03,SKU-1008,FBA,140,30.8,False,104,True,0,
2025-10-03,SKU-1009,FBM,286,102.1,False,85,False,0,81.4
2025-10-03,SKU-1010,FBA,272,59.8,False,107,True,0,
2025-10-04,SKU-1001,FBA,394,86.6,False,84,False,0,
2025-10-04,SKU-1002,FBA,243,53.4,False,121,True,0,
2025-10-04,SKU-1003,FBA,67,14.7,False,76,False,0,
2025-10-04,SKU-1004,FBM,127,45.4,False,101,True,0,61.9
2025-10-04,SKU-1005,FBA,353,77.6,False,77,False,0,
2025-10-04,SKU-1006,FBM,386,137.9,False,28,False,0,83.8
2025-10-04,SKU-1007,FBA,437,96.0,False,90,False,0,
2025-10-04,SKU-1008,FBA,135,29.7,False,107,True,0,
2025-10-04,SKU-1009,FBM,283,101.1,False,61,False,0,76.0
2025-10-04,SKU-1010,FBA,268,58.9,False,101,True,0,
2025-10-05,SKU-1001,FBA,390,85.7,False,9,False,0,
2025-10-05,SKU-1002,FBA,238,52.3,False,37,False,0,
2025-10-05,SKU-1003,FBA,63,13.8,False,34,False,0,
2025-10-05,SKU-1004,FBM,125,44.6,False,20,False,0,84.0
2025-10-05,SKU-1005,FBA,348,76.5,False,88,False,0,
2025-10-05,SKU-1006,FBM,384,137.1,False,20,False,0,68.0
2025-10-05,SKU-1007,FBA,433,95.2,False,68,False,0,
2025-10-05,SKU-1008,FBA,131,28.8,False,31,False,0,
2025-10-05,SKU-1009,FBM,281,100.4,False,3,False,0,39.8
2025-10-05,SKU-1010,FBA,263,57.8,False,126,True,0,
2025-10-06,SKU-1001,FBA,385,84.6,False,120,True,0,
2025-10-06,SKU-1002,FBA,233,51.2,False,89,False,0,
2025-10-06,SKU-1003,FBA,58,12.7,False,123,True,0,
2025-10-06,SKU-1004,FBM,122,43.6,False,24,False,0,74.2
2025-10-06,SKU-1005,FBA,344,75.6,False,107,True,1,
2025-10-06,SKU-1006,FBM,381,136.1,False,87,False,0,62.2
2025-10-06,SKU-1007,FBA,428,94.1,False,117,True,0,
2025-10-06,SKU-1008,FBA,126,27.7,False,8,False,0,
2025-10-06,SKU-1009,FBM,278,99.3,False,106,True,0,58.6
2025-10-06,SKU-1010,FBA,258,56.7,False,26,False,0,
2025-10-07,SKU-1001,FBA,381,83.7,False,14,False,0,
2025-10-07,SKU-1002,FBA,229,50.3,False,122,True,0,
2025-10-07,SKU-1003,FBA,54,11.9,False,72,False,0,
2025-10-07,SKU-1004,FBM,119,42.5,False,52,False,0,89.0
2025-10-07,SKU-1005,FBA,339,74.5,False,83,False,0,
2025-10-07,SKU-1006,FBM,378,135.0,False,25,False,0,70.1
2025-10-07,SKU-1007,FBA,424,93.2,False,71,False,0,
2025-10-07,SKU-1008,FBA,122,26.8,False,71,False,0,
2025-10-07,SKU-1009,FBM,275,98.2,False,46,False,0,43.9
2025-10-07,SKU-1010,FBA,254,55.8,False,13,False,0,
2025-10-08,SKU-1001,FBA,376,82.6,False,16,False,0,
2025-10-08,SKU-1002,FBA,224,49.2,False,2,False,0,
2025-10-08,SKU-1003,FBA,49,10.8,False,32,False,0,
2025-10-08,SKU-1004,FBM,116,41.4,False,27,False,0,91.2
2025-10-08,SKU-1005,FBA,335,73.6,False,102,True,0,
2025-10-08,SKU-1006,FBM,375,133.9,False,56,False,0,85.1
2025-10-08,SKU-1007,FBA,419,92.1,False,62,False,0,
2025-10-08,SKU-1008,FBA,117,25.7,False,57,False,0,
2025-10-08,SKU-1009,FBM,272,97.1,False,47,False,0,54.7
2025-10-08,SKU-1010,FBA,249,54.7,False,9,False,0,
2025-10-09,SKU-1001,FBA,371,81.5,False,121,True,0,
2025-10-09,SKU-1002,FBA,220,48.4,False,77,False,0,
2025-10-09,SKU-1003,FBA,45,9.9,False,5,False,0,
2025-10-09,SKU-1004,FBM,113,40.4,False,44,False,0,76.3
2025-10-09,SKU-1005,FBA,330,72.5,False,24,False,0,
2025-10-09,SKU-1006,FBM,372,132.9,False,88,False,0,77.6
2025-10-09,SKU-1007,FBA,415,91.2,False,6,False,0,
2025-10-09,SKU-1008,FBA,113,24.8,False,18,False,0,
2025-10-09,SKU-1009,FBM,269,96.1,False,78,False,0,42.8
2025-10-09,SKU-1010,FBA,245,53.8,False,68,False,0,
2025-10-10,SKU-1001,FBA,367,80.7,False,70,False,0,
2025-10-10,SKU-1002,FBA,215,47.3,False,78,False,0,
2025-10-10,SKU-1003,FBA,40,8.8,False,5,False,2,
2025-10-10,SKU-1004,FBM,111,39.6,False,100,True,0,88.6
2025-10-10,SKU-1005,FBA,326,71.6,False,67,False,0,
2025-10-10,SKU-1006,FBM,370,132.1,False,18,False,0,60.7
2025-10-10,SKU-1007,FBA,410,90.1,False,14,False,0,
2025-10-10,SKU-1008,FBA,108,23.7,False,115,True,0,
2025-10-10,SKU-1009,FBM,267,95.4,False,11,False,0,43.3
2025-10-10,SKU-1010,FBA,240,52.7,False,78,False,0,
2025-10-11,SKU-1001,FBA,362,79.6,False,16,False,0,
2025-10-11,SKU-1002,FBA,211,46.4,False,63,False,0,
2025-10-11,SKU-1003,FBA,36,7.9,False,104,True,0,
2025-10-11,SKU-1004,FBM,108,38.6,False,28,False,0,96.2
2025-10-11,SKU-1005,FBA,321,70.5,False,13,False,0,
2025-10-11,SKU-1006,FBM,367,131.1,False,28,False,0,67.4
2025-10-11,SKU-1007,FBA,406,89.2,False,6,False,0,
2025-10-11,SKU-1008,FBA,104,22.9,False,51,False,0,
2025-10-11,SKU-1009,FBM,264,94.3,False,119,True,0,81.4
2025-10-11,SKU-1010,FBA,236,51.9,False,93,True,0,
2025-10-12,SKU-1001,FBA,358,78.7,False,48,False,0,
2025-10-12,SKU-1002,FBA,206,45.3,False,43,False,0,
2025-10-12,SKU-1003,FBA,31,6.8,False,74,False,0,
2025-10-12,SKU-1004,FBM,105,37.5,False,104,True,0,67.0
2025-10-12,SKU-1005,FBA,317,69.7,False,115,True,0,
2025-10-12,SKU-1006,FBM,364,130.0,False,114,True,0,59.3
2025-10-12,SKU-1007,FBA,401,88.1,False,65,False,0,
2025-10-12,SKU-1008,FBA,99,21.8,False,108,True,1,
2025-10-12,SKU-1009,FBM,261,93.2,False,46,False,0,66.8
2025-10-12,SKU-1010,FBA,231,50.8,False,61,False,0,
2025-10-13,SKU-1001,FBA,353,77.6,False,105,True,0,
2025-10-13,SKU-1002,FBA,202,44.4,False,39,False,0,
2025-10-13,SKU-1003,FBA,26,5.7,False,24,False,0,
2025-10-13,SKU-1004,FBM,102,36.4,False,73,False,0,99.6
2025-10-13,SKU-1005,FBA,312,68.6,False,123,True,0,
2025-10-13,SKU-1006,FBM,361,128.9,False,58,False,0,57.3
2025-10-13,SKU-1007,FBA,396,87.0,False,4,False,0,
2025-10-13,SKU-1008,FBA,95,20.9,False,108,True,0,
2025-10-13,SKU-1009,FBM,258,92.1,False,23,False,0,77.9
2025-10-13,SKU-1010,FBA,227,49.9,False,110,True,0,
2025-10-14,SKU-1001,FBA,349,76.7,False,119,True,0,
2025-10-14,SKU-1002,FBA,197,43.3,False,107,True,0,
2025-10-14,SKU-1003,FBA,22,4.8,False,11,False,0,
2025-10-14,SKU-1004,FBM,99,35.4,False,63,False,0,78.9
2025-10-14,SKU-1005,FBA,307,67.5,False,25,False,0,
2025-10-14,SKU-1006,FBM,358,127.9,False,75,False,0,91.9
2025-10-14,SKU-1007,FBA,392,86.2,False,95,True,0,
2025-10-14,SKU-1008,FBA,90,19.8,False,114,True,0,
2025-10-14,SKU-1009,FBM,255,91.1,False,27,False,0,90.4
2025-10-14,SKU-1010,FBA,222,48.8,False,76,False,0,
2025-10-15,SKU-1001,FBA,344,75.6,False,111,True,0,
2025-10-15,SKU-1002,FBA,192,42.2,False,94,True,0,
2025-10-15,SKU-1003,FBA,17,3.7,False,91,True,0,
2025-10-15,SKU-1004,FBM,97,34.6,False,88,False,0,57.5
2025-10-15,SKU-1005,FBA,303,66.6,False,51,False,0,
2025-10-15,SKU-1006,FBM,356,127.1,False,37,False,0,64.3
2025-10-15,SKU-1007,FBA,387,85.1,False,51,False,0,
2025-10-15,SKU-1008,FBA,85,18.7,False,66,False,0,
2025-10-15,SKU-1009,FBM,253,90.4,False,127,True,0,74.2
2025-10-15,SKU-1010,FBA,218,47.9,False,92,True,0,
2025-10-16,SKU-1001,FBA,340,74.7,False,90,False,0,
2025-10-16,SKU-1002,FBA,188,41.3,False,127,True,0,
2025-10-16,SKU-1003,FBA,13,2.9,False,61,False,0,
2025-10-16,SKU-1004,FBM,94,33.6,False,34,False,0,78.1
2025-10-16,SKU-1005,FBA,298,65.5,False,123,True,0,
2025-10-16,SKU-1006,FBM,353,126.1,False,52,False,0,61.6
2025-10-16,SKU-1007,FBA,383,84.2,False,97,True,0,
2025-10-16,SKU-1008,FBA,81,17.8,False,47,False,1,
2025-10-16,SKU-1009,FBM,250,89.3,False,80,False,0,80.3
2025-10-16,SKU-1010,FBA,213,46.8,False,73,False,0,
2025-10-17,SKU-1001,FBA,335,73.6,False,84,False,0,
2025-10-17,SKU-1002,FBA,183,40.2,False,129,True,0,
2025-10-17,SKU-1003,FBA,8,1.8,False,85,False,1,
2025-10-17,SKU-1004,FBM,91,32.5,False,103,True,0,87.6
2025-10-17,SKU-1005,FBA,294,64.6,False,99,True,0,
2025-10-17,SKU-1006,FBM,350,125.0,False,41,False,0,74.3
2025-10-17,SKU-1007,FBA,378,83.1,False,69,False,0,
2025-10-17,SKU-1008,FBA,76,16.7,False,24,False,0,
2025-10-17,SKU-1009,FBM,247,88.2,False,14,False,0,80.8
2025-10-17,SKU-1010,FBA,208,45.7,False,13,False,0,
2025-10-18,SKU-1001,FBA,331,72.7,False,95,True,0,
2025-10-18,SKU-1002,FBA,179,39.3,False,97,True,0,
2025-10-18,SKU-1003,FBA,4,0.9,False,80,False,0,
2025-10-18,SKU-1004,FBM,88,31.4,False,62,False,0,82.5
2025-10-18,SKU-1005,FBA,289,63.5,False,76,False,0,
2025-10-18,SKU-1006,FBM,347,123.9,False,108,True,0,59.9
2025-10-18,SKU-1007,FBA,374,82.2,False,102,True,0,
2025-10-18,SKU-1008,FBA,72,15.8,False,28,False,1,
2025-10-18,SKU-1009,FBM,244,87.1,False,79,False,0,59.9
2025-10-18,SKU-1010,FBA,204,44.8,False,29,False,2,
2025-10-19,SKU-1001,FBA,326,71.6,False,19,False,0,
2025-10-19,SKU-1002,FBA,174,38.2,False,85,False,0,
2025-10-19,SKU-1003,FBA,0,0.0,False,6,False,0,
2025-10-19,SKU-1004,FBM,85,30.4,False,40,False,0,97.3
2025-10-19,SKU-1005,FBA,285,62.6,False,34,False,0,
2025-10-19,SKU-1006,FBM,344,122.9,False,75,False,0,56.3
2025-10-19,SKU-1007,FBA,369,81.1,False,46,False,0,
2025-10-19,SKU-1008,FBA,67,14.7,False,35,False,0,
2025-10-19,SKU-1009,FBM,241,86.1,False,93,True,0,35.1
2025-10-19,SKU-1010,FBA,199,43.7,False,35,False,0,
2025-10-20,SKU-1001,FBA,321,70.5,False,48,False,0,
2025-10-20,SKU-1002,FBA,170,37.4,False,129,True,0,
2025-10-20,SKU-1003,FBA,0,0.0,False,28,False,0,
2025-10-20,SKU-1004,FBM,83,29.6,False,55,False,0,37.6
2025-10-20,SKU-1005,FBA,280,61.5,False,54,False,0,
2025-10-20,SKU-1006,FBM,342,122.1,False,62,False,0,60.8
2025-10-20,SKU-1007,FBA,365,80.2,False,122,True,0,
2025-10-20,SKU-1008,FBA,63,13.8,False,68,False,0,
2025-10-20,SKU-1009,FBM,239,85.4,False,70,False,0,73.3
2025-10-20,SKU-1010,FBA,195,42.9,False,104,True,0,
2025-10-21,SKU-1001,FBA,317,69.7,False,79,False,0,
2025-10-21,SKU-1002,FBA,165,36.3,False,65,False,0,
2025-10-21,SKU-1003,FBA,0,0.0,False,63,False,0,
2025-10-21,SKU-1004,FBM,80,28.6,False,20,False,0,76.8
2025-10-21,SKU-1005,FBA,276,60.7,False,35,False,0,
2025-10-21,SKU-1006,FBM,339,121.1,False,57,False,0,75.7
2025-10-21,SKU-1007,FBA,360,79.1,False,113,True,0,
2025-10-21,SKU-1008,FBA,58,12.7,False,10,False,0,
2025-10-21,SKU-1009,FBM,236,84.3,False,107,True,0,60.9
2025-10-21,SKU-1010,FBA,190,41.8,False,109,True,0,
2025-10-22,SKU-1001,FBA,312,68.6,False,25,False,0,
2025-10-22,SKU-1002,FBA,161,35.4,False,15,False,0,
2025-10-22,SKU-1003,FBA,0,0.0,False,17,False,0,
2025-10-22,SKU-1004,FBM,77,27.5,False,1,False,0,76.7
2025-10-22,SKU-1005,FBA,271,59.6,False,127,True,0,
2025-10-22,SKU-1006,FBM,336,120.0,False,120,True,0,65.8
2025-10-22,SKU-1007,FBA,355,78.0,False,120,True,0,
2025-10-22,SKU-1008,FBA,54,11.9,False,104,True,0,
2025-10-22,SKU-1009,FBM,233,83.2,False,3,False,0,72.8
2025-10-22,SKU-1010,FBA,186,40.9,False,63,False,0,
2025-10-23,SKU-1001,FBA,308,67.7,False,23,False,0,
2025-10-23,SKU-1002,FBA,156,34.3,False,61,False,0,
2025-10-23,SKU-1003,FBA,0,0.0,False,31,False,0,
2025-10-23,SKU-1004,FBM,74,26.4,False,28,False,0,86.0
2025-10-23,SKU-1005,FBA,267,58.7,False,1,False,0,
2025-10-23,SKU-1006,FBM,333,118.9,False,91,True,0,91.4
2025-10-23,SKU-1007,FBA,351,77.1,False,124,True,0,
2025-10-23,SKU-1008,FBA,49,10.8,False,10,False,0,
2025-10-23,SKU-1009,FBM,230,82.1,False,49,False,0,79.9
2025-10-23,SKU-1010,FBA,181,39.8,False,127,True,0,
2025-10-24,SKU-1001,FBA,303,66.6,False,126,True,0,
2025-10-24,SKU-1002,FBA,152,33.4,False,63,False,0,
2025-10-24,SKU-1003,FBA,0,0.0,False,60,False,0,
2025-10-24,SKU-1004,FBM,71,25.4,False,75,False,0,61.0
2025-10-24,SKU-1005,FBA,262,57.6,False,34,False,0,
2025-10-24,SKU-1006,FBM,330,117.9,False,87,False,0,52.3
2025-10-24,SKU-1007,FBA,346,76.0,False,74,False,0,
2025-10-24,SKU-1008,FBA,391,85.9,False,36,False,0,
2025-10-24,SKU-1009,FBM,227,81.1,False,128,True,0,81.2
2025-10-24,SKU-1010,FBA,177,38.9,False,91,True,0,
2025-10-25,SKU-1001,FBA,299,65.7,False,4,False,0,
2025-10-25,SKU-1002,FBA,147,32.3,False,4,False,0,
2025-10-25,SKU-1003,FBA,444,97.6,False,115,True,0,
2025-10-25,SKU-1004,FBM,69,24.6,False,18,False,1,90.4
2025-10-25,SKU-1005,FBA,257,56.5,False,1,False,0,
2025-10-25,SKU-1006,FBM,328,117.1,False,98,True,0,73.3
2025-10-25,SKU-1007,FBA,342,75.2,False,100,True,0,
2025-10-25,SKU-1008,FBA,387,85.1,False,34,False,0,
2025-10-25,SKU-1009,FBM,225,80.4,False,79,False,0,70.0
2025-10-25,SKU-1010,FBA,172,37.8,False,117,True,0,
2025-10-26,SKU-1001,FBA,294,64.6,False,61,False,0,
2025-10-26,SKU-1002,FBA,142,31.2,False,56,False,0,
2025-10-26,SKU-1003,FBA,439,96.5,False,71,False,0,
2025-10-26,SKU-1004,FBM,66,23.6,False,52,False,0,71.5
2025-10-26,SKU-1005,FBA,253,55.6,False,106,True,0,
2025-10-26,SKU-1006,FBM,325,116.1,False,104,True,0,73.4
2025-10-26,SKU-1007,FBA,337,74.1,False,57,False,0,
2025-10-26,SKU-1008,FBA,382,84.0,False,70,False,0,
2025-10-26,SKU-1009,FBM,222,79.3,False,94,True,0,69.3
2025-10-26,SKU-1010,FBA,167,36.7,False,56,False,0,
2025-10-27,SKU-1001,FBA,290,63.7,False,128,True,0,
2025-10-27,SKU-1002,FBA,138,30.3,False,82,False,0,
2025-10-27,SKU-1003,FBA,435,95.6,False,23,False,0,
2025-10-27,SKU-1004,FBM,63,22.5,False,11,False,0,54.6
2025-10-27,SKU-1005,FBA,248,54.5,False,128,True,1,
2025-10-27,SKU-1006,FBM,322,115.0,False,32,False,0,72.9
2025-10-27,SKU-1007,FBA,333,73.2,False,31,False,0,
2025-10-27,SKU-1008,FBA,378,83.1,False,82,False,0,
2025-10-27,SKU-1009,FBM,219,78.2,False,27,False,0,84.7
2025-10-27,SKU-1010,FBA,163,35.8,False,126,True,0,
2025-10-28,SKU-1001,FBA,285,62.6,False,73,False,0,
2025-10-28,SKU-1002,FBA,133,29.2,False,49,False,0,
2025-10-28,SKU-1003,FBA,430,94.5,False,78,False,0,
2025-10-28,SKU-1004,FBM,60,21.4,False,75,False,0,65.5
2025-10-28,SKU-1005,FBA,244,53.6,False,1,False,0,
2025-10-28,SKU-1006,FBM,319,113.9,False,87,False,0,66.7
2025-10-28,SKU-1007,FBA,328,72.1,False,14,False,0,
2025-10-28,SKU-1008,FBA,373,82.0,False,46,False,0,
2025-10-28,SKU-1009,FBM,216,77.1,False,35,False,0,88.2
2025-10-28,SKU-1010,FBA,158,34.7,False,100,True,0,
2025-10-29,SKU-1001,FBA,280,61.5,False,92,True,0,
2025-10-29,SKU-1002,FBA,129,28.4,False,89,False,0,
2025-10-29,SKU-1003,FBA,426,93.6,False,12,False,0,
2025-10-29,SKU-1004,FBM,57,20.4,False,116,True,0,54.1
2025-10-29,SKU-1005,FBA,239,52.5,False,118,True,0,
2025-10-29,SKU-1006,FBM,316,112.9,False,123,True,0,74.7
2025-10-29,SKU-1007,FBA,324,71.2,False,95,True,0,
2025-10-29,SKU-1008,FBA,369,81.1,False,40,False,0,
2025-10-29,SKU-1009,FBM,213,76.1,False,30,False,0,72.5
2025-10-29,SKU-1010,FBA,154,33.8,False,113,True,0,
2025-10-30,SKU-1001,FBA,276,60.7,False,123,True,0,
2025-10-30,SKU-1002,FBA,124,27.3,False,78,False,0,
2025-10-30,SKU-1003,FBA,421,92.5,False,97,True,0,
2025-10-30,SKU-1004,FBM,55,19.6,False,20,False,0,67.6
2025-10-30,SKU-1005,FBA,235,51.6,False,126,True,0,
2025-10-30,SKU-1006,FBM,314,112.1,False,113,True,0,98.6
2025-10-30,SKU-1007,FBA,319,70.1,False,89,False,0,
2025-10-30,SKU-1008,FBA,364,80.0,False,42,False,0,
2025-10-30,SKU-1009,FBM,211,75.4,False,83,False,0,56.6
2025-10-30,SKU-1010,FBA,149,32.7,False,56,False,0,
2025-10-31,SKU-1001,FBA,271,59.6,False,88,False,0,
2025-10-31,SKU-1002,FBA,120,26.4,False,51,False,0,
2025-10-31,SKU-1003,FBA,417,91.6,False,91,True,0,
2025-10-31,SKU-1004,FBM,52,18.6,False,13,False,0,97.3
2025-10-31,SKU-1005,FBA,230,50.5,False,56,False,0,
2025-10-31,SKU-1006,FBM,311,111.1,False,114,True,0,79.8
2025-10-31,SKU-1007,FBA,315,69.2,False,103,True,0,
2025-10-31,SKU-1008,FBA,360,79.1,False,4,False,0,
2025-10-31,SKU-1009,FBM,208,74.3,False,42,False,0,78.8
2025-10-31,SKU-1010,FBA,145,31.9,False,52,False,0,
2025-11-01,SKU-1001,FBA,265,44.8,False,89,False,0,
2025-11-01,SKU-1002,FBA,114,19.3,False,69,False,0,
2025-11-01,SKU-1003,FBA,411,69.5,False,43,False,0,
2025-11-01,SKU-1004,FBM,48,13.2,False,75,False,0,77.5
2025-11-01,SKU-1005,FBA,224,37.9,False,38,False,0,
2025-11-01,SKU-1006,FBM,307,84.3,False,127,True,0,88.8
2025-11-01,SKU-1007,FBA,309,52.2,False,99,True,0,
2025-11-01,SKU-1008,FBA,354,59.8,False,63,False,0,
2025-11-01,SKU-1009,FBM,204,56.0,False,38,False,0,43.1
2025-11-01,SKU-1010,FBA,139,23.5,False,61,False,0,
2025-11-02,SKU-1001,FBA,260,44.0,False,112,True,0,
2025-11-02,SKU-1002,FBA,108,18.3,False,64,False,0,
2025-11-02,SKU-1003,FBA,405,68.5,False,59,False,0,
2025-11-02,SKU-1004,FBM,44,12.1,False,61,False,0,71.0
2025-11-02,SKU-1005,FBA,218,36.9,False,93,True,0,
2025-11-02,SKU-1006,FBM,303,83.2,False,102,True,0,98.2
2025-11-02,SKU-1007,FBA,303,51.2,False,108,True,0,
2025-11-02,SKU-1008,FBA,348,58.8,False,52,False,0,
2025-11-02,SKU-1009,FBM,200,54.9,False,111,True,0,39.1
2025-11-02,SKU-1010,FBA,133,22.5,False,15,False,0,
2025-11-03,SKU-1001,FBA,254,42.9,False,23,False,0,
2025-11-03,SKU-1002,FBA,102,17.2,False,100,True,0,
2025-11-03,SKU-1003,FBA,399,67.5,False,91,True,0,
2025-11-03,SKU-1004,FBM,41,11.3,False,23,False,0,62.4
2025-11-03,SKU-1005,FBA,212,35.8,False,79,False,0,
2025-11-03,SKU-1006,FBM,300,82.4,False,86,False,0,86.8
2025-11-03,SKU-1007,FBA,297,50.2,False,9,False,0,
2025-11-03,SKU-1008,FBA,342,57.8,False,124,True,0,
2025-11-03,SKU-1009,FBM,197,54.1,False,129,True,0,70.0
2025-11-03,SKU-1010,FBA,127,21.5,False,38,False,0,
2025-11-04,SKU-1001,FBA,248,41.9,False,15,False,0,
2025-11-04,SKU-1002,FBA,96,16.2,False,5,False,0,
2025-11-04,SKU-1003,FBA,393,66.4,False,55,False,0,
2025-11-04,SKU-1004,FBM,37,10.2,False,44,False,0,68.8
2025-11-04,SKU-1005,FBA,206,34.8,False,94,True,0,
2025-11-04,SKU-1006,FBM,296,81.3,False,59,False,0,100.0
2025-11-04,SKU-1007,FBA,291,49.2,False,55,False,0,
2025-11-04,SKU-1008,FBA,336,56.8,False,71,False,0,
2025-11-04,SKU-1009,FBM,193,53.0,False,16,False,0,75.0
2025-11-04,SKU-1010,FBA,121,20.5,False,14,False,0,
2025-11-05,SKU-1001,FBA,242,40.9,False,72,False,0,
2025-11-05,SKU-1002,FBA,90,15.2,False,2,False,0,
2025-11-05,SKU-1003,FBA,387,65.4,False,60,False,0,
2025-11-05,SKU-1004,FBM,34,9.3,False,55,False,1,79.5
2025-11-05,SKU-1005,FBA,201,34.0,False,124,True,0,
2025-11-05,SKU-1006,FBM,293,80.5,False,64,False,0,90.2
2025-11-05,SKU-1007,FBA,285,48.2,False,70,False,0,
2025-11-05,SKU-1008,FBA,330,55.8,False,76,False,1,
2025-11-05,SKU-1009,FBM,190,52.2,False,50,False,0,80.5
2025-11-05,SKU-1010,FBA,115,19.4,False,22,False,0,
2025-11-06,SKU-1001,FBA,236,39.9,False,98,True,0,
2025-11-06,SKU-1002,FBA,84,14.2,False,14,False,0,
2025-11-06,SKU-1003,FBA,381,64.4,False,94,True,0,
2025-11-06,SKU-1004,FBM,30,8.2,False,93,True,0,76.0
2025-11-06,SKU-1005,FBA,195,33.0,False,78,False,0,
2025-11-06,SKU-1006,FBM,289,79.4,False,106,True,0,86.1
2025-11-06,SKU-1007,FBA,279,47.2,False,62,False,0,
2025-11-06,SKU-1008,FBA,324,54.8,False,118,True,0,
2025-11-06,SKU-1009,FBM,186,51.1,False,59,False,0,74.6
2025-11-06,SKU-1010,FBA,109,18.4,False,123,True,0,
2025-11-07,SKU-1001,FBA,230,38.9,False,121,True,0,
2025-11-07,SKU-1002,FBA,78,13.2,False,99,True,0,
2025-11-07,SKU-1003,FBA,375,63.4,False,53,False,0,
2025-11-07,SKU-1004,FBM,26,7.1,False,23,False,0,90.3
2025-11-07,SKU-1005,FBA,189,32.0,False,57,False,0,
2025-11-07,SKU-1006,FBM,285,78.3,False,71,False,0,52.7
2025-11-07,SKU-1007,FBA,273,46.2,False,57,False,0,
2025-11-07,SKU-1008,FBA,318,53.8,False,127,True,0,
2025-11-07,SKU-1009,FBM,182,50.0,False,78,False,0,85.9
2025-11-07,SKU-1010,FBA,103,17.4,False,110,True,0,
2025-11-08,SKU-1001,FBA,224,37.9,False,13,False,0,
2025-11-08,SKU-1002,FBA,72,12.2,False,93,True,0,
2025-11-08,SKU-1003,FBA,369,62.4,False,111,True,0,
2025-11-08,SKU-1004,FBM,23,6.3,False,32,False,0,97.6
2025-11-08,SKU-1005,FBA,183,30.9,False,34,False,0,
2025-11-08,SKU-1006,FBM,282,77.5,False,7,False,0,66.2
2025-11-08,SKU-1007,FBA,267,45.1,False,19,False,0,
2025-11-08,SKU-1008,FBA,312,52.7,False,71,False,0,
2025-11-08,SKU-1009,FBM,179,49.2,False,11,False,0,74.3
2025-11-08,SKU-1010,FBA,97,16.4,False,46,False,0,
2025-11-09,SKU-1001,FBA,218,36.9,False,12,False,0,
2025-11-09,SKU-1002,FBA,66,11.2,False,105,True,0,
2025-11-09,SKU-1003,FBA,363,61.4,False,95,True,0,
2025-11-09,SKU-1004,FBM,19,5.2,False,127,True,0,51.2
2025-11-09,SKU-1005,FBA,177,29.9,False,27,False,0,
2025-11-09,SKU-1006,FBM,278,76.4,False,46,False,0,83.1
2025-11-09,SKU-1007,FBA,261,44.1,False,89,False,0,
2025-11-09,SKU-1008,FBA,306,51.7,False,4,False,0,
2025-11-09,SKU-1009,FBM,175,48.1,False,30,False,0,98.9
2025-11-09,SKU-1010,FBA,92,15.6,False,4,False,0,
2025-11-10,SKU-1001,FBA,212,35.8,False,21,False,0,
2025-11-10,SKU-1002,FBA,61,10.3,False,50,False,0,
2025-11-10,SKU-1003,FBA,357,60.4,False,13,False,0,
2025-11-10,SKU-1004,FBM,15,4.1,False,58,False,0,76.0
2025-11-10,SKU-1005,FBA,171,28.9,False,95,True,0,
2025-11-10,SKU-1006,FBM,274,75.3,False,35,False,1,77.8
2025-11-10,SKU-1007,FBA,255,43.1,False,90,False,0,
2025-11-10,SKU-1008,FBA,300,50.7,False,105,True,0,
2025-11-10,SKU-1009,FBM,171,47.0,False,111,True,0,83.7
2025-11-10,SKU-1010,FBA,86,14.5,False,96,True,0,
2025-11-11,SKU-1001,FBA,206,34.8,False,120,True,0,
2025-11-11,SKU-1002,FBA,55,9.3,False,118,True,0,
2025-11-11,SKU-1003,FBA,352,59.5,False,37,False,0,
2025-11-11,SKU-1004,FBM,12,3.3,False,26,False,0,65.4
2025-11-11,SKU-1005,FBA,165,27.9,False,119,True,0,
2025-11-11,SKU-1006,FBM,271,74.5,False,115,True,0,79.8
2025-11-11,SKU-1007,FBA,249,42.1,False,105,True,1,
2025-11-11,SKU-1008,FBA,295,49.9,False,70,False,0,
2025-11-11,SKU-1009,FBM,168,46.2,False,21,False,1,60.0
2025-11-11,SKU-1010,FBA,80,13.5,False,32,False,0,
2025-11-12,SKU-1001,FBA,200,33.8,False,107,True,0,
2025-11-12,SKU-1002,FBA,49,8.3,False,82,False,0,
2025-11-12,SKU-1003,FBA,346,58.5,False,99,True,0,
2025-11-12,SKU-1004,FBM,8,2.2,False,97,True,0,82.6
2025-11-12,SKU-1005,FBA,159,26.9,False,27,False,0,
2025-11-12,SKU-1006,FBM,267,73.4,False,93,True,0,77.9
2025-11-12,SKU-1007,FBA,244,41.3,False,111,True,0,
2025-11-12,SKU-1008,FBA,289,48.9,False,17,False,0,
2025-11-12,SKU-1009,FBM,164,45.1,False,65,False,0,64.4
2025-11-12,SKU-1010,FBA,74,12.5,False,114,True,0,
2025-11-13,SKU-1001,FBA,195,33.0,False,103,True,0,
2025-11-13,SKU-1002,FBA,43,7.3,False,10,False,0,
2025-11-13,SKU-1003,FBA,340,57.5,False,44,False,0,
2025-11-13,SKU-1004,FBM,4,1.1,False,10,False,0,55.3
2025-11-13,SKU-1005,FBA,153,25.9,False,106,True,0,
2025-11-13,SKU-1006,FBM,263,72.3,False,85,False,0,65.9
2025-11-13,SKU-1007,FBA,238,40.2,False,36,False,0,
2025-11-13,SKU-1008,FBA,283,47.8,False,99,True,0,
2025-11-13,SKU-1009,FBM,160,44.0,False,91,True,0,75.2
2025-11-13,SKU-1010,FBA,68,11.5,False,59,False,0,
2025-11-14,SKU-1001,FBA,189,32.0,False,70,False,0,
2025-11-14,SKU-1002,FBA,37,6.3,False,2,False,0,
2025-11-14,SKU-1003,FBA,334,56.5,False,42,False,0,
2025-11-14,SKU-1004,FBM,1,0.3,False,45,False,0,87.9
2025-11-14,SKU-1005,FBA,147,24.9,False,36,False,0,
2025-11-14,SKU-1006,FBM,260,71.4,False,34,False,0,57.7
2025-11-14,SKU-1007,FBA,232,39.2,False,105,True,0,
2025-11-14,SKU-1008,FBA,277,46.8,False,99,True,0,
2025-11-14,SKU-1009,FBM,157,43.1,False,89,False,0,65.0
2025-11-14,SKU-1010,FBA,62,10.5,False,9,False,0,
2025-11-15,SKU-1001,FBA,183,30.9,False,4,False,0,
2025-11-15,SKU-1002,FBA,31,5.2,False,72,False,0,
2025-11-15,SKU-1003,FBA,328,55.5,False,28,False,0,
2025-11-15,SKU-1004,FBM,0,0.0,False,59,False,0,50.5
2025-11-15,SKU-1005,FBA,141,23.8,False,67,False,0,
2025-11-15,SKU-1006,FBM,256,70.3,False,39,False,0,53.6
2025-11-15,SKU-1007,FBA,226,38.2,False,120,True,0,
2025-11-15,SKU-1008,FBA,271,45.8,False,126,True,0,
2025-11-15,SKU-1009,FBM,153,42.0,False,5,False,0,74.4
2025-11-15,SKU-1010,FBA,56,9.5,False,50,False,0,
2025-11-16,SKU-1001,FBA,177,29.9,False,73,False,0,
2025-11-16,SKU-1002,FBA,274,46.3,False,126,True,0,
2025-11-16,SKU-1003,FBA,322,54.4,False,75,False,0,
2025-11-16,SKU-1004,FBM,0,0.0,False,37,False,0,52.7
2025-11-16,SKU-1005,FBA,136,23.0,False,72,False,0,
2025-11-16,SKU-1006,FBM,253,69.5,False,106,True,0,83.2
2025-11-16,SKU-1007,FBA,220,37.2,False,21,False,0,
2025-11-16,SKU-1008,FBA,265,44.8,False,90,False,0,
2025-11-16,SKU-1009,FBM,150,41.2,False,47,False,0,72.1
2025-11-16,SKU-1010,FBA,50,8.5,False,66,False,0,
2025-11-17,SKU-1001,FBA,171,28.9,False,39,False,0,
2025-11-17,SKU-1002,FBA,268,45.3,False,77,False,0,
2025-11-17,SKU-1003,FBA,316,53.4,False,124,True,0,
2025-11-17,SKU-1004,FBM,0,0.0,False,23,False,0,67.4
2025-11-17,SKU-1005,FBA,130,22.0,False,57,False,0,
2025-11-17,SKU-1006,FBM,249,68.4,False,86,False,0,98.0
2025-11-17,SKU-1007,FBA,214,36.2,False,115,True,0,
2025-11-17,SKU-1008,FBA,259,43.8,False,49,False,0,
2025-11-17,SKU-1009,FBM,146,40.1,False,66,False,0,77.3
2025-11-17,SKU-1010,FBA,44,7.4,False,84,False,0,
2025-11-18,SKU-1001,FBA,165,27.9,False,27,False,0,
2025-11-18,SKU-1002,FBA,262,44.3,False,109,True,0,
2025-11-18,SKU-1003,FBA,310,52.4,False,61,False,0,
2025-11-18,SKU-1004,FBM,0,0.0,False,101,True,0,63.1
2025-11-18,SKU-1005,FBA,124,21.0,False,79,False,0,
2025-11-18,SKU-1006,FBM,245,67.3,False,126,True,0,74.3
2025-11-18,SKU-1007,FBA,208,35.2,False,7,False,0,
2025-11-18,SKU-1008,FBA,253,42.8,False,76,False,0,
2025-11-18,SKU-1009,FBM,142,39.0,False,58,False,0,79.6
2025-11-18,SKU-1010,FBA,38,6.4,False,22,False,1,
2025-11-19,SKU-1001,FBA,159,26.9,False,101,True,0,
2025-11-19,SKU-1002,FBA,256,43.3,False,70,False,0,
2025-11-19,SKU-1003,FBA,304,51.4,False,126,True,0,
2025-11-19,SKU-1004,FBM,0,0.0,False,61,False,0,87.5
2025-11-19,SKU-1005,FBA,118,19.9,False,76,False,0,
2025-11-19,SKU-1006,FBM,242,66.5,False,41,False,0,93.4
2025-11-19,SKU-1007,FBA,202,34.2,False,43,False,0,
2025-11-19,SKU-1008,FBA,247,41.8,False,30,False,0,
2025-11-19,SKU-1009,FBM,139,38.2,False,88,False,0,51.5
2025-11-19,SKU-1010,FBA,32,5.4,False,111,True,0,
2025-11-20,SKU-1001,FBA,153,25.9,False,124,True,0,
2025-11-20,SKU-1002,FBA,250,42.3,False,96,True,0,
2025-11-20,SKU-1003,FBA,298,50.4,False,60,False,0,
2025-11-20,SKU-1004,FBM,442,121.4,False,47,False,0,73.9
2025-11-20,SKU-1005,FBA,112,18.9,False,79,False,0,
2025-11-20,SKU-1006,FBM,238,65.4,False,125,True,0,75.0
2025-11-20,SKU-1007,FBA,196,33.1,False,85,False,0,
2025-11-20,SKU-1008,FBA,241,40.7,False,42,False,0,
2025-11-20,SKU-1009,FBM,135,37.1,False,21,False,0,73.1
2025-11-20,SKU-1010,FBA,26,4.4,False,33,False,0,
2025-11-21,SKU-1001,FBA,147,24.9,False,1,False,0,
2025-11-21,SKU-1002,FBA,244,41.3,False,35,False,0,
2025-11-21,SKU-1003,FBA,292,49.4,False,5,False,0,
2025-11-21,SKU-1004,FBM,438,120.3,False,84,False,0,84.3
2025-11-21,SKU-1005,FBA,106,17.9,False,78,False,0,
2025-11-21,SKU-1006,FBM,234,64.3,False,56,False,0,50.2
2025-11-21,SKU-1007,FBA,190,32.1,False,45,False,0,
2025-11-21,SKU-1008,FBA,235,39.7,False,54,False,0,
2025-11-21,SKU-1009,FBM,131,36.0,False,58,False,0,80.5
2025-11-21,SKU-1010,FBA,21,3.6,False,67,False,0,
2025-11-22,SKU-1001,FBA,141,23.8,False,54,False,0,
2025-11-22,SKU-1002,FBA,239,40.4,False,52,False,0,
2025-11-22,SKU-1003,FBA,287,48.5,False,43,False,0,
2025-11-22,SKU-1004,FBM,435,119.5,False,5,False,0,62.8
2025-11-22,SKU-1005,FBA,100,16.9,False,16,False,0,
2025-11-22,SKU-1006,FBM,231,63.5,False,89,False,0,68.8
2025-11-22,SKU-1007,FBA,184,31.1,False,118,True,0,
2025-11-22,SKU-1008,FBA,230,38.9,False,99,True,0,
2025-11-22,SKU-1009,FBM,128,35.2,False,62,False,0,69.9
2025-11-22,SKU-1010,FBA,15,2.5,False,40,False,0,
2025-11-23,SKU-1001,FBA,135,22.8,False,10,False,0,
2025-11-23,SKU-1002,FBA,233,39.4,False,75,False,0,
2025-11-23,SKU-1003,FBA,281,47.5,False,10,False,0,
2025-11-23,SKU-1004,FBM,431,118.4,False,86,False,0,79.5
2025-11-23,SKU-1005,FBA,94,15.9,False,11,False,0,
2025-11-23,SKU-1006,FBM,227,62.4,False,8,False,0,77.6
2025-11-23,SKU-1007,FBA,179,30.3,False,114,True,0,
2025-11-23,SKU-1008,FBA,224,37.9,False,97,True,0,
2025-11-23,SKU-1009,FBM,124,34.1,False,67,False,0,68.0
2025-11-23,SKU-1010,FBA,9,1.5,False,108,True,0,
2025-11-24,SKU-1001,FBA,129,21.8,False,76,False,0,
2025-11-24,SKU-1002,FBA,227,38.4,False,111,True,0,
2025-11-24,SKU-1003,FBA,275,46.5,False,36,False,0,
2025-11-24,SKU-1004,FBM,427,117.3,False,28,False,0,56.2
2025-11-24,SKU-1005,FBA,88,14.9,False,122,True,1,
2025-11-24,SKU-1006,FBM,223,61.3,False,97,True,0,79.3
2025-11-24,SKU-1007,FBA,173,29.2,False,109,True,0,
2025-11-24,SKU-1008,FBA,218,36.9,False,127,True,0,
2025-11-24,SKU-1009,FBM,120,33.0,False,45,False,0,61.5
2025-11-24,SKU-1010,FBA,3,0.5,False,46,False,0,
2025-11-25,SKU-1001,FBA,124,21.0,False,38,False,0,
2025-11-25,SKU-1002,FBA,221,37.4,False,52,False,0,
2025-11-25,SKU-1003,FBA,269,45.5,False,40,False,0,
2025-11-25,SKU-1004,FBM,424,116.5,False,74,False,0,79.3
2025-11-25,SKU-1005,FBA,82,13.9,False,19,False,0,
2025-11-25,SKU-1006,FBM,220,60.4,False,41,False,0,70.9
2025-11-25,SKU-1007,FBA,167,28.2,False,33,False,0,
2025-11-25,SKU-1008,FBA,212,35.8,False,34,False,0,
2025-11-25,SKU-1009,FBM,117,32.1,False,51,False,0,50.9
2025-11-25,SKU-1010,FBA,0,0.0,False,104,True,0,
2025-11-26,SKU-1001,FBA,118,19.9,False,30,False,0,
2025-11-26,SKU-1002,FBA,215,36.3,False,94,True,0,
2025-11-26,SKU-1003,FBA,263,44.5,False,96,True,0,
2025-11-26,SKU-1004,FBM,420,115.4,False,34,False,0,80.6
2025-11-26,SKU-1005,FBA,76,12.8,False,86,False,0,
2025-11-26,SKU-1006,FBM,216,59.3,False,118,True,0,66.0
2025-11-26,SKU-1007,FBA,161,27.2,False,39,False,0,
2025-11-26,SKU-1008,FBA,206,34.8,False,115,True,0,
2025-11-26,SKU-1009,FBM,113,31.0,False,99,True,0,74.3
2025-11-26,SKU-1010,FBA,0,0.0,False,111,True,0,
2025-11-27,SKU-1001,FBA,112,18.9,False,82,False,0,
2025-11-27,SKU-1002,FBA,209,35.3,False,14,False,0,
2025-11-27,SKU-1003,FBA,257,43.4,False,76,False,0,
2025-11-27,SKU-1004,FBM,416,114.3,False,109,True,0,76.2
2025-11-27,SKU-1005,FBA,70,11.8,False,5,False,0,
2025-11-27,SKU-1006,FBM,212,58.2,False,76,False,0,69.1
2025-11-27,SKU-1007,FBA,155,26.2,False,104,True,0,
2025-11-27,SKU-1008,FBA,200,33.8,False,23,False,0,
2025-11-27,SKU-1009,FBM,109,29.9,False,14,False,0,81.4
2025-11-27,SKU-1010,FBA,0,0.0,False,41,False,0,
2025-11-28,SKU-1001,FBA,106,17.9,False,87,False,0,
2025-11-28,SKU-1002,FBA,203,34.3,False,31,False,0,
2025-11-28,SKU-1003,FBA,251,42.4,False,74,False,0,
2025-11-28,SKU-1004,FBM,413,113.5,False,105,True,0,80.9
2025-11-28,SKU-1005,FBA,65,11.0,False,123,True,0,
2025-11-28,SKU-1006,FBM,209,57.4,False,110,True,0,73.0
2025-11-28,SKU-1007,FBA,149,25.2,False,96,True,0,
2025-11-28,SKU-1008,FBA,194,32.8,False,82,False,0,
2025-11-28,SKU-1009,FBM,106,29.1,False,32,False,0,83.2
2025-11-28,SKU-1010,FBA,0,0.0,False,67,False,0,
2025-11-29,SKU-1001,FBA,100,16.9,False,122,True,0,
2025-11-29,SKU-1002,FBA,197,33.3,False,80,False,0,
2025-11-29,SKU-1003,FBA,245,41.4,False,94,True,0,
2025-11-29,SKU-1004,FBM,409,112.4,False,81,False,0,98.9
2025-11-29,SKU-1005,FBA,398,67.3,False,29,False,0,
2025-11-29,SKU-1006,FBM,205,56.3,False,24,False,0,31.8
2025-11-29,SKU-1007,FBA,143,24.2,False,119,True,0,
2025-11-29,SKU-1008,FBA,188,31.8,False,55,False,0,
2025-11-29,SKU-1009,FBM,102,28.0,False,44,False,0,89.3
2025-11-29,SKU-1010,FBA,0,0.0,False,101,True,0,
2025-11-30,SKU-1001,FBA,94,15.9,False,11,False,0,
2025-11-30,SKU-1002,FBA,191,32.3,False,90,False,0,
2025-11-30,SKU-1003,FBA,239,40.4,False,90,False,1,
2025-11-30,SKU-1004,FBM,405,111.3,False,13,False,0,49.3
2025-11-30,SKU-1005,FBA,392,66.3,False,68,False,0,
2025-11-30,SKU-1006,FBM,202,55.5,False,46,False,2,100.0
2025-11-30,SKU-1007,FBA,137,23.2,False,119,True,0,
2025-11-30,SKU-1008,FBA,182,30.8,False,68,False,0,
2025-11-30,SKU-1009,FBM,99,27.2,False,27,False,0,50.6
2025-11-30,SKU-1010,FBA,0,0.0,False,94,True,0,
2025-12-01,SKU-1001,FBA,87,12.0,False,4,False,0,
2025-12-01,SKU-1002,FBA,184,25.3,False,23,False,0,
2025-12-01,SKU-1003,FBA,232,31.9,False,114,True,0,
2025-12-01,SKU-1004,FBM,401,89.5,False,17,False,0,61.3
2025-12-01,SKU-1005,FBA,384,52.7,False,85,False,0,
2025-12-01,SKU-1006,FBM,197,44.0,False,10,False,0,93.8
2025-12-01,SKU-1007,FBA,130,17.9,False,17,False,0,
2025-12-01,SKU-1008,FBA,175,24.0,False,15,False,0,
2025-12-01,SKU-1009,FBM,94,21.0,False,96,True,0,52.2
2025-12-01,SKU-1010,FBA,0,0.0,False,109,True,0,
2025-12-02,SKU-1001,FBA,79,10.9,False,110,True,0,
2025-12-02,SKU-1002,FBA,177,24.3,False,111,True,0,
2025-12-02,SKU-1003,FBA,225,30.9,False,58,False,0,
2025-12-02,SKU-1004,FBM,397,88.6,False,55,False,0,63.3
2025-12-02,SKU-1005,FBA,377,51.8,False,88,False,0,
2025-12-02,SKU-1006,FBM,193,43.1,False,42,False,0,95.0
2025-12-02,SKU-1007,FBA,123,16.9,False,10,False,2,
2025-12-02,SKU-1008,FBA,168,23.1,False,102,True,0,
2025-12-02,SKU-1009,FBM,90,20.1,False,100,True,0,65.3
2025-12-02,SKU-1010,FBA,0,0.0,False,81,False,0,
2025-12-03,SKU-1001,FBA,72,9.9,False,122,True,0,
2025-12-03,SKU-1002,FBA,169,23.2,False,78,False,0,
2025-12-03,SKU-1003,FBA,217,29.8,False,63,False,0,
2025-12-03,SKU-1004,FBM,392,87.5,False,37,False,0,90.6
2025-12-03,SKU-1005,FBA,370,50.8,False,97,True,0,
2025-12-03,SKU-1006,FBM,188,42.0,False,51,False,0,76.7
2025-12-03,SKU-1007,FBA,115,15.8,False,99,True,0,
2025-12-03,SKU-1008,FBA,160,22.0,False,64,False,0,
2025-12-03,SKU-1009,FBM,85,19.0,False,34,False,0,75.8
2025-12-03,SKU-1010,FBA,0,0.0,False,110,True,0,
2025-12-04,SKU-1001,FBA,65,8.9,False,72,False,0,
2025-12-04,SKU-1002,FBA,162,22.3,False,89,False,0,
2025-12-04,SKU-1003,FBA,210,28.8,False,31,False,0,
2025-12-04,SKU-1004,FBM,388,86.6,False,37,False,0,69.5
2025-12-04,SKU-1005,FBA,363,49.9,False,72,False,0,
2025-12-04,SKU-1006,FBM,184,41.1,False,69,False,0,62.9
2025-12-04,SKU-1007,FBA,108,14.8,False,122,True,0,
2025-12-04,SKU-1008,FBA,153,21.0,False,34,False,0,
2025-12-04,SKU-1009,FBM,81,18.1,False,129,True,0,66.8
2025-12-04,SKU-1010,FBA,0,0.0,False,104,True,0,
2025-12-05,SKU-1001,FBA,415,57.0,False,78,False,0,
2025-12-05,SKU-1002,FBA,155,21.3,False,97,True,0,
2025-12-05,SKU-1003,FBA,203,27.9,False,67,False,0,
2025-12-05,SKU-1004,FBM,383,85.5,False,45,False,0,56.4
2025-12-05,SKU-1005,FBA,355,48.8,False,102,True,1,
2025-12-05,SKU-1006,FBM,179,40.0,False,120,True,0,71.6
2025-12-05,SKU-1007,FBA,101,13.9,False,76,False,0,
2025-12-05,SKU-1008,FBA,146,20.1,False,62,False,0,
2025-12-05,SKU-1009,FBM,76,17.0,False,58,False,0,66.4
2025-12-05,SKU-1010,FBA,0,0.0,False,20,False,0,
2025-12-06,SKU-1001,FBA,407,55.9,False,80,False,0,
2025-12-06,SKU-1002,FBA,148,20.3,False,109,True,0,
2025-12-06,SKU-1003,FBA,196,26.9,False,104,True,0,
2025-12-06,SKU-1004,FBM,379,84.6,False,40,False,0,85.5
2025-12-06,SKU-1005,FBA,348,47.8,False,24,False,0,
2025-12-06,SKU-1006,FBM,175,39.1,False,4,False,0,65.0
2025-12-06,SKU-1007,FBA,93,12.8,False,76,False,0,
2025-12-06,SKU-1008,FBA,139,19.1,False,71,False,0,
2025-12-06,SKU-1009,FBM,72,16.1,False,50,False,1,61.4
2025-12-06,SKU-1010,FBA,0,0.0,False,118,True,0,
2025-12-07,SKU-1001,FBA,400,54.9,False,93,True,0,
2025-12-07,SKU-1002,FBA,140,19.2,False,92,True,0,
2025-12-07,SKU-1003,FBA,188,25.8,False,42,False,1,
2025-12-07,SKU-1004,FBM,374,83.5,False,9,False,0,57.7
2025-12-07,SKU-1005,FBA,341,46.8,False,120,True,0,
2025-12-07,SKU-1006,FBM,170,37.9,False,86,False,0,98.5
2025-12-07,SKU-1007,FBA,86,11.8,False,6,False,0,
2025-12-07,SKU-1008,FBA,131,18.0,False,69,False,0,
2025-12-07,SKU-1009,FBM,67,15.0,False,59,False,0,52.9
2025-12-07,SKU-1010,FBA,0,0.0,False,29,False,0,
2025-12-08,SKU-1001,FBA,393,54.0,False,82,False,0,
2025-12-08,SKU-1002,FBA,133,18.3,False,119,True,0,
2025-12-08,SKU-1003,FBA,181,24.9,False,22,False,0,
2025-12-08,SKU-1004,FBM,370,82.6,False,32,False,0,67.2
2025-12-08,SKU-1005,FBA,333,45.7,False,22,False,0,
2025-12-08,SKU-1006,FBM,166,37.1,False,66,False,0,68.3
2025-12-08,SKU-1007,FBA,79,10.9,False,38,False,0,
2025-12-08,SKU-1008,FBA,124,17.0,False,51,False,0,
2025-12-08,SKU-1009,FBM,63,14.1,False,57,False,0,100.0
2025-12-08,SKU-1010,FBA,0,0.0,False,98,True,0,
2025-12-09,SKU-1001,FBA,385,52.9,False,98,True,0,
2025-12-09,SKU-1002,FBA,126,17.3,False,10,False,0,
2025-12-09,SKU-1003,FBA,174,23.9,False,119,True,0,
2025-12-09,SKU-1004,FBM,365,81.5,False,71,False,0,89.1
2025-12-09,SKU-1005,FBA,326,44.8,False,116,True,0,
2025-12-09,SKU-1006,FBM,161,35.9,False,1,False,0,87.0
2025-12-09,SKU-1007,FBA,72,9.9,False,115,True,0,
2025-12-09,SKU-1008,FBA,117,16.1,False,80,False,0,
2025-12-09,SKU-1009,FBM,58,12.9,False,128,True,0,56.2
2025-12-09,SKU-1010,FBA,0,0.0,False,92,True,0,
2025-12-10,SKU-1001,FBA,378,51.9,False,100,True,0,
2025-12-10,SKU-1002,FBA,118,16.2,False,21,False,0,
2025-12-10,SKU-1003,FBA,166,22.8,False,103,True,0,
2025-12-10,SKU-1004,FBM,361,80.6,False,89,False,0,59.8
2025-12-10,SKU-1005,FBA,319,43.8,False,106,True,0,
2025-12-10,SKU-1006,FBM,157,35.0,False,53,False,0,78.1
2025-12-10,SKU-1007,FBA,64,8.8,False,48,False,0,
2025-12-10,SKU-1008,FBA,109,15.0,False,95,True,0,
2025-12-10,SKU-1009,FBM,54,12.1,False,17,False,0,56.1
2025-12-10,SKU-1010,FBA,0,0.0,False,45,False,0,
2025-12-11,SKU-1001,FBA,371,51.0,False,6,False,0,
2025-12-11,SKU-1002,FBA,111,15.2,False,27,False,0,
2025-12-11,SKU-1003,FBA,159,21.8,False,82,False,0,
2025-12-11,SKU-1004,FBM,356,79.5,False,26,False,0,46.1
2025-12-11,SKU-1005,FBA,312,42.9,False,12,False,0,
2025-12-11,SKU-1006,FBM,152,33.9,False,19,False,0,79.6
2025-12-11,SKU-1007,FBA,57,7.8,False,61,False,0,
2025-12-11,SKU-1008,FBA,102,14.0,False,59,False,0,
2025-12-11,SKU-1009,FBM,49,10.9,False,95,True,0,47.6
2025-12-11,SKU-1010,FBA,0,0.0,False,124,True,0,
2025-12-12,SKU-1001,FBA,364,50.0,False,126,True,0,
2025-12-12,SKU-1002,FBA,104,14.3,False,117,True,0,
2025-12-12,SKU-1003,FBA,152,20.9,False,13,False,0,
2025-12-12,SKU-1004,FBM,352,78.6,False,6,False,0,100.0
2025-12-12,SKU-1005,FBA,304,41.8,False,10,False,0,
2025-12-12,SKU-1006,FBM,148,33.0,False,55,False,0,76.6
2025-12-12,SKU-1007,FBA,50,6.9,False,53,False,0,
2025-12-12,SKU-1008,FBA,95,13.0,False,60,False,0,
2025-12-12,SKU-1009,FBM,45,10.0,False,41,False,0,47.7
2025-12-12,SKU-1010,FBA,0,0.0,False,38,False,0,
2025-12-13,SKU-1001,FBA,356,48.9,False,59,False,0,
2025-12-13,SKU-1002,FBA,97,13.3,False,112,True,0,
2025-12-13,SKU-1003,FBA,145,19.9,False,60,False,0,
2025-12-13,SKU-1004,FBM,347,77.5,False,43,False,0,59.3
2025-12-13,SKU-1005,FBA,297,40.8,False,92,True,0,
2025-12-13,SKU-1006,FBM,143,31.9,False,28,False,0,80.8
2025-12-13,SKU-1007,FBA,42,5.8,False,65,False,0,
2025-12-13,SKU-1008,FBA,88,12.1,False,25,False,0,
2025-12-13,SKU-1009,FBM,40,8.9,False,41,False,0,83.0
2025-12-13,SKU-1010,FBA,0,0.0,False,91,True,0,
2025-12-14,SKU-1001,FBA,349,47.9,False,43,False,0,
2025-12-14,SKU-1002,FBA,89,12.2,False,50,False,0,
2025-12-14,SKU-1003,FBA,137,18.8,False,2,False,0,
2025-12-14,SKU-1004,FBM,343,76.6,False,8,False,0,74.2
2025-12-14,SKU-1005,FBA,290,39.8,False,127,True,0,
2025-12-14,SKU-1006,FBM,139,31.0,False,55,False,0,64.5
2025-12-14,SKU-1007,FBA,35,4.8,False,29,False,0,
2025-12-14,SKU-1008,FBA,80,11.0,False,90,False,0,
2025-12-14,SKU-1009,FBM,36,8.0,False,90,False,0,67.7
2025-12-14,SKU-1010,FBA,0,0.0,False,93,True,0,
2025-12-15,SKU-1001,FBA,342,47.0,False,31,False,0,
2025-12-15,SKU-1002,FBA,82,11.3,False,13,False,0,
2025-12-15,SKU-1003,FBA,130,17.9,False,88,False,0,
2025-12-15,SKU-1004,FBM,338,75.4,False,60,False,0,95.6
2025-12-15,SKU-1005,FBA,282,38.7,False,42,False,0,
2025-12-15,SKU-1006,FBM,134,29.9,False,117,True,0,97.4
2025-12-15,SKU-1007,FBA,28,3.8,False,110,True,0,
2025-12-15,SKU-1008,FBA,73,10.0,False,22,False,0,
2025-12-15,SKU-1009,FBM,31,6.9,False,108,True,0,53.7
2025-12-15,SKU-1010,FBA,293,40.2,False,6,False,0,
2025-12-16,SKU-1001,FBA,334,45.9,False,45,False,0,
2025-12-16,SKU-1002,FBA,75,10.3,False,91,True,0,
2025-12-16,SKU-1003,FBA,123,16.9,False,97,True,0,
2025-12-16,SKU-1004,FBM,334,74.6,False,113,True,0,88.3
2025-12-16,SKU-1005,FBA,275,37.8,False,24,False,0,
2025-12-16,SKU-1006,FBM,130,29.0,False,59,False,0,73.8
2025-12-16,SKU-1007,FBA,431,59.2,False,23,False,0,
2025-12-16,SKU-1008,FBA,66,9.1,False,3,False,0,
2025-12-16,SKU-1009,FBM,27,6.0,False,65,False,0,86.5
2025-12-16,SKU-1010,FBA,286,39.3,False,27,False,0,
2025-12-17,SKU-1001,FBA,327,44.9,False,100,True,0,
2025-12-17,SKU-1002,FBA,67,9.2,False,51,False,0,
2025-12-17,SKU-1003,FBA,115,15.8,False,92,True,0,
2025-12-17,SKU-1004,FBM,329,73.4,False,47,False,0,62.9
2025-12-17,SKU-1005,FBA,268,36.8,False,125,True,0,
2025-12-17,SKU-1006,FBM,125,27.9,False,108,True,0,39.0
2025-12-17,SKU-1007,FBA,423,58.1,False,48,False,0,
2025-12-17,SKU-1008,FBA,58,8.0,False,70,False,0,
2025-12-17,SKU-1009,FBM,22,4.9,False,84,False,0,58.9
2025-12-17,SKU-1010,FBA,279,38.3,False,118,True,0,
2025-12-18,SKU-1001,FBA,320,44.0,False,7,False,0,
2025-12-18,SKU-1002,FBA,60,8.2,False,5,False,0,
2025-12-18,SKU-1003,FBA,108,14.8,False,15,False,0,
2025-12-18,SKU-1004,FBM,325,72.5,False,1,False,0,92.6
2025-12-18,SKU-1005,FBA,261,35.9,False,65,False,0,
2025-12-18,SKU-1006,FBM,121,27.0,False,124,True,0,45.5
2025-12-18,SKU-1007,FBA,416,57.1,False,102,True,0,
2025-12-18,SKU-1008,FBA,51,7.0,False,87,False,0,
2025-12-18,SKU-1009,FBM,18,4.0,False,83,False,0,79.3
2025-12-18,SKU-1010,FBA,271,37.2,False,73,False,0,
2025-12-19,SKU-1001,FBA,313,43.0,False,63,False,0,
2025-12-19,SKU-1002,FBA,53,7.3,False,83,False,0,
2025-12-19,SKU-1003,FBA,101,13.9,False,120,True,0,
2025-12-19,SKU-1004,FBM,320,71.4,False,40,False,0,51.6
2025-12-19,SKU-1005,FBA,253,34.8,False,89,False,0,
2025-12-19,SKU-1006,FBM,116,25.9,False,70,False,0,48.5
2025-12-19,SKU-1007,FBA,409,56.2,False,48,False,0,
2025-12-19,SKU-1008,FBA,289,39.7,False,8,False,0,
2025-12-19,SKU-1009,FBM,13,2.9,False,55,False,0,81.1
2025-12-19,SKU-1010,FBA,264,36.3,False,44,False,0,
2025-12-20,SKU-1001,FBA,305,41.9,False,9,False,0,
2025-12-20,SKU-1002,FBA,46,6.3,False,52,False,1,
2025-12-20,SKU-1003,FBA,94,12.9,False,27,False,0,
2025-12-20,SKU-1004,FBM,316,70.5,False,19,False,0,87.2
2025-12-20,SKU-1005,FBA,246,33.8,False,33,False,0,
2025-12-20,SKU-1006,FBM,112,25.0,False,41,False,0,80.2
2025-12-20,SKU-1007,FBA,401,55.1,False,10,False,0,
2025-12-20,SKU-1008,FBA,282,38.7,False,19,False,0,
2025-12-20,SKU-1009,FBM,9,2.0,False,120,True,0,83.2
2025-12-20,SKU-1010,FBA,257,35.3,False,12,False,0,
2025-12-21,SKU-1001,FBA,298,40.9,False,105,True,0,
2025-12-21,SKU-1002,FBA,38,5.2,False,12,False,0,
2025-12-21,SKU-1003,FBA,86,11.8,False,60,False,0,
2025-12-21,SKU-1004,FBM,311,69.4,False,20,False,0,75.4
2025-12-21,SKU-1005,FBA,239,32.8,False,40,False,0,
2025-12-21,SKU-1006,FBM,107,23.9,False,14,False,0,39.3
2025-12-21,SKU-1007,FBA,394,54.1,False,87,False,0,
2025-12-21,SKU-1008,FBA,274,37.6,False,60,False,0,
2025-12-21,SKU-1009,FBM,4,0.9,False,99,True,0,60.9
2025-12-21,SKU-1010,FBA,250,34.3,False,88,False,0,
2025-12-22,SKU-1001,FBA,291,40.0,False,107,True,0,
2025-12-22,SKU-1002,FBA,31,4.3,False,24,False,0,
2025-12-22,SKU-1003,FBA,79,10.9,False,112,True,0,
2025-12-22,SKU-1004,FBM,307,68.5,False,68,False,0,64.7
2025-12-22,SKU-1005,FBA,232,31.9,False,96,True,0,
2025-12-22,SKU-1006,FBM,103,23.0,False,36,False,0,61.2
2025-12-22,SKU-1007,FBA,387,53.2,False,15,False,0,
2025-12-22,SKU-1008,FBA,267,36.7,False,110,True,0,
2025-12-22,SKU-1009,FBM,370,82.6,False,68,False,0,65.8
2025-12-22,SKU-1010,FBA,242,33.2,False,77,False,0,
2025-12-23,SKU-1001,FBA,284,39.0,False,25,False,0,
2025-12-23,SKU-1002,FBA,24,3.3,False,21,False,0,
2025-12-23,SKU-1003,FBA,72,9.9,False,28,False,0,
2025-12-23,SKU-1004,FBM,302,67.4,False,55,False,0,79.7
2025-12-23,SKU-1005,FBA,224,30.8,False,114,True,0,
2025-12-23,SKU-1006,FBM,99,22.1,False,27,False,0,63.8
2025-12-23,SKU-1007,FBA,380,52.2,False,22,False,0,
2025-12-23,SKU-1008,FBA,260,35.7,False,91,True,0,
2025-12-23,SKU-1009,FBM,366,81.7,False,68,False,0,69.4
2025-12-23,SKU-1010,FBA,235,32.3,False,95,True,0,
2025-12-24,SKU-1001,FBA,276,37.9,False,95,True,0,
2025-12-24,SKU-1002,FBA,17,2.3,False,101,True,0,
2025-12-24,SKU-1003,FBA,64,8.8,False,57,False,0,
2025-12-24,SKU-1004,FBM,298,66.5,False,95,True,0,90.8
2025-12-24,SKU-1005,FBA,217,29.8,False,54,False,0,
2025-12-24,SKU-1006,FBM,94,21.0,False,128,True,0,65.2
2025-12-24,SKU-1007,FBA,372,51.1,False,49,False,0,
2025-12-24,SKU-1008,FBA,252,34.6,False,119,True,0,
2025-12-24,SKU-1009,FBM,361,80.6,False,101,True,0,70.0
2025-12-24,SKU-1010,FBA,228,31.3,False,17,False,2,
2025-12-25,SKU-1001,FBA,269,37.0,False,82,False,0,
2025-12-25,SKU-1002,FBA,9,1.2,False,24,False,0,
2025-12-25,SKU-1003,FBA,57,7.8,False,112,True,0,
2025-12-25,SKU-1004,FBM,293,65.4,False,65,False,0,71.7
2025-12-25,SKU-1005,FBA,210,28.8,False,90,False,0,
2025-12-25,SKU-1006,FBM,90,20.1,False,55,False,0,49.4
2025-12-25,SKU-1007,FBA,365,50.1,False,120,True,0,
2025-12-25,SKU-1008,FBA,245,33.7,False,120,True,0,
2025-12-25,SKU-1009,FBM,357,79.7,False,11,False,0,55.9
2025-12-25,SKU-1010,FBA,220,30.2,False,95,True,1,
2025-12-26,SKU-1001,FBA,262,36.0,False,116,True,0,
2025-12-26,SKU-1002,FBA,2,0.3,False,126,True,0,
2025-12-26,SKU-1003,FBA,50,6.9,False,108,True,0,
2025-12-26,SKU-1004,FBM,289,64.5,False,61,False,0,77.9
2025-12-26,SKU-1005,FBA,202,27.7,False,109,True,0,
2025-12-26,SKU-1006,FBM,85,19.0,False,89,False,0,50.0
2025-12-26,SKU-1007,FBA,358,49.2,False,15,False,0,
2025-12-26,SKU-1008,FBA,238,32.7,False,94,True,0,
2025-12-26,SKU-1009,FBM,352,78.6,False,92,True,0,75.3
2025-12-26,SKU-1010,FBA,213,29.3,False,9,False,0,
2025-12-27,SKU-1001,FBA,254,34.9,False,93,True,0,
2025-12-27,SKU-1002,FBA,0,0.0,False,111,True,0,
2025-12-27,SKU-1003,FBA,43,5.9,False,90,False,0,
2025-12-27,SKU-1004,FBM,284,63.4,False,83,False,0,61.3
2025-12-27,SKU-1005,FBA,195,26.8,False,68,False,0,
2025-12-27,SKU-1006,FBM,81,18.1,False,52,False,0,91.6
2025-12-27,SKU-1007,FBA,351,48.2,False,109,True,0,
2025-12-27,SKU-1008,FBA,231,31.7,False,86,False,0,
2025-12-27,SKU-1009,FBM,348,77.7,False,1,False,0,56.8
2025-12-27,SKU-1010,FBA,206,28.3,False,58,False,0,
2025-12-28,SKU-1001,FBA,247,33.9,False,56,False,0,
2025-12-28,SKU-1002,FBA,0,0.0,False,35,False,0,
2025-12-28,SKU-1003,FBA,35,4.8,False,105,True,0,
2025-12-28,SKU-1004,FBM,280,62.5,False,75,False,0,82.1
2025-12-28,SKU-1005,FBA,188,25.8,False,105,True,0,
2025-12-28,SKU-1006,FBM,76,17.0,False,27,False,0,99.0
2025-12-28,SKU-1007,FBA,343,47.1,False,25,False,0,
2025-12-28,SKU-1008,FBA,223,30.6,False,35,False,0,
2025-12-28,SKU-1009,FBM,343,76.6,False,93,True,0,74.8
2025-12-28,SKU-1010,FBA,199,27.3,False,124,True,0,
2025-12-29,SKU-1001,FBA,240,33.0,False,5,False,0,
2025-12-29,SKU-1002,FBA,0,0.0,False,62,False,0,
2025-12-29,SKU-1003,FBA,28,3.8,False,107,True,0,
2025-12-29,SKU-1004,FBM,276,61.6,False,23,False,0,75.2
2025-12-29,SKU-1005,FBA,181,24.9,False,109,True,0,
2025-12-29,SKU-1006,FBM,72,16.1,False,66,False,0,53.9
2025-12-29,SKU-1007,FBA,336,46.2,False,20,False,0,
2025-12-29,SKU-1008,FBA,216,29.7,False,112,True,0,
2025-12-29,SKU-1009,FBM,339,75.7,False,104,True,0,61.5
2025-12-29,SKU-1010,FBA,191,26.2,False,116,True,0,
2025-12-30,SKU-1001,FBA,233,32.0,False,82,False,0,
2025-12-30,SKU-1002,FBA,401,55.1,False,96,True,0,
2025-12-30,SKU-1003,FBA,21,2.9,False,50,False,0,
2025-12-30,SKU-1004,FBM,271,60.5,False,11,False,0,68.5
2025-12-30,SKU-1005,FBA,173,23.8,False,32,False,0,
2025-12-30,SKU-1006,FBM,67,15.0,False,28,False,0,34.6
2025-12-30,SKU-1007,FBA,329,45.2,False,4,False,0,
2025-12-30,SKU-1008,FBA,209,28.7,False,122,True,0,
2025-12-30,SKU-1009,FBM,334,74.6,False,80,False,0,83.3
2025-12-30,SKU-1010,FBA,184,25.3,False,107,True,2,
2025-12-31,SKU-1001,FBA,225,30.9,False,55,False,0,
2025-12-31,SKU-1002,FBA,394,54.1,False,94,True,0,
2025-12-31,SKU-1003,FBA,14,1.9,False,54,False,0,
2025-12-31,SKU-1004,FBM,267,59.6,False,81,False,0,71.3
2025-12-31,SKU-1005,FBA,166,22.8,False,117,True,0,
2025-12-31,SKU-1006,FBM,63,14.1,False,29,False,0,67.2
2025-12-31,SKU-1007,FBA,321,44.1,False,39,False,0,
2025-12-31,SKU-1008,FBA,202,27.7,False,55,False,0,
2025-12-31,SKU-1009,FBM,330,73.7,False,21,False,0,62.1
2025-12-31,SKU-1010,FBA,177,24.3,False,115,True,1,
